{
  "type": "FeatureCollection",
  "features": [
    {
      "type": "Feature",
      "geometry": {
        "type": "Point",
        "coordinates": [
          8.953974620560029,
          46.002963424706834
        ]
      },
      "properties": {
        "cluster_id": 9,
        "location": "parcociani",
        "label": "Helidon Xhixha's Earth sculpture",
        "description": "A large, polished stainless steel sphere with a jagged, topographical indentation that reflects the surrounding landscape of Parco Ciani and Lake Lugano.",
        "photo_path": "foto/parcociani/3222902808423116364_01.jpg",
        "cluster_size": 34
      }
    },
    {
      "type": "Feature",
      "geometry": {
        "type": "Point",
        "coordinates": [
          8.954039256421346,
          46.002967505095626
        ]
      },
      "properties": {
        "cluster_id": 9,
        "location": "parcociani",
        "label": "Helidon Xhixha's Earth sculpture",
        "description": "A large, polished stainless steel sphere with a jagged, topographical indentation that reflects the surrounding landscape of Parco Ciani and Lake Lugano.",
        "photo_path": "foto/parcociani/3499142214054216598_01.jpg",
        "cluster_size": 34
      }
    },
    {
      "type": "Feature",
      "geometry": {
        "type": "Point",
        "coordinates": [
          8.953970890448986,
          46.00294367153041
        ]
      },
      "properties": {
        "cluster_id": 9,
        "location": "parcociani",
        "label": "Helidon Xhixha's Earth sculpture",
        "description": "A large, polished stainless steel sphere with a jagged, topographical indentation that reflects the surrounding landscape of Parco Ciani and Lake Lugano.",
        "photo_path": "foto/parcociani/3701727462795198938_01.jpg",
        "cluster_size": 34
      }
    },
    {
      "type": "Feature",
      "geometry": {
        "type": "Point",
        "coordinates": [
          8.954009858531975,
          46.00299268142744
        ]
      },
      "properties": {
        "cluster_id": 9,
        "location": "parcociani",
        "label": "Helidon Xhixha's Earth sculpture",
        "description": "A large, polished stainless steel sphere with a jagged, topographical indentation that reflects the surrounding landscape of Parco Ciani and Lake Lugano.",
        "photo_path": "foto/parcociani/3489067179980372909_01.jpg",
        "cluster_size": 34
      }
    },
    {
      "type": "Feature",
      "geometry": {
        "type": "Point",
        "coordinates": [
          8.954001109347537,
          46.00293731150308
        ]
      },
      "properties": {
        "cluster_id": 9,
        "location": "parcociani",
        "label": "Helidon Xhixha's Earth sculpture",
        "description": "A large, polished stainless steel sphere with a jagged, topographical indentation that reflects the surrounding landscape of Parco Ciani and Lake Lugano.",
        "photo_path": "foto/parcociani/3339513303824304537_01.jpg",
        "cluster_size": 34
      }
    },
    {
      "type": "Feature",
      "geometry": {
        "type": "Point",
        "coordinates": [
          8.953961879883447,
          46.00293747519749
        ]
      },
      "properties": {
        "cluster_id": 9,
        "location": "parcociani",
        "label": "Helidon Xhixha's Earth sculpture",
        "description": "A large, polished stainless steel sphere with a jagged, topographical indentation that reflects the surrounding landscape of Parco Ciani and Lake Lugano.",
        "photo_path": "foto/parcociani/3279354167166130377_01.jpg",
        "cluster_size": 34
      }
    },
    {
      "type": "Feature",
      "geometry": {
        "type": "Point",
        "coordinates": [
          8.953905560132748,
          46.00295653952085
        ]
      },
      "properties": {
        "cluster_id": 9,
        "location": "parcociani",
        "label": "Helidon Xhixha's Earth sculpture",
        "description": "A large, polished stainless steel sphere with a jagged, topographical indentation that reflects the surrounding landscape of Parco Ciani and Lake Lugano.",
        "photo_path": "foto/parcociani/3242425931862826220_01.jpg",
        "cluster_size": 34
      }
    },
    {
      "type": "Feature",
      "geometry": {
        "type": "Point",
        "coordinates": [
          8.95395812311649,
          46.00290338059912
        ]
      },
      "properties": {
        "cluster_id": 9,
        "location": "parcociani",
        "label": "Helidon Xhixha's Earth sculpture",
        "description": "A large, polished stainless steel sphere with a jagged, topographical indentation that reflects the surrounding landscape of Parco Ciani and Lake Lugano.",
        "photo_path": "foto/parcociani/3533836799563898642_01.jpg",
        "cluster_size": 34
      }
    },
    {
      "type": "Feature",
      "geometry": {
        "type": "Point",
        "coordinates": [
          8.953992226400073,
          46.002922626185935
        ]
      },
      "properties": {
        "cluster_id": 9,
        "location": "parcociani",
        "label": "Helidon Xhixha's Earth sculpture",
        "description": "A large, polished stainless steel sphere with a jagged, topographical indentation that reflects the surrounding landscape of Parco Ciani and Lake Lugano.",
        "photo_path": "foto/parcociani/3222902808423116364_01.jpg",
        "cluster_size": 34
      }
    },
    {
      "type": "Feature",
      "geometry": {
        "type": "Point",
        "coordinates": [
          8.953925051593805,
          46.00292545880877
        ]
      },
      "properties": {
        "cluster_id": 9,
        "location": "parcociani",
        "label": "Helidon Xhixha's Earth sculpture",
        "description": "A large, polished stainless steel sphere with a jagged, topographical indentation that reflects the surrounding landscape of Parco Ciani and Lake Lugano.",
        "photo_path": "foto/parcociani/3499142214054216598_01.jpg",
        "cluster_size": 34
      }
    },
    {
      "type": "Feature",
      "geometry": {
        "type": "Point",
        "coordinates": [
          8.95397121573649,
          46.002989612128886
        ]
      },
      "properties": {
        "cluster_id": 9,
        "location": "parcociani",
        "label": "Helidon Xhixha's Earth sculpture",
        "description": "A large, polished stainless steel sphere with a jagged, topographical indentation that reflects the surrounding landscape of Parco Ciani and Lake Lugano.",
        "photo_path": "foto/parcociani/3701727462795198938_01.jpg",
        "cluster_size": 34
      }
    },
    {
      "type": "Feature",
      "geometry": {
        "type": "Point",
        "coordinates": [
          8.95392456741706,
          46.00295182508661
        ]
      },
      "properties": {
        "cluster_id": 9,
        "location": "parcociani",
        "label": "Helidon Xhixha's Earth sculpture",
        "description": "A large, polished stainless steel sphere with a jagged, topographical indentation that reflects the surrounding landscape of Parco Ciani and Lake Lugano.",
        "photo_path": "foto/parcociani/3489067179980372909_01.jpg",
        "cluster_size": 34
      }
    },
    {
      "type": "Feature",
      "geometry": {
        "type": "Point",
        "coordinates": [
          8.953984315657822,
          46.00293528695339
        ]
      },
      "properties": {
        "cluster_id": 9,
        "location": "parcociani",
        "label": "Helidon Xhixha's Earth sculpture",
        "description": "A large, polished stainless steel sphere with a jagged, topographical indentation that reflects the surrounding landscape of Parco Ciani and Lake Lugano.",
        "photo_path": "foto/parcociani/3339513303824304537_01.jpg",
        "cluster_size": 34
      }
    },
    {
      "type": "Feature",
      "geometry": {
        "type": "Point",
        "coordinates": [
          8.953994617257816,
          46.00291889206547
        ]
      },
      "properties": {
        "cluster_id": 9,
        "location": "parcociani",
        "label": "Helidon Xhixha's Earth sculpture",
        "description": "A large, polished stainless steel sphere with a jagged, topographical indentation that reflects the surrounding landscape of Parco Ciani and Lake Lugano.",
        "photo_path": "foto/parcociani/3279354167166130377_01.jpg",
        "cluster_size": 34
      }
    },
    {
      "type": "Feature",
      "geometry": {
        "type": "Point",
        "coordinates": [
          8.953968651090673,
          46.00293376652189
        ]
      },
      "properties": {
        "cluster_id": 9,
        "location": "parcociani",
        "label": "Helidon Xhixha's Earth sculpture",
        "description": "A large, polished stainless steel sphere with a jagged, topographical indentation that reflects the surrounding landscape of Parco Ciani and Lake Lugano.",
        "photo_path": "foto/parcociani/3242425931862826220_01.jpg",
        "cluster_size": 34
      }
    },
    {
      "type": "Feature",
      "geometry": {
        "type": "Point",
        "coordinates": [
          8.954052066464154,
          46.00293373765913
        ]
      },
      "properties": {
        "cluster_id": 9,
        "location": "parcociani",
        "label": "Helidon Xhixha's Earth sculpture",
        "description": "A large, polished stainless steel sphere with a jagged, topographical indentation that reflects the surrounding landscape of Parco Ciani and Lake Lugano.",
        "photo_path": "foto/parcociani/3533836799563898642_01.jpg",
        "cluster_size": 34
      }
    },
    {
      "type": "Feature",
      "geometry": {
        "type": "Point",
        "coordinates": [
          8.953938847711221,
          46.00294963521014
        ]
      },
      "properties": {
        "cluster_id": 9,
        "location": "parcociani",
        "label": "Helidon Xhixha's Earth sculpture",
        "description": "A large, polished stainless steel sphere with a jagged, topographical indentation that reflects the surrounding landscape of Parco Ciani and Lake Lugano.",
        "photo_path": "foto/parcociani/3222902808423116364_01.jpg",
        "cluster_size": 34
      }
    },
    {
      "type": "Feature",
      "geometry": {
        "type": "Point",
        "coordinates": [
          8.953932500717292,
          46.00297223094357
        ]
      },
      "properties": {
        "cluster_id": 9,
        "location": "parcociani",
        "label": "Helidon Xhixha's Earth sculpture",
        "description": "A large, polished stainless steel sphere with a jagged, topographical indentation that reflects the surrounding landscape of Parco Ciani and Lake Lugano.",
        "photo_path": "foto/parcociani/3499142214054216598_01.jpg",
        "cluster_size": 34
      }
    },
    {
      "type": "Feature",
      "geometry": {
        "type": "Point",
        "coordinates": [
          8.9539037552448,
          46.00295564496203
        ]
      },
      "properties": {
        "cluster_id": 9,
        "location": "parcociani",
        "label": "Helidon Xhixha's Earth sculpture",
        "description": "A large, polished stainless steel sphere with a jagged, topographical indentation that reflects the surrounding landscape of Parco Ciani and Lake Lugano.",
        "photo_path": "foto/parcociani/3701727462795198938_01.jpg",
        "cluster_size": 34
      }
    },
    {
      "type": "Feature",
      "geometry": {
        "type": "Point",
        "coordinates": [
          8.953987659267012,
          46.00291410307976
        ]
      },
      "properties": {
        "cluster_id": 9,
        "location": "parcociani",
        "label": "Helidon Xhixha's Earth sculpture",
        "description": "A large, polished stainless steel sphere with a jagged, topographical indentation that reflects the surrounding landscape of Parco Ciani and Lake Lugano.",
        "photo_path": "foto/parcociani/3489067179980372909_01.jpg",
        "cluster_size": 34
      }
    },
    {
      "type": "Feature",
      "geometry": {
        "type": "Point",
        "coordinates": [
          8.95398666741432,
          46.002969958556214
        ]
      },
      "properties": {
        "cluster_id": 9,
        "location": "parcociani",
        "label": "Helidon Xhixha's Earth sculpture",
        "description": "A large, polished stainless steel sphere with a jagged, topographical indentation that reflects the surrounding landscape of Parco Ciani and Lake Lugano.",
        "photo_path": "foto/parcociani/3339513303824304537_01.jpg",
        "cluster_size": 34
      }
    },
    {
      "type": "Feature",
      "geometry": {
        "type": "Point",
        "coordinates": [
          8.953968284978538,
          46.00294687437074
        ]
      },
      "properties": {
        "cluster_id": 9,
        "location": "parcociani",
        "label": "Helidon Xhixha's Earth sculpture",
        "description": "A large, polished stainless steel sphere with a jagged, topographical indentation that reflects the surrounding landscape of Parco Ciani and Lake Lugano.",
        "photo_path": "foto/parcociani/3279354167166130377_01.jpg",
        "cluster_size": 34
      }
    },
    {
      "type": "Feature",
      "geometry": {
        "type": "Point",
        "coordinates": [
          8.95395199306925,
          46.00291003994621
        ]
      },
      "properties": {
        "cluster_id": 9,
        "location": "parcociani",
        "label": "Helidon Xhixha's Earth sculpture",
        "description": "A large, polished stainless steel sphere with a jagged, topographical indentation that reflects the surrounding landscape of Parco Ciani and Lake Lugano.",
        "photo_path": "foto/parcociani/3242425931862826220_01.jpg",
        "cluster_size": 34
      }
    },
    {
      "type": "Feature",
      "geometry": {
        "type": "Point",
        "coordinates": [
          8.95402112938416,
          46.002937550303486
        ]
      },
      "properties": {
        "cluster_id": 9,
        "location": "parcociani",
        "label": "Helidon Xhixha's Earth sculpture",
        "description": "A large, polished stainless steel sphere with a jagged, topographical indentation that reflects the surrounding landscape of Parco Ciani and Lake Lugano.",
        "photo_path": "foto/parcociani/3533836799563898642_01.jpg",
        "cluster_size": 34
      }
    },
    {
      "type": "Feature",
      "geometry": {
        "type": "Point",
        "coordinates": [
          8.953911405513912,
          46.0029592869808
        ]
      },
      "properties": {
        "cluster_id": 9,
        "location": "parcociani",
        "label": "Helidon Xhixha's Earth sculpture",
        "description": "A large, polished stainless steel sphere with a jagged, topographical indentation that reflects the surrounding landscape of Parco Ciani and Lake Lugano.",
        "photo_path": "foto/parcociani/3222902808423116364_01.jpg",
        "cluster_size": 34
      }
    },
    {
      "type": "Feature",
      "geometry": {
        "type": "Point",
        "coordinates": [
          8.953965017629322,
          46.0029587590262
        ]
      },
      "properties": {
        "cluster_id": 9,
        "location": "parcociani",
        "label": "Helidon Xhixha's Earth sculpture",
        "description": "A large, polished stainless steel sphere with a jagged, topographical indentation that reflects the surrounding landscape of Parco Ciani and Lake Lugano.",
        "photo_path": "foto/parcociani/3499142214054216598_01.jpg",
        "cluster_size": 34
      }
    },
    {
      "type": "Feature",
      "geometry": {
        "type": "Point",
        "coordinates": [
          8.954003798448696,
          46.0029317048108
        ]
      },
      "properties": {
        "cluster_id": 9,
        "location": "parcociani",
        "label": "Helidon Xhixha's Earth sculpture",
        "description": "A large, polished stainless steel sphere with a jagged, topographical indentation that reflects the surrounding landscape of Parco Ciani and Lake Lugano.",
        "photo_path": "foto/parcociani/3701727462795198938_01.jpg",
        "cluster_size": 34
      }
    },
    {
      "type": "Feature",
      "geometry": {
        "type": "Point",
        "coordinates": [
          8.954016233253666,
          46.00297786485196
        ]
      },
      "properties": {
        "cluster_id": 9,
        "location": "parcociani",
        "label": "Helidon Xhixha's Earth sculpture",
        "description": "A large, polished stainless steel sphere with a jagged, topographical indentation that reflects the surrounding landscape of Parco Ciani and Lake Lugano.",
        "photo_path": "foto/parcociani/3489067179980372909_01.jpg",
        "cluster_size": 34
      }
    },
    {
      "type": "Feature",
      "geometry": {
        "type": "Point",
        "coordinates": [
          8.953967969494654,
          46.002927318445316
        ]
      },
      "properties": {
        "cluster_id": 9,
        "location": "parcociani",
        "label": "Helidon Xhixha's Earth sculpture",
        "description": "A large, polished stainless steel sphere with a jagged, topographical indentation that reflects the surrounding landscape of Parco Ciani and Lake Lugano.",
        "photo_path": "foto/parcociani/3339513303824304537_01.jpg",
        "cluster_size": 34
      }
    },
    {
      "type": "Feature",
      "geometry": {
        "type": "Point",
        "coordinates": [
          8.95401795546939,
          46.002958953065715
        ]
      },
      "properties": {
        "cluster_id": 9,
        "location": "parcociani",
        "label": "Helidon Xhixha's Earth sculpture",
        "description": "A large, polished stainless steel sphere with a jagged, topographical indentation that reflects the surrounding landscape of Parco Ciani and Lake Lugano.",
        "photo_path": "foto/parcociani/3279354167166130377_01.jpg",
        "cluster_size": 34
      }
    },
    {
      "type": "Feature",
      "geometry": {
        "type": "Point",
        "coordinates": [
          8.95397277657854,
          46.00293704934492
        ]
      },
      "properties": {
        "cluster_id": 9,
        "location": "parcociani",
        "label": "Helidon Xhixha's Earth sculpture",
        "description": "A large, polished stainless steel sphere with a jagged, topographical indentation that reflects the surrounding landscape of Parco Ciani and Lake Lugano.",
        "photo_path": "foto/parcociani/3242425931862826220_01.jpg",
        "cluster_size": 34
      }
    },
    {
      "type": "Feature",
      "geometry": {
        "type": "Point",
        "coordinates": [
          8.95393345926842,
          46.002920099054755
        ]
      },
      "properties": {
        "cluster_id": 9,
        "location": "parcociani",
        "label": "Helidon Xhixha's Earth sculpture",
        "description": "A large, polished stainless steel sphere with a jagged, topographical indentation that reflects the surrounding landscape of Parco Ciani and Lake Lugano.",
        "photo_path": "foto/parcociani/3533836799563898642_01.jpg",
        "cluster_size": 34
      }
    },
    {
      "type": "Feature",
      "geometry": {
        "type": "Point",
        "coordinates": [
          8.954032767140605,
          46.00297196015736
        ]
      },
      "properties": {
        "cluster_id": 9,
        "location": "parcociani",
        "label": "Helidon Xhixha's Earth sculpture",
        "description": "A large, polished stainless steel sphere with a jagged, topographical indentation that reflects the surrounding landscape of Parco Ciani and Lake Lugano.",
        "photo_path": "foto/parcociani/3222902808423116364_01.jpg",
        "cluster_size": 34
      }
    },
    {
      "type": "Feature",
      "geometry": {
        "type": "Point",
        "coordinates": [
          8.954019044387726,
          46.00294805378049
        ]
      },
      "properties": {
        "cluster_id": 9,
        "location": "parcociani",
        "label": "Helidon Xhixha's Earth sculpture",
        "description": "A large, polished stainless steel sphere with a jagged, topographical indentation that reflects the surrounding landscape of Parco Ciani and Lake Lugano.",
        "photo_path": "foto/parcociani/3499142214054216598_01.jpg",
        "cluster_size": 34
      }
    },
    {
      "type": "Feature",
      "geometry": {
        "type": "Point",
        "coordinates": [
          8.953773266912403,
          46.003426515964414
        ]
      },
      "properties": {
        "cluster_id": 3,
        "location": "parcociani",
        "label": "LongLake Festival live concerts",
        "description": "Musical performances and concerts on outdoor stages featuring various artists during the annual LongLake Festival in Parco Ciani.",
        "photo_path": "foto/parcociani/3221292500092656884_01.jpg",
        "cluster_size": 18
      }
    },
    {
      "type": "Feature",
      "geometry": {
        "type": "Point",
        "coordinates": [
          8.953829893524277,
          46.00342651163253
        ]
      },
      "properties": {
        "cluster_id": 3,
        "location": "parcociani",
        "label": "LongLake Festival live concerts",
        "description": "Musical performances and concerts on outdoor stages featuring various artists during the annual LongLake Festival in Parco Ciani.",
        "photo_path": "foto/parcociani/3221292509384789008_01.jpg",
        "cluster_size": 18
      }
    },
    {
      "type": "Feature",
      "geometry": {
        "type": "Point",
        "coordinates": [
          8.953830583657782,
          46.00341935448578
        ]
      },
      "properties": {
        "cluster_id": 3,
        "location": "parcociani",
        "label": "LongLake Festival live concerts",
        "description": "Musical performances and concerts on outdoor stages featuring various artists during the annual LongLake Festival in Parco Ciani.",
        "photo_path": "foto/parcociani/3410011700281693574_01.jpg",
        "cluster_size": 18
      }
    },
    {
      "type": "Feature",
      "geometry": {
        "type": "Point",
        "coordinates": [
          8.953811318470722,
          46.00337279738551
        ]
      },
      "properties": {
        "cluster_id": 3,
        "location": "parcociani",
        "label": "LongLake Festival live concerts",
        "description": "Musical performances and concerts on outdoor stages featuring various artists during the annual LongLake Festival in Parco Ciani.",
        "photo_path": "foto/parcociani/3680436863592719710_01.jpg",
        "cluster_size": 18
      }
    },
    {
      "type": "Feature",
      "geometry": {
        "type": "Point",
        "coordinates": [
          8.953782244360598,
          46.00342156841564
        ]
      },
      "properties": {
        "cluster_id": 3,
        "location": "parcociani",
        "label": "LongLake Festival live concerts",
        "description": "Musical performances and concerts on outdoor stages featuring various artists during the annual LongLake Festival in Parco Ciani.",
        "photo_path": "foto/parcociani/3747443264417805218_01.jpg",
        "cluster_size": 18
      }
    },
    {
      "type": "Feature",
      "geometry": {
        "type": "Point",
        "coordinates": [
          8.953738446525604,
          46.003421653347324
        ]
      },
      "properties": {
        "cluster_id": 3,
        "location": "parcociani",
        "label": "LongLake Festival live concerts",
        "description": "Musical performances and concerts on outdoor stages featuring various artists during the annual LongLake Festival in Parco Ciani.",
        "photo_path": "foto/parcociani/3221292550391508982_01.jpg",
        "cluster_size": 18
      }
    },
    {
      "type": "Feature",
      "geometry": {
        "type": "Point",
        "coordinates": [
          8.953799262770048,
          46.003416041947965
        ]
      },
      "properties": {
        "cluster_id": 3,
        "location": "parcociani",
        "label": "LongLake Festival live concerts",
        "description": "Musical performances and concerts on outdoor stages featuring various artists during the annual LongLake Festival in Parco Ciani.",
        "photo_path": "foto/parcociani/3721659663377772847_01.jpg",
        "cluster_size": 18
      }
    },
    {
      "type": "Feature",
      "geometry": {
        "type": "Point",
        "coordinates": [
          8.953776557130054,
          46.00344662872153
        ]
      },
      "properties": {
        "cluster_id": 3,
        "location": "parcociani",
        "label": "LongLake Festival live concerts",
        "description": "Musical performances and concerts on outdoor stages featuring various artists during the annual LongLake Festival in Parco Ciani.",
        "photo_path": "foto/parcociani/3219843156945556069_01.jpg",
        "cluster_size": 18
      }
    },
    {
      "type": "Feature",
      "geometry": {
        "type": "Point",
        "coordinates": [
          8.953776985448046,
          46.003405432547694
        ]
      },
      "properties": {
        "cluster_id": 3,
        "location": "parcociani",
        "label": "LongLake Festival live concerts",
        "description": "Musical performances and concerts on outdoor stages featuring various artists during the annual LongLake Festival in Parco Ciani.",
        "photo_path": "foto/parcociani/3221292500092656884_01.jpg",
        "cluster_size": 18
      }
    },
    {
      "type": "Feature",
      "geometry": {
        "type": "Point",
        "coordinates": [
          8.953798527131708,
          46.00343649373185
        ]
      },
      "properties": {
        "cluster_id": 3,
        "location": "parcociani",
        "label": "LongLake Festival live concerts",
        "description": "Musical performances and concerts on outdoor stages featuring various artists during the annual LongLake Festival in Parco Ciani.",
        "photo_path": "foto/parcociani/3221292509384789008_01.jpg",
        "cluster_size": 18
      }
    },
    {
      "type": "Feature",
      "geometry": {
        "type": "Point",
        "coordinates": [
          8.953803313107926,
          46.0034104547711
        ]
      },
      "properties": {
        "cluster_id": 3,
        "location": "parcociani",
        "label": "LongLake Festival live concerts",
        "description": "Musical performances and concerts on outdoor stages featuring various artists during the annual LongLake Festival in Parco Ciani.",
        "photo_path": "foto/parcociani/3410011700281693574_01.jpg",
        "cluster_size": 18
      }
    },
    {
      "type": "Feature",
      "geometry": {
        "type": "Point",
        "coordinates": [
          8.953815124670824,
          46.00342174914503
        ]
      },
      "properties": {
        "cluster_id": 3,
        "location": "parcociani",
        "label": "LongLake Festival live concerts",
        "description": "Musical performances and concerts on outdoor stages featuring various artists during the annual LongLake Festival in Parco Ciani.",
        "photo_path": "foto/parcociani/3680436863592719710_01.jpg",
        "cluster_size": 18
      }
    },
    {
      "type": "Feature",
      "geometry": {
        "type": "Point",
        "coordinates": [
          8.953781501113767,
          46.0034073503947
        ]
      },
      "properties": {
        "cluster_id": 3,
        "location": "parcociani",
        "label": "LongLake Festival live concerts",
        "description": "Musical performances and concerts on outdoor stages featuring various artists during the annual LongLake Festival in Parco Ciani.",
        "photo_path": "foto/parcociani/3747443264417805218_01.jpg",
        "cluster_size": 18
      }
    },
    {
      "type": "Feature",
      "geometry": {
        "type": "Point",
        "coordinates": [
          8.953752039414153,
          46.00341293498823
        ]
      },
      "properties": {
        "cluster_id": 3,
        "location": "parcociani",
        "label": "LongLake Festival live concerts",
        "description": "Musical performances and concerts on outdoor stages featuring various artists during the annual LongLake Festival in Parco Ciani.",
        "photo_path": "foto/parcociani/3221292550391508982_01.jpg",
        "cluster_size": 18
      }
    },
    {
      "type": "Feature",
      "geometry": {
        "type": "Point",
        "coordinates": [
          8.953796771240077,
          46.00342533550049
        ]
      },
      "properties": {
        "cluster_id": 3,
        "location": "parcociani",
        "label": "LongLake Festival live concerts",
        "description": "Musical performances and concerts on outdoor stages featuring various artists during the annual LongLake Festival in Parco Ciani.",
        "photo_path": "foto/parcociani/3721659663377772847_01.jpg",
        "cluster_size": 18
      }
    },
    {
      "type": "Feature",
      "geometry": {
        "type": "Point",
        "coordinates": [
          8.953783915289334,
          46.003420092134355
        ]
      },
      "properties": {
        "cluster_id": 3,
        "location": "parcociani",
        "label": "LongLake Festival live concerts",
        "description": "Musical performances and concerts on outdoor stages featuring various artists during the annual LongLake Festival in Parco Ciani.",
        "photo_path": "foto/parcociani/3219843156945556069_01.jpg",
        "cluster_size": 18
      }
    },
    {
      "type": "Feature",
      "geometry": {
        "type": "Point",
        "coordinates": [
          8.953779089320266,
          46.003394497824466
        ]
      },
      "properties": {
        "cluster_id": 3,
        "location": "parcociani",
        "label": "LongLake Festival live concerts",
        "description": "Musical performances and concerts on outdoor stages featuring various artists during the annual LongLake Festival in Parco Ciani.",
        "photo_path": "foto/parcociani/3221292500092656884_01.jpg",
        "cluster_size": 18
      }
    },
    {
      "type": "Feature",
      "geometry": {
        "type": "Point",
        "coordinates": [
          8.953769190567757,
          46.003413824963665
        ]
      },
      "properties": {
        "cluster_id": 3,
        "location": "parcociani",
        "label": "LongLake Festival live concerts",
        "description": "Musical performances and concerts on outdoor stages featuring various artists during the annual LongLake Festival in Parco Ciani.",
        "photo_path": "foto/parcociani/3221292509384789008_01.jpg",
        "cluster_size": 18
      }
    },
    {
      "type": "Feature",
      "geometry": {
        "type": "Point",
        "coordinates": [
          8.95467860189909,
          46.00405820463356
        ]
      },
      "properties": {
        "cluster_id": 0,
        "location": "parcociani",
        "label": "Outdoor community painting workshop",
        "description": "A group of people is shown collaborating on a large-scale painting activity spread across long tables in a park setting.",
        "photo_path": "foto/parcociani/3188069137091359902_01.jpg",
        "cluster_size": 17
      }
    },
    {
      "type": "Feature",
      "geometry": {
        "type": "Point",
        "coordinates": [
          8.954633961436775,
          46.00433488998665
        ]
      },
      "properties": {
        "cluster_id": 0,
        "location": "parcociani",
        "label": "Outdoor community painting workshop",
        "description": "A group of people is shown collaborating on a large-scale painting activity spread across long tables in a park setting.",
        "photo_path": "foto/parcociani/3188069086474453750_01.jpg",
        "cluster_size": 17
      }
    },
    {
      "type": "Feature",
      "geometry": {
        "type": "Point",
        "coordinates": [
          8.954585517688528,
          46.004114804106855
        ]
      },
      "properties": {
        "cluster_id": 0,
        "location": "parcociani",
        "label": "Outdoor community painting workshop",
        "description": "A group of people is shown collaborating on a large-scale painting activity spread across long tables in a park setting.",
        "photo_path": "foto/parcociani/3188069138878151323_01.jpg",
        "cluster_size": 17
      }
    },
    {
      "type": "Feature",
      "geometry": {
        "type": "Point",
        "coordinates": [
          8.954594842132055,
          46.00382070659253
        ]
      },
      "properties": {
        "cluster_id": 0,
        "location": "parcociani",
        "label": "Outdoor community painting workshop",
        "description": "A group of people is shown collaborating on a large-scale painting activity spread across long tables in a park setting.",
        "photo_path": "foto/parcociani/3194617057542276940_01.jpg",
        "cluster_size": 17
      }
    },
    {
      "type": "Feature",
      "geometry": {
        "type": "Point",
        "coordinates": [
          8.955079185985365,
          46.004088139217565
        ]
      },
      "properties": {
        "cluster_id": 0,
        "location": "parcociani",
        "label": "Outdoor community painting workshop",
        "description": "A group of people is shown collaborating on a large-scale painting activity spread across long tables in a park setting.",
        "photo_path": "foto/parcociani/3188222436889163144_01.jpg",
        "cluster_size": 17
      }
    },
    {
      "type": "Feature",
      "geometry": {
        "type": "Point",
        "coordinates": [
          8.954658661411981,
          46.00405400527503
        ]
      },
      "properties": {
        "cluster_id": 0,
        "location": "parcociani",
        "label": "Outdoor community painting workshop",
        "description": "A group of people is shown collaborating on a large-scale painting activity spread across long tables in a park setting.",
        "photo_path": "foto/parcociani/3188222484955834313_01.jpg",
        "cluster_size": 17
      }
    },
    {
      "type": "Feature",
      "geometry": {
        "type": "Point",
        "coordinates": [
          8.954372651606516,
          46.00407530922031
        ]
      },
      "properties": {
        "cluster_id": 0,
        "location": "parcociani",
        "label": "Outdoor community painting workshop",
        "description": "A group of people is shown collaborating on a large-scale painting activity spread across long tables in a park setting.",
        "photo_path": "foto/parcociani/3188222486398679267_01.jpg",
        "cluster_size": 17
      }
    },
    {
      "type": "Feature",
      "geometry": {
        "type": "Point",
        "coordinates": [
          8.954746277042508,
          46.00423443551548
        ]
      },
      "properties": {
        "cluster_id": 0,
        "location": "parcociani",
        "label": "Outdoor community painting workshop",
        "description": "A group of people is shown collaborating on a large-scale painting activity spread across long tables in a park setting.",
        "photo_path": "foto/parcociani/3656485416782391791_01.jpg",
        "cluster_size": 17
      }
    },
    {
      "type": "Feature",
      "geometry": {
        "type": "Point",
        "coordinates": [
          8.954423092613837,
          46.00418689620906
        ]
      },
      "properties": {
        "cluster_id": 0,
        "location": "parcociani",
        "label": "Outdoor community painting workshop",
        "description": "A group of people is shown collaborating on a large-scale painting activity spread across long tables in a park setting.",
        "photo_path": "foto/parcociani/3188069137091359902_01.jpg",
        "cluster_size": 17
      }
    },
    {
      "type": "Feature",
      "geometry": {
        "type": "Point",
        "coordinates": [
          8.95432729136959,
          46.004269566798776
        ]
      },
      "properties": {
        "cluster_id": 0,
        "location": "parcociani",
        "label": "Outdoor community painting workshop",
        "description": "A group of people is shown collaborating on a large-scale painting activity spread across long tables in a park setting.",
        "photo_path": "foto/parcociani/3188069086474453750_01.jpg",
        "cluster_size": 17
      }
    },
    {
      "type": "Feature",
      "geometry": {
        "type": "Point",
        "coordinates": [
          8.955026119556877,
          46.00415930501268
        ]
      },
      "properties": {
        "cluster_id": 0,
        "location": "parcociani",
        "label": "Outdoor community painting workshop",
        "description": "A group of people is shown collaborating on a large-scale painting activity spread across long tables in a park setting.",
        "photo_path": "foto/parcociani/3188069138878151323_01.jpg",
        "cluster_size": 17
      }
    },
    {
      "type": "Feature",
      "geometry": {
        "type": "Point",
        "coordinates": [
          8.954489835459455,
          46.003946143739846
        ]
      },
      "properties": {
        "cluster_id": 0,
        "location": "parcociani",
        "label": "Outdoor community painting workshop",
        "description": "A group of people is shown collaborating on a large-scale painting activity spread across long tables in a park setting.",
        "photo_path": "foto/parcociani/3194617057542276940_01.jpg",
        "cluster_size": 17
      }
    },
    {
      "type": "Feature",
      "geometry": {
        "type": "Point",
        "coordinates": [
          8.954502056531023,
          46.00409346640069
        ]
      },
      "properties": {
        "cluster_id": 0,
        "location": "parcociani",
        "label": "Outdoor community painting workshop",
        "description": "A group of people is shown collaborating on a large-scale painting activity spread across long tables in a park setting.",
        "photo_path": "foto/parcociani/3188222436889163144_01.jpg",
        "cluster_size": 17
      }
    },
    {
      "type": "Feature",
      "geometry": {
        "type": "Point",
        "coordinates": [
          8.954613337875507,
          46.003870450887696
        ]
      },
      "properties": {
        "cluster_id": 0,
        "location": "parcociani",
        "label": "Outdoor community painting workshop",
        "description": "A group of people is shown collaborating on a large-scale painting activity spread across long tables in a park setting.",
        "photo_path": "foto/parcociani/3188222484955834313_01.jpg",
        "cluster_size": 17
      }
    },
    {
      "type": "Feature",
      "geometry": {
        "type": "Point",
        "coordinates": [
          8.954692130146032,
          46.00393644544409
        ]
      },
      "properties": {
        "cluster_id": 0,
        "location": "parcociani",
        "label": "Outdoor community painting workshop",
        "description": "A group of people is shown collaborating on a large-scale painting activity spread across long tables in a park setting.",
        "photo_path": "foto/parcociani/3188222486398679267_01.jpg",
        "cluster_size": 17
      }
    },
    {
      "type": "Feature",
      "geometry": {
        "type": "Point",
        "coordinates": [
          8.954901515974152,
          46.00395575348186
        ]
      },
      "properties": {
        "cluster_id": 0,
        "location": "parcociani",
        "label": "Outdoor community painting workshop",
        "description": "A group of people is shown collaborating on a large-scale painting activity spread across long tables in a park setting.",
        "photo_path": "foto/parcociani/3656485416782391791_01.jpg",
        "cluster_size": 17
      }
    },
    {
      "type": "Feature",
      "geometry": {
        "type": "Point",
        "coordinates": [
          8.954537347870025,
          46.003974154960495
        ]
      },
      "properties": {
        "cluster_id": 0,
        "location": "parcociani",
        "label": "Outdoor community painting workshop",
        "description": "A group of people is shown collaborating on a large-scale painting activity spread across long tables in a park setting.",
        "photo_path": "foto/parcociani/3188069137091359902_01.jpg",
        "cluster_size": 17
      }
    },
    {
      "type": "Feature",
      "geometry": {
        "type": "Point",
        "coordinates": [
          8.954180923699074,
          46.00275322459851
        ]
      },
      "properties": {
        "cluster_id": 8,
        "location": "parcociani",
        "label": "Villa Ciani in Parco Ciani",
        "description": "A neoclassical peach-colored villa featuring a distinctive green-domed cupola and symmetrical facade, located within the Parco Ciani in Lugano.",
        "photo_path": "foto/parcociani/3331041712267373582_01.jpg",
        "cluster_size": 13
      }
    },
    {
      "type": "Feature",
      "geometry": {
        "type": "Point",
        "coordinates": [
          8.955003807635169,
          46.002621229715
        ]
      },
      "properties": {
        "cluster_id": 8,
        "location": "parcociani",
        "label": "Villa Ciani in Parco Ciani",
        "description": "A neoclassical peach-colored villa featuring a distinctive green-domed cupola and symmetrical facade, located within the Parco Ciani in Lugano.",
        "photo_path": "foto/parcociani/3432084782714034658_01.jpg",
        "cluster_size": 13
      }
    },
    {
      "type": "Feature",
      "geometry": {
        "type": "Point",
        "coordinates": [
          8.95463986281047,
          46.00220795422645
        ]
      },
      "properties": {
        "cluster_id": 8,
        "location": "parcociani",
        "label": "Villa Ciani in Parco Ciani",
        "description": "A neoclassical peach-colored villa featuring a distinctive green-domed cupola and symmetrical facade, located within the Parco Ciani in Lugano.",
        "photo_path": "foto/parcociani/3188968785644351915_01.jpg",
        "cluster_size": 13
      }
    },
    {
      "type": "Feature",
      "geometry": {
        "type": "Point",
        "coordinates": [
          8.954833486087363,
          46.00262853216086
        ]
      },
      "properties": {
        "cluster_id": 8,
        "location": "parcociani",
        "label": "Villa Ciani in Parco Ciani",
        "description": "A neoclassical peach-colored villa featuring a distinctive green-domed cupola and symmetrical facade, located within the Parco Ciani in Lugano.",
        "photo_path": "foto/parcociani/3556047113524719498_01.jpg",
        "cluster_size": 13
      }
    },
    {
      "type": "Feature",
      "geometry": {
        "type": "Point",
        "coordinates": [
          8.954151875686339,
          46.00229140749755
        ]
      },
      "properties": {
        "cluster_id": 8,
        "location": "parcociani",
        "label": "Villa Ciani in Parco Ciani",
        "description": "A neoclassical peach-colored villa featuring a distinctive green-domed cupola and symmetrical facade, located within the Parco Ciani in Lugano.",
        "photo_path": "foto/parcociani/3683901254165227127_01.jpg",
        "cluster_size": 13
      }
    },
    {
      "type": "Feature",
      "geometry": {
        "type": "Point",
        "coordinates": [
          8.954676289691108,
          46.00268755440667
        ]
      },
      "properties": {
        "cluster_id": 8,
        "location": "parcociani",
        "label": "Villa Ciani in Parco Ciani",
        "description": "A neoclassical peach-colored villa featuring a distinctive green-domed cupola and symmetrical facade, located within the Parco Ciani in Lugano.",
        "photo_path": "foto/parcociani/3699156068298001429_01.jpg",
        "cluster_size": 13
      }
    },
    {
      "type": "Feature",
      "geometry": {
        "type": "Point",
        "coordinates": [
          8.954692326978744,
          46.00262641730863
        ]
      },
      "properties": {
        "cluster_id": 8,
        "location": "parcociani",
        "label": "Villa Ciani in Parco Ciani",
        "description": "A neoclassical peach-colored villa featuring a distinctive green-domed cupola and symmetrical facade, located within the Parco Ciani in Lugano.",
        "photo_path": "foto/parcociani/3683276848305856038_01.jpg",
        "cluster_size": 13
      }
    },
    {
      "type": "Feature",
      "geometry": {
        "type": "Point",
        "coordinates": [
          8.95465530232626,
          46.00241684127892
        ]
      },
      "properties": {
        "cluster_id": 8,
        "location": "parcociani",
        "label": "Villa Ciani in Parco Ciani",
        "description": "A neoclassical peach-colored villa featuring a distinctive green-domed cupola and symmetrical facade, located within the Parco Ciani in Lugano.",
        "photo_path": "foto/parcociani/3440082837686609778_01.jpg",
        "cluster_size": 13
      }
    },
    {
      "type": "Feature",
      "geometry": {
        "type": "Point",
        "coordinates": [
          8.95434838980734,
          46.002636007313804
        ]
      },
      "properties": {
        "cluster_id": 8,
        "location": "parcociani",
        "label": "Villa Ciani in Parco Ciani",
        "description": "A neoclassical peach-colored villa featuring a distinctive green-domed cupola and symmetrical facade, located within the Parco Ciani in Lugano.",
        "photo_path": "foto/parcociani/3331041712267373582_01.jpg",
        "cluster_size": 13
      }
    },
    {
      "type": "Feature",
      "geometry": {
        "type": "Point",
        "coordinates": [
          8.954733628216214,
          46.00299021948449
        ]
      },
      "properties": {
        "cluster_id": 8,
        "location": "parcociani",
        "label": "Villa Ciani in Parco Ciani",
        "description": "A neoclassical peach-colored villa featuring a distinctive green-domed cupola and symmetrical facade, located within the Parco Ciani in Lugano.",
        "photo_path": "foto/parcociani/3432084782714034658_01.jpg",
        "cluster_size": 13
      }
    },
    {
      "type": "Feature",
      "geometry": {
        "type": "Point",
        "coordinates": [
          8.954792870729937,
          46.00230168840153
        ]
      },
      "properties": {
        "cluster_id": 8,
        "location": "parcociani",
        "label": "Villa Ciani in Parco Ciani",
        "description": "A neoclassical peach-colored villa featuring a distinctive green-domed cupola and symmetrical facade, located within the Parco Ciani in Lugano.",
        "photo_path": "foto/parcociani/3188968785644351915_01.jpg",
        "cluster_size": 13
      }
    },
    {
      "type": "Feature",
      "geometry": {
        "type": "Point",
        "coordinates": [
          8.954835192069494,
          46.0023504771013
        ]
      },
      "properties": {
        "cluster_id": 8,
        "location": "parcociani",
        "label": "Villa Ciani in Parco Ciani",
        "description": "A neoclassical peach-colored villa featuring a distinctive green-domed cupola and symmetrical facade, located within the Parco Ciani in Lugano.",
        "photo_path": "foto/parcociani/3556047113524719498_01.jpg",
        "cluster_size": 13
      }
    },
    {
      "type": "Feature",
      "geometry": {
        "type": "Point",
        "coordinates": [
          8.954313914730104,
          46.002830944950226
        ]
      },
      "properties": {
        "cluster_id": 8,
        "location": "parcociani",
        "label": "Villa Ciani in Parco Ciani",
        "description": "A neoclassical peach-colored villa featuring a distinctive green-domed cupola and symmetrical facade, located within the Parco Ciani in Lugano.",
        "photo_path": "foto/parcociani/3683901254165227127_01.jpg",
        "cluster_size": 13
      }
    },
    {
      "type": "Feature",
      "geometry": {
        "type": "Point",
        "coordinates": [
          8.95449015010019,
          46.003415092981705
        ]
      },
      "properties": {
        "cluster_id": 1,
        "location": "parcociani",
        "label": "Parco Ciani Event Graphics",
        "description": "Promotional graphic posters and social media flyers for various public events and community festivals held at Parco Ciani in Lugano. These designs feature bold typography advertising activities like 'Mondo al Parco' and intergenerational workshops.",
        "photo_path": "foto/parcociani/3149506616726276893_01.jpg",
        "cluster_size": 11
      }
    },
    {
      "type": "Feature",
      "geometry": {
        "type": "Point",
        "coordinates": [
          8.954634495996114,
          46.0034055446054
        ]
      },
      "properties": {
        "cluster_id": 1,
        "location": "parcociani",
        "label": "Parco Ciani Event Graphics",
        "description": "Promotional graphic posters and social media flyers for various public events and community festivals held at Parco Ciani in Lugano. These designs feature bold typography advertising activities like 'Mondo al Parco' and intergenerational workshops.",
        "photo_path": "foto/parcociani/3175732976363406934_01.jpg",
        "cluster_size": 11
      }
    },
    {
      "type": "Feature",
      "geometry": {
        "type": "Point",
        "coordinates": [
          8.954376686092935,
          46.00333341972189
        ]
      },
      "properties": {
        "cluster_id": 1,
        "location": "parcociani",
        "label": "Parco Ciani Event Graphics",
        "description": "Promotional graphic posters and social media flyers for various public events and community festivals held at Parco Ciani in Lugano. These designs feature bold typography advertising activities like 'Mondo al Parco' and intergenerational workshops.",
        "photo_path": "foto/parcociani/3143002584876602285_01.jpg",
        "cluster_size": 11
      }
    },
    {
      "type": "Feature",
      "geometry": {
        "type": "Point",
        "coordinates": [
          8.954370648308728,
          46.003289897673675
        ]
      },
      "properties": {
        "cluster_id": 1,
        "location": "parcociani",
        "label": "Parco Ciani Event Graphics",
        "description": "Promotional graphic posters and social media flyers for various public events and community festivals held at Parco Ciani in Lugano. These designs feature bold typography advertising activities like 'Mondo al Parco' and intergenerational workshops.",
        "photo_path": "foto/parcociani/3438078663540877029_01.jpg",
        "cluster_size": 11
      }
    },
    {
      "type": "Feature",
      "geometry": {
        "type": "Point",
        "coordinates": [
          8.954483182942996,
          46.00334479042504
        ]
      },
      "properties": {
        "cluster_id": 1,
        "location": "parcociani",
        "label": "Parco Ciani Event Graphics",
        "description": "Promotional graphic posters and social media flyers for various public events and community festivals held at Parco Ciani in Lugano. These designs feature bold typography advertising activities like 'Mondo al Parco' and intergenerational workshops.",
        "photo_path": "foto/parcociani/3602564042271923096_01.jpg",
        "cluster_size": 11
      }
    },
    {
      "type": "Feature",
      "geometry": {
        "type": "Point",
        "coordinates": [
          8.954530457909163,
          46.003368695324276
        ]
      },
      "properties": {
        "cluster_id": 1,
        "location": "parcociani",
        "label": "Parco Ciani Event Graphics",
        "description": "Promotional graphic posters and social media flyers for various public events and community festivals held at Parco Ciani in Lugano. These designs feature bold typography advertising activities like 'Mondo al Parco' and intergenerational workshops.",
        "photo_path": "foto/parcociani/3187185817213577131_01.jpg",
        "cluster_size": 11
      }
    },
    {
      "type": "Feature",
      "geometry": {
        "type": "Point",
        "coordinates": [
          8.954591381384212,
          46.003350878506204
        ]
      },
      "properties": {
        "cluster_id": 1,
        "location": "parcociani",
        "label": "Parco Ciani Event Graphics",
        "description": "Promotional graphic posters and social media flyers for various public events and community festivals held at Parco Ciani in Lugano. These designs feature bold typography advertising activities like 'Mondo al Parco' and intergenerational workshops.",
        "photo_path": "foto/parcociani/3184625458242485223_01.jpg",
        "cluster_size": 11
      }
    },
    {
      "type": "Feature",
      "geometry": {
        "type": "Point",
        "coordinates": [
          8.954714583602206,
          46.00333211778153
        ]
      },
      "properties": {
        "cluster_id": 1,
        "location": "parcociani",
        "label": "Parco Ciani Event Graphics",
        "description": "Promotional graphic posters and social media flyers for various public events and community festivals held at Parco Ciani in Lugano. These designs feature bold typography advertising activities like 'Mondo al Parco' and intergenerational workshops.",
        "photo_path": "foto/parcociani/3587300815069916176_01.jpg",
        "cluster_size": 11
      }
    },
    {
      "type": "Feature",
      "geometry": {
        "type": "Point",
        "coordinates": [
          8.954366626569875,
          46.00339227482079
        ]
      },
      "properties": {
        "cluster_id": 1,
        "location": "parcociani",
        "label": "Parco Ciani Event Graphics",
        "description": "Promotional graphic posters and social media flyers for various public events and community festivals held at Parco Ciani in Lugano. These designs feature bold typography advertising activities like 'Mondo al Parco' and intergenerational workshops.",
        "photo_path": "foto/parcociani/3149506616726276893_01.jpg",
        "cluster_size": 11
      }
    },
    {
      "type": "Feature",
      "geometry": {
        "type": "Point",
        "coordinates": [
          8.954496928805442,
          46.00327764239878
        ]
      },
      "properties": {
        "cluster_id": 1,
        "location": "parcociani",
        "label": "Parco Ciani Event Graphics",
        "description": "Promotional graphic posters and social media flyers for various public events and community festivals held at Parco Ciani in Lugano. These designs feature bold typography advertising activities like 'Mondo al Parco' and intergenerational workshops.",
        "photo_path": "foto/parcociani/3175732976363406934_01.jpg",
        "cluster_size": 11
      }
    },
    {
      "type": "Feature",
      "geometry": {
        "type": "Point",
        "coordinates": [
          8.954519448924362,
          46.00333490116315
        ]
      },
      "properties": {
        "cluster_id": 1,
        "location": "parcociani",
        "label": "Parco Ciani Event Graphics",
        "description": "Promotional graphic posters and social media flyers for various public events and community festivals held at Parco Ciani in Lugano. These designs feature bold typography advertising activities like 'Mondo al Parco' and intergenerational workshops.",
        "photo_path": "foto/parcociani/3143002584876602285_01.jpg",
        "cluster_size": 11
      }
    },
    {
      "type": "Feature",
      "geometry": {
        "type": "Point",
        "coordinates": [
          8.954348193543074,
          46.00370329252529
        ]
      },
      "properties": {
        "cluster_id": 6,
        "location": "parcociani",
        "label": "Woman at Parco Ciani",
        "description": "The common subject is a blonde woman taking selfie portraits at various locations within the park, including near the flowerbeds and the lakefront promenade.",
        "photo_path": "foto/parcociani/3614265528924811523_01.jpg",
        "cluster_size": 10
      }
    },
    {
      "type": "Feature",
      "geometry": {
        "type": "Point",
        "coordinates": [
          8.954114424749005,
          46.00355464034706
        ]
      },
      "properties": {
        "cluster_id": 6,
        "location": "parcociani",
        "label": "Woman at Parco Ciani",
        "description": "The common subject is a blonde woman taking selfie portraits at various locations within the park, including near the flowerbeds and the lakefront promenade.",
        "photo_path": "foto/parcociani/3605018124501025551_01.jpg",
        "cluster_size": 10
      }
    },
    {
      "type": "Feature",
      "geometry": {
        "type": "Point",
        "coordinates": [
          8.954498832712263,
          46.00359971678468
        ]
      },
      "properties": {
        "cluster_id": 6,
        "location": "parcociani",
        "label": "Woman at Parco Ciani",
        "description": "The common subject is a blonde woman taking selfie portraits at various locations within the park, including near the flowerbeds and the lakefront promenade.",
        "photo_path": "foto/parcociani/3614265788199896433_01.jpg",
        "cluster_size": 10
      }
    },
    {
      "type": "Feature",
      "geometry": {
        "type": "Point",
        "coordinates": [
          8.95415805051739,
          46.00367410965587
        ]
      },
      "properties": {
        "cluster_id": 6,
        "location": "parcociani",
        "label": "Woman at Parco Ciani",
        "description": "The common subject is a blonde woman taking selfie portraits at various locations within the park, including near the flowerbeds and the lakefront promenade.",
        "photo_path": "foto/parcociani/3605018337286417868_01.jpg",
        "cluster_size": 10
      }
    },
    {
      "type": "Feature",
      "geometry": {
        "type": "Point",
        "coordinates": [
          8.954422464656961,
          46.003669502356516
        ]
      },
      "properties": {
        "cluster_id": 6,
        "location": "parcociani",
        "label": "Woman at Parco Ciani",
        "description": "The common subject is a blonde woman taking selfie portraits at various locations within the park, including near the flowerbeds and the lakefront promenade.",
        "photo_path": "foto/parcociani/3614265385630683832_01.jpg",
        "cluster_size": 10
      }
    },
    {
      "type": "Feature",
      "geometry": {
        "type": "Point",
        "coordinates": [
          8.954384920718644,
          46.00355046650493
        ]
      },
      "properties": {
        "cluster_id": 6,
        "location": "parcociani",
        "label": "Woman at Parco Ciani",
        "description": "The common subject is a blonde woman taking selfie portraits at various locations within the park, including near the flowerbeds and the lakefront promenade.",
        "photo_path": "foto/parcociani/3604128380079418558_01.jpg",
        "cluster_size": 10
      }
    },
    {
      "type": "Feature",
      "geometry": {
        "type": "Point",
        "coordinates": [
          8.954174710544274,
          46.00365655503586
        ]
      },
      "properties": {
        "cluster_id": 6,
        "location": "parcociani",
        "label": "Woman at Parco Ciani",
        "description": "The common subject is a blonde woman taking selfie portraits at various locations within the park, including near the flowerbeds and the lakefront promenade.",
        "photo_path": "foto/parcociani/3605018659996154210_01.jpg",
        "cluster_size": 10
      }
    },
    {
      "type": "Feature",
      "geometry": {
        "type": "Point",
        "coordinates": [
          8.954450910026154,
          46.00369029136941
        ]
      },
      "properties": {
        "cluster_id": 6,
        "location": "parcociani",
        "label": "Woman at Parco Ciani",
        "description": "The common subject is a blonde woman taking selfie portraits at various locations within the park, including near the flowerbeds and the lakefront promenade.",
        "photo_path": "foto/parcociani/3604130953519701074_01.jpg",
        "cluster_size": 10
      }
    },
    {
      "type": "Feature",
      "geometry": {
        "type": "Point",
        "coordinates": [
          8.954530834193184,
          46.00377196523009
        ]
      },
      "properties": {
        "cluster_id": 6,
        "location": "parcociani",
        "label": "Woman at Parco Ciani",
        "description": "The common subject is a blonde woman taking selfie portraits at various locations within the park, including near the flowerbeds and the lakefront promenade.",
        "photo_path": "foto/parcociani/3614265528924811523_01.jpg",
        "cluster_size": 10
      }
    },
    {
      "type": "Feature",
      "geometry": {
        "type": "Point",
        "coordinates": [
          8.954207967098059,
          46.003494857053155
        ]
      },
      "properties": {
        "cluster_id": 6,
        "location": "parcociani",
        "label": "Woman at Parco Ciani",
        "description": "The common subject is a blonde woman taking selfie portraits at various locations within the park, including near the flowerbeds and the lakefront promenade.",
        "photo_path": "foto/parcociani/3605018124501025551_01.jpg",
        "cluster_size": 10
      }
    },
    {
      "type": "Feature",
      "geometry": {
        "type": "Point",
        "coordinates": [
          8.954333290982612,
          46.00367799946702
        ]
      },
      "properties": {
        "cluster_id": 5,
        "location": "parcociani",
        "label": "LongLake Festival Info Point",
        "description": "A red shipping container repurposed as an information hub and shop for the LongLake Festival in Parco Ciani. It is situated on a grassy lawn surrounded by blue branded deck chairs and outdoor seating.",
        "photo_path": "foto/parcociani/3148016943793358636_01.jpg",
        "cluster_size": 9
      }
    },
    {
      "type": "Feature",
      "geometry": {
        "type": "Point",
        "coordinates": [
          8.954874574866306,
          46.00367800086557
        ]
      },
      "properties": {
        "cluster_id": 5,
        "location": "parcociani",
        "label": "LongLake Festival Info Point",
        "description": "A red shipping container repurposed as an information hub and shop for the LongLake Festival in Parco Ciani. It is situated on a grassy lawn surrounded by blue branded deck chairs and outdoor seating.",
        "photo_path": "foto/parcociani/3148876201216797359_01.jpg",
        "cluster_size": 9
      }
    },
    {
      "type": "Feature",
      "geometry": {
        "type": "Point",
        "coordinates": [
          8.954434089070213,
          46.00368428947192
        ]
      },
      "properties": {
        "cluster_id": 5,
        "location": "parcociani",
        "label": "LongLake Festival Info Point",
        "description": "A red shipping container repurposed as an information hub and shop for the LongLake Festival in Parco Ciani. It is situated on a grassy lawn surrounded by blue branded deck chairs and outdoor seating.",
        "photo_path": "foto/parcociani/3152654072032999599_01.jpg",
        "cluster_size": 9
      }
    },
    {
      "type": "Feature",
      "geometry": {
        "type": "Point",
        "coordinates": [
          8.954355598483748,
          46.003727432631024
        ]
      },
      "properties": {
        "cluster_id": 5,
        "location": "parcociani",
        "label": "LongLake Festival Info Point",
        "description": "A red shipping container repurposed as an information hub and shop for the LongLake Festival in Parco Ciani. It is situated on a grassy lawn surrounded by blue branded deck chairs and outdoor seating.",
        "photo_path": "foto/parcociani/3149492921711319770_01.jpg",
        "cluster_size": 9
      }
    },
    {
      "type": "Feature",
      "geometry": {
        "type": "Point",
        "coordinates": [
          8.95437303818747,
          46.00358449670668
        ]
      },
      "properties": {
        "cluster_id": 5,
        "location": "parcociani",
        "label": "LongLake Festival Info Point",
        "description": "A red shipping container repurposed as an information hub and shop for the LongLake Festival in Parco Ciani. It is situated on a grassy lawn surrounded by blue branded deck chairs and outdoor seating.",
        "photo_path": "foto/parcociani/3152505358245087535_01.jpg",
        "cluster_size": 9
      }
    },
    {
      "type": "Feature",
      "geometry": {
        "type": "Point",
        "coordinates": [
          8.95421160880923,
          46.0035329701335
        ]
      },
      "properties": {
        "cluster_id": 5,
        "location": "parcociani",
        "label": "LongLake Festival Info Point",
        "description": "A red shipping container repurposed as an information hub and shop for the LongLake Festival in Parco Ciani. It is situated on a grassy lawn surrounded by blue branded deck chairs and outdoor seating.",
        "photo_path": "foto/parcociani/3152511019817232019_01.jpg",
        "cluster_size": 9
      }
    },
    {
      "type": "Feature",
      "geometry": {
        "type": "Point",
        "coordinates": [
          8.954263272798736,
          46.00356534194281
        ]
      },
      "properties": {
        "cluster_id": 5,
        "location": "parcociani",
        "label": "LongLake Festival Info Point",
        "description": "A red shipping container repurposed as an information hub and shop for the LongLake Festival in Parco Ciani. It is situated on a grassy lawn surrounded by blue branded deck chairs and outdoor seating.",
        "photo_path": "foto/parcociani/3174136313580479564_01.jpg",
        "cluster_size": 9
      }
    },
    {
      "type": "Feature",
      "geometry": {
        "type": "Point",
        "coordinates": [
          8.953947293488827,
          46.003880659748496
        ]
      },
      "properties": {
        "cluster_id": 5,
        "location": "parcociani",
        "label": "LongLake Festival Info Point",
        "description": "A red shipping container repurposed as an information hub and shop for the LongLake Festival in Parco Ciani. It is situated on a grassy lawn surrounded by blue branded deck chairs and outdoor seating.",
        "photo_path": "foto/parcociani/3151666513618284339_01.jpg",
        "cluster_size": 9
      }
    },
    {
      "type": "Feature",
      "geometry": {
        "type": "Point",
        "coordinates": [
          8.953988559045166,
          46.00369728155297
        ]
      },
      "properties": {
        "cluster_id": 5,
        "location": "parcociani",
        "label": "LongLake Festival Info Point",
        "description": "A red shipping container repurposed as an information hub and shop for the LongLake Festival in Parco Ciani. It is situated on a grassy lawn surrounded by blue branded deck chairs and outdoor seating.",
        "photo_path": "foto/parcociani/3148016943793358636_01.jpg",
        "cluster_size": 9
      }
    },
    {
      "type": "Feature",
      "geometry": {
        "type": "Point",
        "coordinates": [
          8.954161225761549,
          46.003737483615694
        ]
      },
      "properties": {
        "cluster_id": 4,
        "location": "parcociani",
        "label": "Red benches of Parco Ciani",
        "description": "Distinctive bright red wooden park benches found throughout Parco Ciani in Lugano, Switzerland. They are a signature feature of the park's landscape and a popular spot for tourist photos.",
        "photo_path": "foto/parcociani/3573724713810217569_01.jpg",
        "cluster_size": 6
      }
    },
    {
      "type": "Feature",
      "geometry": {
        "type": "Point",
        "coordinates": [
          8.953880227518638,
          46.00378579099271
        ]
      },
      "properties": {
        "cluster_id": 4,
        "location": "parcociani",
        "label": "Red benches of Parco Ciani",
        "description": "Distinctive bright red wooden park benches found throughout Parco Ciani in Lugano, Switzerland. They are a signature feature of the park's landscape and a popular spot for tourist photos.",
        "photo_path": "foto/parcociani/3271263262317422643_01.jpg",
        "cluster_size": 6
      }
    },
    {
      "type": "Feature",
      "geometry": {
        "type": "Point",
        "coordinates": [
          8.954108136881423,
          46.00371555822439
        ]
      },
      "properties": {
        "cluster_id": 4,
        "location": "parcociani",
        "label": "Red benches of Parco Ciani",
        "description": "Distinctive bright red wooden park benches found throughout Parco Ciani in Lugano, Switzerland. They are a signature feature of the park's landscape and a popular spot for tourist photos.",
        "photo_path": "foto/parcociani/3149055206805043225_01.jpg",
        "cluster_size": 6
      }
    },
    {
      "type": "Feature",
      "geometry": {
        "type": "Point",
        "coordinates": [
          8.954048072466504,
          46.003714201204346
        ]
      },
      "properties": {
        "cluster_id": 4,
        "location": "parcociani",
        "label": "Red benches of Parco Ciani",
        "description": "Distinctive bright red wooden park benches found throughout Parco Ciani in Lugano, Switzerland. They are a signature feature of the park's landscape and a popular spot for tourist photos.",
        "photo_path": "foto/parcociani/3432087637164569159_01.jpg",
        "cluster_size": 6
      }
    },
    {
      "type": "Feature",
      "geometry": {
        "type": "Point",
        "coordinates": [
          8.953935494095349,
          46.003784105571164
        ]
      },
      "properties": {
        "cluster_id": 4,
        "location": "parcociani",
        "label": "Red benches of Parco Ciani",
        "description": "Distinctive bright red wooden park benches found throughout Parco Ciani in Lugano, Switzerland. They are a signature feature of the park's landscape and a popular spot for tourist photos.",
        "photo_path": "foto/parcociani/3208213336581785498_01.jpg",
        "cluster_size": 6
      }
    },
    {
      "type": "Feature",
      "geometry": {
        "type": "Point",
        "coordinates": [
          8.954102212817492,
          46.00397314811615
        ]
      },
      "properties": {
        "cluster_id": 4,
        "location": "parcociani",
        "label": "Red benches of Parco Ciani",
        "description": "Distinctive bright red wooden park benches found throughout Parco Ciani in Lugano, Switzerland. They are a signature feature of the park's landscape and a popular spot for tourist photos.",
        "photo_path": "foto/parcociani/3141755230349650246_01.jpg",
        "cluster_size": 6
      }
    },
    {
      "type": "Feature",
      "geometry": {
        "type": "Point",
        "coordinates": [
          8.954737254365625,
          46.003015266416575
        ]
      },
      "properties": {
        "cluster_id": 7,
        "location": "parcociani",
        "label": "Monte San Salvatore mountain view",
        "description": "The iconic cone-shaped peak of Monte San Salvatore overlooking Lake Lugano, which serves as a popular scenic backdrop for tourist photos in Parco Ciani.",
        "photo_path": "foto/parcociani/3851957273208101858_01.jpg",
        "cluster_size": 6
      }
    },
    {
      "type": "Feature",
      "geometry": {
        "type": "Point",
        "coordinates": [
          8.954763165567073,
          46.003052113879335
        ]
      },
      "properties": {
        "cluster_id": 7,
        "location": "parcociani",
        "label": "Monte San Salvatore mountain view",
        "description": "The iconic cone-shaped peak of Monte San Salvatore overlooking Lake Lugano, which serves as a popular scenic backdrop for tourist photos in Parco Ciani.",
        "photo_path": "foto/parcociani/3321410854861177734_01.jpg",
        "cluster_size": 6
      }
    },
    {
      "type": "Feature",
      "geometry": {
        "type": "Point",
        "coordinates": [
          8.954725535956902,
          46.003048580520584
        ]
      },
      "properties": {
        "cluster_id": 7,
        "location": "parcociani",
        "label": "Monte San Salvatore mountain view",
        "description": "The iconic cone-shaped peak of Monte San Salvatore overlooking Lake Lugano, which serves as a popular scenic backdrop for tourist photos in Parco Ciani.",
        "photo_path": "foto/parcociani/3529326995436857884_01.jpg",
        "cluster_size": 6
      }
    },
    {
      "type": "Feature",
      "geometry": {
        "type": "Point",
        "coordinates": [
          8.954763683879769,
          46.00308364830484
        ]
      },
      "properties": {
        "cluster_id": 7,
        "location": "parcociani",
        "label": "Monte San Salvatore mountain view",
        "description": "The iconic cone-shaped peak of Monte San Salvatore overlooking Lake Lugano, which serves as a popular scenic backdrop for tourist photos in Parco Ciani.",
        "photo_path": "foto/parcociani/3840393960103998559_01.jpg",
        "cluster_size": 6
      }
    },
    {
      "type": "Feature",
      "geometry": {
        "type": "Point",
        "coordinates": [
          8.95471698558266,
          46.00303755955657
        ]
      },
      "properties": {
        "cluster_id": 7,
        "location": "parcociani",
        "label": "Monte San Salvatore mountain view",
        "description": "The iconic cone-shaped peak of Monte San Salvatore overlooking Lake Lugano, which serves as a popular scenic backdrop for tourist photos in Parco Ciani.",
        "photo_path": "foto/parcociani/3208359594681908664_01.jpg",
        "cluster_size": 6
      }
    },
    {
      "type": "Feature",
      "geometry": {
        "type": "Point",
        "coordinates": [
          8.954704580962993,
          46.00305716364024
        ]
      },
      "properties": {
        "cluster_id": 7,
        "location": "parcociani",
        "label": "Monte San Salvatore mountain view",
        "description": "The iconic cone-shaped peak of Monte San Salvatore overlooking Lake Lugano, which serves as a popular scenic backdrop for tourist photos in Parco Ciani.",
        "photo_path": "foto/parcociani/3533903539949885604_01.jpg",
        "cluster_size": 6
      }
    },
    {
      "type": "Feature",
      "geometry": {
        "type": "Point",
        "coordinates": [
          8.955041513192997,
          46.003975429958935
        ]
      },
      "properties": {
        "cluster_id": 2,
        "location": "parcociani",
        "label": "Lagoon Punk Rock Fest posters",
        "description": "Promotional graphics and schedules for the Lagoon Punk Rock Fest 2025 held in Parco Ciani, Lugano. The artwork features cartoon swamp monsters dressed as punk rockers performing underwater.",
        "photo_path": "foto/parcociani/3704694346972655805_01.jpg",
        "cluster_size": 6
      }
    },
    {
      "type": "Feature",
      "geometry": {
        "type": "Point",
        "coordinates": [
          8.955081422387478,
          46.00381184411058
        ]
      },
      "properties": {
        "cluster_id": 2,
        "location": "parcociani",
        "label": "Lagoon Punk Rock Fest posters",
        "description": "Promotional graphics and schedules for the Lagoon Punk Rock Fest 2025 held in Parco Ciani, Lugano. The artwork features cartoon swamp monsters dressed as punk rockers performing underwater.",
        "photo_path": "foto/parcociani/3704695180305325078_01.jpg",
        "cluster_size": 6
      }
    },
    {
      "type": "Feature",
      "geometry": {
        "type": "Point",
        "coordinates": [
          8.955090340114474,
          46.003994711145786
        ]
      },
      "properties": {
        "cluster_id": 2,
        "location": "parcociani",
        "label": "Lagoon Punk Rock Fest posters",
        "description": "Promotional graphics and schedules for the Lagoon Punk Rock Fest 2025 held in Parco Ciani, Lugano. The artwork features cartoon swamp monsters dressed as punk rockers performing underwater.",
        "photo_path": "foto/parcociani/3706887380235989448_01.jpg",
        "cluster_size": 6
      }
    },
    {
      "type": "Feature",
      "geometry": {
        "type": "Point",
        "coordinates": [
          8.954972319874253,
          46.00379787189373
        ]
      },
      "properties": {
        "cluster_id": 2,
        "location": "parcociani",
        "label": "Lagoon Punk Rock Fest posters",
        "description": "Promotional graphics and schedules for the Lagoon Punk Rock Fest 2025 held in Parco Ciani, Lugano. The artwork features cartoon swamp monsters dressed as punk rockers performing underwater.",
        "photo_path": "foto/parcociani/3663433848730032291_01.jpg",
        "cluster_size": 6
      }
    },
    {
      "type": "Feature",
      "geometry": {
        "type": "Point",
        "coordinates": [
          8.954954933502318,
          46.00394848168374
        ]
      },
      "properties": {
        "cluster_id": 2,
        "location": "parcociani",
        "label": "Lagoon Punk Rock Fest posters",
        "description": "Promotional graphics and schedules for the Lagoon Punk Rock Fest 2025 held in Parco Ciani, Lugano. The artwork features cartoon swamp monsters dressed as punk rockers performing underwater.",
        "photo_path": "foto/parcociani/3861194855842369473_01.jpg",
        "cluster_size": 6
      }
    },
    {
      "type": "Feature",
      "geometry": {
        "type": "Point",
        "coordinates": [
          8.955070277271211,
          46.00390399023936
        ]
      },
      "properties": {
        "cluster_id": 2,
        "location": "parcociani",
        "label": "Lagoon Punk Rock Fest posters",
        "description": "Promotional graphics and schedules for the Lagoon Punk Rock Fest 2025 held in Parco Ciani, Lugano. The artwork features cartoon swamp monsters dressed as punk rockers performing underwater.",
        "photo_path": "foto/parcociani/3650999679970545494_01.jpg",
        "cluster_size": 6
      }
    },
    {
      "type": "Feature",
      "geometry": {
        "type": "Point",
        "coordinates": [
          8.987292280169767,
          46.00691649275031
        ]
      },
      "properties": {
        "cluster_id": 23,
        "location": "montebre",
        "label": "View of Monte San Salvatore",
        "description": "An elevated panoramic view of Lake Lugano featuring the iconic sugarloaf-shaped Monte San Salvatore and the Melide causeway.",
        "photo_path": "foto/montebre/3161139185850953092_01.jpg",
        "cluster_size": 290
      }
    },
    {
      "type": "Feature",
      "geometry": {
        "type": "Point",
        "coordinates": [
          8.987167147393857,
          46.006707993933325
        ]
      },
      "properties": {
        "cluster_id": 23,
        "location": "montebre",
        "label": "View of Monte San Salvatore",
        "description": "An elevated panoramic view of Lake Lugano featuring the iconic sugarloaf-shaped Monte San Salvatore and the Melide causeway.",
        "photo_path": "foto/montebre/3188756106698810424_01.jpg",
        "cluster_size": 290
      }
    },
    {
      "type": "Feature",
      "geometry": {
        "type": "Point",
        "coordinates": [
          8.987138175275708,
          46.006977246112484
        ]
      },
      "properties": {
        "cluster_id": 23,
        "location": "montebre",
        "label": "View of Monte San Salvatore",
        "description": "An elevated panoramic view of Lake Lugano featuring the iconic sugarloaf-shaped Monte San Salvatore and the Melide causeway.",
        "photo_path": "foto/montebre/3142461919133412266_01.jpg",
        "cluster_size": 290
      }
    },
    {
      "type": "Feature",
      "geometry": {
        "type": "Point",
        "coordinates": [
          8.98711452528169,
          46.00714706408143
        ]
      },
      "properties": {
        "cluster_id": 23,
        "location": "montebre",
        "label": "View of Monte San Salvatore",
        "description": "An elevated panoramic view of Lake Lugano featuring the iconic sugarloaf-shaped Monte San Salvatore and the Melide causeway.",
        "photo_path": "foto/montebre/2744946793546086971_01.jpg",
        "cluster_size": 290
      }
    },
    {
      "type": "Feature",
      "geometry": {
        "type": "Point",
        "coordinates": [
          8.987316955716489,
          46.00696035635255
        ]
      },
      "properties": {
        "cluster_id": 23,
        "location": "montebre",
        "label": "View of Monte San Salvatore",
        "description": "An elevated panoramic view of Lake Lugano featuring the iconic sugarloaf-shaped Monte San Salvatore and the Melide causeway.",
        "photo_path": "foto/montebre/3135988470017813480_01.jpg",
        "cluster_size": 290
      }
    },
    {
      "type": "Feature",
      "geometry": {
        "type": "Point",
        "coordinates": [
          8.987113783355879,
          46.007129844440456
        ]
      },
      "properties": {
        "cluster_id": 23,
        "location": "montebre",
        "label": "View of Monte San Salvatore",
        "description": "An elevated panoramic view of Lake Lugano featuring the iconic sugarloaf-shaped Monte San Salvatore and the Melide causeway.",
        "photo_path": "foto/montebre/3159683113621193918_01.jpg",
        "cluster_size": 290
      }
    },
    {
      "type": "Feature",
      "geometry": {
        "type": "Point",
        "coordinates": [
          8.987301327123415,
          46.00710478952722
        ]
      },
      "properties": {
        "cluster_id": 23,
        "location": "montebre",
        "label": "View of Monte San Salvatore",
        "description": "An elevated panoramic view of Lake Lugano featuring the iconic sugarloaf-shaped Monte San Salvatore and the Melide causeway.",
        "photo_path": "foto/montebre/3411456126992273276_01.jpg",
        "cluster_size": 290
      }
    },
    {
      "type": "Feature",
      "geometry": {
        "type": "Point",
        "coordinates": [
          8.98735993009715,
          46.006911575797204
        ]
      },
      "properties": {
        "cluster_id": 23,
        "location": "montebre",
        "label": "View of Monte San Salvatore",
        "description": "An elevated panoramic view of Lake Lugano featuring the iconic sugarloaf-shaped Monte San Salvatore and the Melide causeway.",
        "photo_path": "foto/montebre/3081556558709209876_01.jpg",
        "cluster_size": 290
      }
    },
    {
      "type": "Feature",
      "geometry": {
        "type": "Point",
        "coordinates": [
          8.987222158006242,
          46.0070179333059
        ]
      },
      "properties": {
        "cluster_id": 23,
        "location": "montebre",
        "label": "View of Monte San Salvatore",
        "description": "An elevated panoramic view of Lake Lugano featuring the iconic sugarloaf-shaped Monte San Salvatore and the Melide causeway.",
        "photo_path": "foto/montebre/3161139185850953092_01.jpg",
        "cluster_size": 290
      }
    },
    {
      "type": "Feature",
      "geometry": {
        "type": "Point",
        "coordinates": [
          8.987250028765029,
          46.00700628847612
        ]
      },
      "properties": {
        "cluster_id": 23,
        "location": "montebre",
        "label": "View of Monte San Salvatore",
        "description": "An elevated panoramic view of Lake Lugano featuring the iconic sugarloaf-shaped Monte San Salvatore and the Melide causeway.",
        "photo_path": "foto/montebre/3188756106698810424_01.jpg",
        "cluster_size": 290
      }
    },
    {
      "type": "Feature",
      "geometry": {
        "type": "Point",
        "coordinates": [
          8.987385871580413,
          46.007010226787855
        ]
      },
      "properties": {
        "cluster_id": 23,
        "location": "montebre",
        "label": "View of Monte San Salvatore",
        "description": "An elevated panoramic view of Lake Lugano featuring the iconic sugarloaf-shaped Monte San Salvatore and the Melide causeway.",
        "photo_path": "foto/montebre/3142461919133412266_01.jpg",
        "cluster_size": 290
      }
    },
    {
      "type": "Feature",
      "geometry": {
        "type": "Point",
        "coordinates": [
          8.987139467982326,
          46.00714288439785
        ]
      },
      "properties": {
        "cluster_id": 23,
        "location": "montebre",
        "label": "View of Monte San Salvatore",
        "description": "An elevated panoramic view of Lake Lugano featuring the iconic sugarloaf-shaped Monte San Salvatore and the Melide causeway.",
        "photo_path": "foto/montebre/2744946793546086971_01.jpg",
        "cluster_size": 290
      }
    },
    {
      "type": "Feature",
      "geometry": {
        "type": "Point",
        "coordinates": [
          8.98704683416597,
          46.00719216516889
        ]
      },
      "properties": {
        "cluster_id": 23,
        "location": "montebre",
        "label": "View of Monte San Salvatore",
        "description": "An elevated panoramic view of Lake Lugano featuring the iconic sugarloaf-shaped Monte San Salvatore and the Melide causeway.",
        "photo_path": "foto/montebre/3135988470017813480_01.jpg",
        "cluster_size": 290
      }
    },
    {
      "type": "Feature",
      "geometry": {
        "type": "Point",
        "coordinates": [
          8.987376298728105,
          46.006986325667114
        ]
      },
      "properties": {
        "cluster_id": 23,
        "location": "montebre",
        "label": "View of Monte San Salvatore",
        "description": "An elevated panoramic view of Lake Lugano featuring the iconic sugarloaf-shaped Monte San Salvatore and the Melide causeway.",
        "photo_path": "foto/montebre/3159683113621193918_01.jpg",
        "cluster_size": 290
      }
    },
    {
      "type": "Feature",
      "geometry": {
        "type": "Point",
        "coordinates": [
          8.987219242237298,
          46.00702531458268
        ]
      },
      "properties": {
        "cluster_id": 23,
        "location": "montebre",
        "label": "View of Monte San Salvatore",
        "description": "An elevated panoramic view of Lake Lugano featuring the iconic sugarloaf-shaped Monte San Salvatore and the Melide causeway.",
        "photo_path": "foto/montebre/3411456126992273276_01.jpg",
        "cluster_size": 290
      }
    },
    {
      "type": "Feature",
      "geometry": {
        "type": "Point",
        "coordinates": [
          8.98723606281806,
          46.00698125024771
        ]
      },
      "properties": {
        "cluster_id": 23,
        "location": "montebre",
        "label": "View of Monte San Salvatore",
        "description": "An elevated panoramic view of Lake Lugano featuring the iconic sugarloaf-shaped Monte San Salvatore and the Melide causeway.",
        "photo_path": "foto/montebre/3081556558709209876_01.jpg",
        "cluster_size": 290
      }
    },
    {
      "type": "Feature",
      "geometry": {
        "type": "Point",
        "coordinates": [
          8.987410184707644,
          46.006946904075946
        ]
      },
      "properties": {
        "cluster_id": 23,
        "location": "montebre",
        "label": "View of Monte San Salvatore",
        "description": "An elevated panoramic view of Lake Lugano featuring the iconic sugarloaf-shaped Monte San Salvatore and the Melide causeway.",
        "photo_path": "foto/montebre/3161139185850953092_01.jpg",
        "cluster_size": 290
      }
    },
    {
      "type": "Feature",
      "geometry": {
        "type": "Point",
        "coordinates": [
          8.987210136708176,
          46.00703216355729
        ]
      },
      "properties": {
        "cluster_id": 23,
        "location": "montebre",
        "label": "View of Monte San Salvatore",
        "description": "An elevated panoramic view of Lake Lugano featuring the iconic sugarloaf-shaped Monte San Salvatore and the Melide causeway.",
        "photo_path": "foto/montebre/3188756106698810424_01.jpg",
        "cluster_size": 290
      }
    },
    {
      "type": "Feature",
      "geometry": {
        "type": "Point",
        "coordinates": [
          8.987339853606747,
          46.00708104503382
        ]
      },
      "properties": {
        "cluster_id": 23,
        "location": "montebre",
        "label": "View of Monte San Salvatore",
        "description": "An elevated panoramic view of Lake Lugano featuring the iconic sugarloaf-shaped Monte San Salvatore and the Melide causeway.",
        "photo_path": "foto/montebre/3142461919133412266_01.jpg",
        "cluster_size": 290
      }
    },
    {
      "type": "Feature",
      "geometry": {
        "type": "Point",
        "coordinates": [
          8.987381656424947,
          46.00707323082152
        ]
      },
      "properties": {
        "cluster_id": 23,
        "location": "montebre",
        "label": "View of Monte San Salvatore",
        "description": "An elevated panoramic view of Lake Lugano featuring the iconic sugarloaf-shaped Monte San Salvatore and the Melide causeway.",
        "photo_path": "foto/montebre/2744946793546086971_01.jpg",
        "cluster_size": 290
      }
    },
    {
      "type": "Feature",
      "geometry": {
        "type": "Point",
        "coordinates": [
          8.987227350245064,
          46.00692531576478
        ]
      },
      "properties": {
        "cluster_id": 23,
        "location": "montebre",
        "label": "View of Monte San Salvatore",
        "description": "An elevated panoramic view of Lake Lugano featuring the iconic sugarloaf-shaped Monte San Salvatore and the Melide causeway.",
        "photo_path": "foto/montebre/3135988470017813480_01.jpg",
        "cluster_size": 290
      }
    },
    {
      "type": "Feature",
      "geometry": {
        "type": "Point",
        "coordinates": [
          8.987379158784432,
          46.00706732374821
        ]
      },
      "properties": {
        "cluster_id": 23,
        "location": "montebre",
        "label": "View of Monte San Salvatore",
        "description": "An elevated panoramic view of Lake Lugano featuring the iconic sugarloaf-shaped Monte San Salvatore and the Melide causeway.",
        "photo_path": "foto/montebre/3159683113621193918_01.jpg",
        "cluster_size": 290
      }
    },
    {
      "type": "Feature",
      "geometry": {
        "type": "Point",
        "coordinates": [
          8.987315216162335,
          46.00699811697351
        ]
      },
      "properties": {
        "cluster_id": 23,
        "location": "montebre",
        "label": "View of Monte San Salvatore",
        "description": "An elevated panoramic view of Lake Lugano featuring the iconic sugarloaf-shaped Monte San Salvatore and the Melide causeway.",
        "photo_path": "foto/montebre/3411456126992273276_01.jpg",
        "cluster_size": 290
      }
    },
    {
      "type": "Feature",
      "geometry": {
        "type": "Point",
        "coordinates": [
          8.987223279237707,
          46.00711510494556
        ]
      },
      "properties": {
        "cluster_id": 23,
        "location": "montebre",
        "label": "View of Monte San Salvatore",
        "description": "An elevated panoramic view of Lake Lugano featuring the iconic sugarloaf-shaped Monte San Salvatore and the Melide causeway.",
        "photo_path": "foto/montebre/3081556558709209876_01.jpg",
        "cluster_size": 290
      }
    },
    {
      "type": "Feature",
      "geometry": {
        "type": "Point",
        "coordinates": [
          8.987273777679722,
          46.00704928805236
        ]
      },
      "properties": {
        "cluster_id": 23,
        "location": "montebre",
        "label": "View of Monte San Salvatore",
        "description": "An elevated panoramic view of Lake Lugano featuring the iconic sugarloaf-shaped Monte San Salvatore and the Melide causeway.",
        "photo_path": "foto/montebre/3161139185850953092_01.jpg",
        "cluster_size": 290
      }
    },
    {
      "type": "Feature",
      "geometry": {
        "type": "Point",
        "coordinates": [
          8.987442500126384,
          46.00698038908079
        ]
      },
      "properties": {
        "cluster_id": 23,
        "location": "montebre",
        "label": "View of Monte San Salvatore",
        "description": "An elevated panoramic view of Lake Lugano featuring the iconic sugarloaf-shaped Monte San Salvatore and the Melide causeway.",
        "photo_path": "foto/montebre/3188756106698810424_01.jpg",
        "cluster_size": 290
      }
    },
    {
      "type": "Feature",
      "geometry": {
        "type": "Point",
        "coordinates": [
          8.987405503884373,
          46.00707436183324
        ]
      },
      "properties": {
        "cluster_id": 23,
        "location": "montebre",
        "label": "View of Monte San Salvatore",
        "description": "An elevated panoramic view of Lake Lugano featuring the iconic sugarloaf-shaped Monte San Salvatore and the Melide causeway.",
        "photo_path": "foto/montebre/3142461919133412266_01.jpg",
        "cluster_size": 290
      }
    },
    {
      "type": "Feature",
      "geometry": {
        "type": "Point",
        "coordinates": [
          8.987302723983564,
          46.00711761070335
        ]
      },
      "properties": {
        "cluster_id": 23,
        "location": "montebre",
        "label": "View of Monte San Salvatore",
        "description": "An elevated panoramic view of Lake Lugano featuring the iconic sugarloaf-shaped Monte San Salvatore and the Melide causeway.",
        "photo_path": "foto/montebre/2744946793546086971_01.jpg",
        "cluster_size": 290
      }
    },
    {
      "type": "Feature",
      "geometry": {
        "type": "Point",
        "coordinates": [
          8.987259761573108,
          46.00706143720462
        ]
      },
      "properties": {
        "cluster_id": 23,
        "location": "montebre",
        "label": "View of Monte San Salvatore",
        "description": "An elevated panoramic view of Lake Lugano featuring the iconic sugarloaf-shaped Monte San Salvatore and the Melide causeway.",
        "photo_path": "foto/montebre/3135988470017813480_01.jpg",
        "cluster_size": 290
      }
    },
    {
      "type": "Feature",
      "geometry": {
        "type": "Point",
        "coordinates": [
          8.987283121776125,
          46.0070292041759
        ]
      },
      "properties": {
        "cluster_id": 23,
        "location": "montebre",
        "label": "View of Monte San Salvatore",
        "description": "An elevated panoramic view of Lake Lugano featuring the iconic sugarloaf-shaped Monte San Salvatore and the Melide causeway.",
        "photo_path": "foto/montebre/3159683113621193918_01.jpg",
        "cluster_size": 290
      }
    },
    {
      "type": "Feature",
      "geometry": {
        "type": "Point",
        "coordinates": [
          8.987377185782709,
          46.00700873837522
        ]
      },
      "properties": {
        "cluster_id": 23,
        "location": "montebre",
        "label": "View of Monte San Salvatore",
        "description": "An elevated panoramic view of Lake Lugano featuring the iconic sugarloaf-shaped Monte San Salvatore and the Melide causeway.",
        "photo_path": "foto/montebre/3411456126992273276_01.jpg",
        "cluster_size": 290
      }
    },
    {
      "type": "Feature",
      "geometry": {
        "type": "Point",
        "coordinates": [
          8.987571361241994,
          46.006926286424935
        ]
      },
      "properties": {
        "cluster_id": 23,
        "location": "montebre",
        "label": "View of Monte San Salvatore",
        "description": "An elevated panoramic view of Lake Lugano featuring the iconic sugarloaf-shaped Monte San Salvatore and the Melide causeway.",
        "photo_path": "foto/montebre/3081556558709209876_01.jpg",
        "cluster_size": 290
      }
    },
    {
      "type": "Feature",
      "geometry": {
        "type": "Point",
        "coordinates": [
          8.987142532147939,
          46.006909367803466
        ]
      },
      "properties": {
        "cluster_id": 23,
        "location": "montebre",
        "label": "View of Monte San Salvatore",
        "description": "An elevated panoramic view of Lake Lugano featuring the iconic sugarloaf-shaped Monte San Salvatore and the Melide causeway.",
        "photo_path": "foto/montebre/3161139185850953092_01.jpg",
        "cluster_size": 290
      }
    },
    {
      "type": "Feature",
      "geometry": {
        "type": "Point",
        "coordinates": [
          8.987402670559304,
          46.00710433431293
        ]
      },
      "properties": {
        "cluster_id": 23,
        "location": "montebre",
        "label": "View of Monte San Salvatore",
        "description": "An elevated panoramic view of Lake Lugano featuring the iconic sugarloaf-shaped Monte San Salvatore and the Melide causeway.",
        "photo_path": "foto/montebre/3188756106698810424_01.jpg",
        "cluster_size": 290
      }
    },
    {
      "type": "Feature",
      "geometry": {
        "type": "Point",
        "coordinates": [
          8.98738148998982,
          46.007056227010544
        ]
      },
      "properties": {
        "cluster_id": 23,
        "location": "montebre",
        "label": "View of Monte San Salvatore",
        "description": "An elevated panoramic view of Lake Lugano featuring the iconic sugarloaf-shaped Monte San Salvatore and the Melide causeway.",
        "photo_path": "foto/montebre/3142461919133412266_01.jpg",
        "cluster_size": 290
      }
    },
    {
      "type": "Feature",
      "geometry": {
        "type": "Point",
        "coordinates": [
          8.987183635279443,
          46.00699889668713
        ]
      },
      "properties": {
        "cluster_id": 23,
        "location": "montebre",
        "label": "View of Monte San Salvatore",
        "description": "An elevated panoramic view of Lake Lugano featuring the iconic sugarloaf-shaped Monte San Salvatore and the Melide causeway.",
        "photo_path": "foto/montebre/2744946793546086971_01.jpg",
        "cluster_size": 290
      }
    },
    {
      "type": "Feature",
      "geometry": {
        "type": "Point",
        "coordinates": [
          8.987212179047729,
          46.00700682923947
        ]
      },
      "properties": {
        "cluster_id": 23,
        "location": "montebre",
        "label": "View of Monte San Salvatore",
        "description": "An elevated panoramic view of Lake Lugano featuring the iconic sugarloaf-shaped Monte San Salvatore and the Melide causeway.",
        "photo_path": "foto/montebre/3135988470017813480_01.jpg",
        "cluster_size": 290
      }
    },
    {
      "type": "Feature",
      "geometry": {
        "type": "Point",
        "coordinates": [
          8.98728092816079,
          46.00708784862463
        ]
      },
      "properties": {
        "cluster_id": 23,
        "location": "montebre",
        "label": "View of Monte San Salvatore",
        "description": "An elevated panoramic view of Lake Lugano featuring the iconic sugarloaf-shaped Monte San Salvatore and the Melide causeway.",
        "photo_path": "foto/montebre/3159683113621193918_01.jpg",
        "cluster_size": 290
      }
    },
    {
      "type": "Feature",
      "geometry": {
        "type": "Point",
        "coordinates": [
          8.987258319541432,
          46.00692563088317
        ]
      },
      "properties": {
        "cluster_id": 23,
        "location": "montebre",
        "label": "View of Monte San Salvatore",
        "description": "An elevated panoramic view of Lake Lugano featuring the iconic sugarloaf-shaped Monte San Salvatore and the Melide causeway.",
        "photo_path": "foto/montebre/3411456126992273276_01.jpg",
        "cluster_size": 290
      }
    },
    {
      "type": "Feature",
      "geometry": {
        "type": "Point",
        "coordinates": [
          8.9872268906877,
          46.00703720103191
        ]
      },
      "properties": {
        "cluster_id": 23,
        "location": "montebre",
        "label": "View of Monte San Salvatore",
        "description": "An elevated panoramic view of Lake Lugano featuring the iconic sugarloaf-shaped Monte San Salvatore and the Melide causeway.",
        "photo_path": "foto/montebre/3081556558709209876_01.jpg",
        "cluster_size": 290
      }
    },
    {
      "type": "Feature",
      "geometry": {
        "type": "Point",
        "coordinates": [
          8.987331603740444,
          46.00692592609049
        ]
      },
      "properties": {
        "cluster_id": 23,
        "location": "montebre",
        "label": "View of Monte San Salvatore",
        "description": "An elevated panoramic view of Lake Lugano featuring the iconic sugarloaf-shaped Monte San Salvatore and the Melide causeway.",
        "photo_path": "foto/montebre/3161139185850953092_01.jpg",
        "cluster_size": 290
      }
    },
    {
      "type": "Feature",
      "geometry": {
        "type": "Point",
        "coordinates": [
          8.987234254651952,
          46.00702206906046
        ]
      },
      "properties": {
        "cluster_id": 23,
        "location": "montebre",
        "label": "View of Monte San Salvatore",
        "description": "An elevated panoramic view of Lake Lugano featuring the iconic sugarloaf-shaped Monte San Salvatore and the Melide causeway.",
        "photo_path": "foto/montebre/3188756106698810424_01.jpg",
        "cluster_size": 290
      }
    },
    {
      "type": "Feature",
      "geometry": {
        "type": "Point",
        "coordinates": [
          8.98733009450494,
          46.00695756411661
        ]
      },
      "properties": {
        "cluster_id": 23,
        "location": "montebre",
        "label": "View of Monte San Salvatore",
        "description": "An elevated panoramic view of Lake Lugano featuring the iconic sugarloaf-shaped Monte San Salvatore and the Melide causeway.",
        "photo_path": "foto/montebre/3142461919133412266_01.jpg",
        "cluster_size": 290
      }
    },
    {
      "type": "Feature",
      "geometry": {
        "type": "Point",
        "coordinates": [
          8.987117466335073,
          46.00686954195121
        ]
      },
      "properties": {
        "cluster_id": 23,
        "location": "montebre",
        "label": "View of Monte San Salvatore",
        "description": "An elevated panoramic view of Lake Lugano featuring the iconic sugarloaf-shaped Monte San Salvatore and the Melide causeway.",
        "photo_path": "foto/montebre/2744946793546086971_01.jpg",
        "cluster_size": 290
      }
    },
    {
      "type": "Feature",
      "geometry": {
        "type": "Point",
        "coordinates": [
          8.987272318086205,
          46.00693527529538
        ]
      },
      "properties": {
        "cluster_id": 23,
        "location": "montebre",
        "label": "View of Monte San Salvatore",
        "description": "An elevated panoramic view of Lake Lugano featuring the iconic sugarloaf-shaped Monte San Salvatore and the Melide causeway.",
        "photo_path": "foto/montebre/3135988470017813480_01.jpg",
        "cluster_size": 290
      }
    },
    {
      "type": "Feature",
      "geometry": {
        "type": "Point",
        "coordinates": [
          8.987491338620755,
          46.00702800969059
        ]
      },
      "properties": {
        "cluster_id": 23,
        "location": "montebre",
        "label": "View of Monte San Salvatore",
        "description": "An elevated panoramic view of Lake Lugano featuring the iconic sugarloaf-shaped Monte San Salvatore and the Melide causeway.",
        "photo_path": "foto/montebre/3159683113621193918_01.jpg",
        "cluster_size": 290
      }
    },
    {
      "type": "Feature",
      "geometry": {
        "type": "Point",
        "coordinates": [
          8.987279257607499,
          46.00707726663272
        ]
      },
      "properties": {
        "cluster_id": 23,
        "location": "montebre",
        "label": "View of Monte San Salvatore",
        "description": "An elevated panoramic view of Lake Lugano featuring the iconic sugarloaf-shaped Monte San Salvatore and the Melide causeway.",
        "photo_path": "foto/montebre/3411456126992273276_01.jpg",
        "cluster_size": 290
      }
    },
    {
      "type": "Feature",
      "geometry": {
        "type": "Point",
        "coordinates": [
          8.987169982188915,
          46.006998286828114
        ]
      },
      "properties": {
        "cluster_id": 23,
        "location": "montebre",
        "label": "View of Monte San Salvatore",
        "description": "An elevated panoramic view of Lake Lugano featuring the iconic sugarloaf-shaped Monte San Salvatore and the Melide causeway.",
        "photo_path": "foto/montebre/3081556558709209876_01.jpg",
        "cluster_size": 290
      }
    },
    {
      "type": "Feature",
      "geometry": {
        "type": "Point",
        "coordinates": [
          8.9872625639251,
          46.006998332149905
        ]
      },
      "properties": {
        "cluster_id": 23,
        "location": "montebre",
        "label": "View of Monte San Salvatore",
        "description": "An elevated panoramic view of Lake Lugano featuring the iconic sugarloaf-shaped Monte San Salvatore and the Melide causeway.",
        "photo_path": "foto/montebre/3161139185850953092_01.jpg",
        "cluster_size": 290
      }
    },
    {
      "type": "Feature",
      "geometry": {
        "type": "Point",
        "coordinates": [
          8.98719271660229,
          46.00702907374417
        ]
      },
      "properties": {
        "cluster_id": 23,
        "location": "montebre",
        "label": "View of Monte San Salvatore",
        "description": "An elevated panoramic view of Lake Lugano featuring the iconic sugarloaf-shaped Monte San Salvatore and the Melide causeway.",
        "photo_path": "foto/montebre/3188756106698810424_01.jpg",
        "cluster_size": 290
      }
    },
    {
      "type": "Feature",
      "geometry": {
        "type": "Point",
        "coordinates": [
          8.987498780569886,
          46.007046787974254
        ]
      },
      "properties": {
        "cluster_id": 23,
        "location": "montebre",
        "label": "View of Monte San Salvatore",
        "description": "An elevated panoramic view of Lake Lugano featuring the iconic sugarloaf-shaped Monte San Salvatore and the Melide causeway.",
        "photo_path": "foto/montebre/3142461919133412266_01.jpg",
        "cluster_size": 290
      }
    },
    {
      "type": "Feature",
      "geometry": {
        "type": "Point",
        "coordinates": [
          8.987352097904196,
          46.006990201788426
        ]
      },
      "properties": {
        "cluster_id": 23,
        "location": "montebre",
        "label": "View of Monte San Salvatore",
        "description": "An elevated panoramic view of Lake Lugano featuring the iconic sugarloaf-shaped Monte San Salvatore and the Melide causeway.",
        "photo_path": "foto/montebre/2744946793546086971_01.jpg",
        "cluster_size": 290
      }
    },
    {
      "type": "Feature",
      "geometry": {
        "type": "Point",
        "coordinates": [
          8.987247965805933,
          46.00706217513439
        ]
      },
      "properties": {
        "cluster_id": 23,
        "location": "montebre",
        "label": "View of Monte San Salvatore",
        "description": "An elevated panoramic view of Lake Lugano featuring the iconic sugarloaf-shaped Monte San Salvatore and the Melide causeway.",
        "photo_path": "foto/montebre/3135988470017813480_01.jpg",
        "cluster_size": 290
      }
    },
    {
      "type": "Feature",
      "geometry": {
        "type": "Point",
        "coordinates": [
          8.987301633105666,
          46.00702018851187
        ]
      },
      "properties": {
        "cluster_id": 23,
        "location": "montebre",
        "label": "View of Monte San Salvatore",
        "description": "An elevated panoramic view of Lake Lugano featuring the iconic sugarloaf-shaped Monte San Salvatore and the Melide causeway.",
        "photo_path": "foto/montebre/3159683113621193918_01.jpg",
        "cluster_size": 290
      }
    },
    {
      "type": "Feature",
      "geometry": {
        "type": "Point",
        "coordinates": [
          8.987199748532474,
          46.00700879964852
        ]
      },
      "properties": {
        "cluster_id": 23,
        "location": "montebre",
        "label": "View of Monte San Salvatore",
        "description": "An elevated panoramic view of Lake Lugano featuring the iconic sugarloaf-shaped Monte San Salvatore and the Melide causeway.",
        "photo_path": "foto/montebre/3411456126992273276_01.jpg",
        "cluster_size": 290
      }
    },
    {
      "type": "Feature",
      "geometry": {
        "type": "Point",
        "coordinates": [
          8.987364585288008,
          46.00700220812381
        ]
      },
      "properties": {
        "cluster_id": 23,
        "location": "montebre",
        "label": "View of Monte San Salvatore",
        "description": "An elevated panoramic view of Lake Lugano featuring the iconic sugarloaf-shaped Monte San Salvatore and the Melide causeway.",
        "photo_path": "foto/montebre/3081556558709209876_01.jpg",
        "cluster_size": 290
      }
    },
    {
      "type": "Feature",
      "geometry": {
        "type": "Point",
        "coordinates": [
          8.987424407620807,
          46.00713073365836
        ]
      },
      "properties": {
        "cluster_id": 23,
        "location": "montebre",
        "label": "View of Monte San Salvatore",
        "description": "An elevated panoramic view of Lake Lugano featuring the iconic sugarloaf-shaped Monte San Salvatore and the Melide causeway.",
        "photo_path": "foto/montebre/3161139185850953092_01.jpg",
        "cluster_size": 290
      }
    },
    {
      "type": "Feature",
      "geometry": {
        "type": "Point",
        "coordinates": [
          8.987200482864655,
          46.007193980401574
        ]
      },
      "properties": {
        "cluster_id": 23,
        "location": "montebre",
        "label": "View of Monte San Salvatore",
        "description": "An elevated panoramic view of Lake Lugano featuring the iconic sugarloaf-shaped Monte San Salvatore and the Melide causeway.",
        "photo_path": "foto/montebre/3188756106698810424_01.jpg",
        "cluster_size": 290
      }
    },
    {
      "type": "Feature",
      "geometry": {
        "type": "Point",
        "coordinates": [
          8.987323777584084,
          46.007078587444745
        ]
      },
      "properties": {
        "cluster_id": 23,
        "location": "montebre",
        "label": "View of Monte San Salvatore",
        "description": "An elevated panoramic view of Lake Lugano featuring the iconic sugarloaf-shaped Monte San Salvatore and the Melide causeway.",
        "photo_path": "foto/montebre/3142461919133412266_01.jpg",
        "cluster_size": 290
      }
    },
    {
      "type": "Feature",
      "geometry": {
        "type": "Point",
        "coordinates": [
          8.987195171974536,
          46.00719727954353
        ]
      },
      "properties": {
        "cluster_id": 23,
        "location": "montebre",
        "label": "View of Monte San Salvatore",
        "description": "An elevated panoramic view of Lake Lugano featuring the iconic sugarloaf-shaped Monte San Salvatore and the Melide causeway.",
        "photo_path": "foto/montebre/2744946793546086971_01.jpg",
        "cluster_size": 290
      }
    },
    {
      "type": "Feature",
      "geometry": {
        "type": "Point",
        "coordinates": [
          8.987222264900671,
          46.00692434938359
        ]
      },
      "properties": {
        "cluster_id": 23,
        "location": "montebre",
        "label": "View of Monte San Salvatore",
        "description": "An elevated panoramic view of Lake Lugano featuring the iconic sugarloaf-shaped Monte San Salvatore and the Melide causeway.",
        "photo_path": "foto/montebre/3135988470017813480_01.jpg",
        "cluster_size": 290
      }
    },
    {
      "type": "Feature",
      "geometry": {
        "type": "Point",
        "coordinates": [
          8.987231814947775,
          46.00680865804285
        ]
      },
      "properties": {
        "cluster_id": 23,
        "location": "montebre",
        "label": "View of Monte San Salvatore",
        "description": "An elevated panoramic view of Lake Lugano featuring the iconic sugarloaf-shaped Monte San Salvatore and the Melide causeway.",
        "photo_path": "foto/montebre/3159683113621193918_01.jpg",
        "cluster_size": 290
      }
    },
    {
      "type": "Feature",
      "geometry": {
        "type": "Point",
        "coordinates": [
          8.987319504536831,
          46.006931609670126
        ]
      },
      "properties": {
        "cluster_id": 23,
        "location": "montebre",
        "label": "View of Monte San Salvatore",
        "description": "An elevated panoramic view of Lake Lugano featuring the iconic sugarloaf-shaped Monte San Salvatore and the Melide causeway.",
        "photo_path": "foto/montebre/3411456126992273276_01.jpg",
        "cluster_size": 290
      }
    },
    {
      "type": "Feature",
      "geometry": {
        "type": "Point",
        "coordinates": [
          8.987543320180274,
          46.00703078882665
        ]
      },
      "properties": {
        "cluster_id": 23,
        "location": "montebre",
        "label": "View of Monte San Salvatore",
        "description": "An elevated panoramic view of Lake Lugano featuring the iconic sugarloaf-shaped Monte San Salvatore and the Melide causeway.",
        "photo_path": "foto/montebre/3081556558709209876_01.jpg",
        "cluster_size": 290
      }
    },
    {
      "type": "Feature",
      "geometry": {
        "type": "Point",
        "coordinates": [
          8.98722518149277,
          46.00708562376921
        ]
      },
      "properties": {
        "cluster_id": 23,
        "location": "montebre",
        "label": "View of Monte San Salvatore",
        "description": "An elevated panoramic view of Lake Lugano featuring the iconic sugarloaf-shaped Monte San Salvatore and the Melide causeway.",
        "photo_path": "foto/montebre/3161139185850953092_01.jpg",
        "cluster_size": 290
      }
    },
    {
      "type": "Feature",
      "geometry": {
        "type": "Point",
        "coordinates": [
          8.987363796888316,
          46.00691906174132
        ]
      },
      "properties": {
        "cluster_id": 23,
        "location": "montebre",
        "label": "View of Monte San Salvatore",
        "description": "An elevated panoramic view of Lake Lugano featuring the iconic sugarloaf-shaped Monte San Salvatore and the Melide causeway.",
        "photo_path": "foto/montebre/3188756106698810424_01.jpg",
        "cluster_size": 290
      }
    },
    {
      "type": "Feature",
      "geometry": {
        "type": "Point",
        "coordinates": [
          8.987537521481391,
          46.006881060071436
        ]
      },
      "properties": {
        "cluster_id": 23,
        "location": "montebre",
        "label": "View of Monte San Salvatore",
        "description": "An elevated panoramic view of Lake Lugano featuring the iconic sugarloaf-shaped Monte San Salvatore and the Melide causeway.",
        "photo_path": "foto/montebre/3142461919133412266_01.jpg",
        "cluster_size": 290
      }
    },
    {
      "type": "Feature",
      "geometry": {
        "type": "Point",
        "coordinates": [
          8.987239152713673,
          46.00710625586673
        ]
      },
      "properties": {
        "cluster_id": 23,
        "location": "montebre",
        "label": "View of Monte San Salvatore",
        "description": "An elevated panoramic view of Lake Lugano featuring the iconic sugarloaf-shaped Monte San Salvatore and the Melide causeway.",
        "photo_path": "foto/montebre/2744946793546086971_01.jpg",
        "cluster_size": 290
      }
    },
    {
      "type": "Feature",
      "geometry": {
        "type": "Point",
        "coordinates": [
          8.987475583408111,
          46.006845663555936
        ]
      },
      "properties": {
        "cluster_id": 23,
        "location": "montebre",
        "label": "View of Monte San Salvatore",
        "description": "An elevated panoramic view of Lake Lugano featuring the iconic sugarloaf-shaped Monte San Salvatore and the Melide causeway.",
        "photo_path": "foto/montebre/3135988470017813480_01.jpg",
        "cluster_size": 290
      }
    },
    {
      "type": "Feature",
      "geometry": {
        "type": "Point",
        "coordinates": [
          8.98746053212313,
          46.00698968109502
        ]
      },
      "properties": {
        "cluster_id": 23,
        "location": "montebre",
        "label": "View of Monte San Salvatore",
        "description": "An elevated panoramic view of Lake Lugano featuring the iconic sugarloaf-shaped Monte San Salvatore and the Melide causeway.",
        "photo_path": "foto/montebre/3159683113621193918_01.jpg",
        "cluster_size": 290
      }
    },
    {
      "type": "Feature",
      "geometry": {
        "type": "Point",
        "coordinates": [
          8.987222267186127,
          46.00685635786858
        ]
      },
      "properties": {
        "cluster_id": 23,
        "location": "montebre",
        "label": "View of Monte San Salvatore",
        "description": "An elevated panoramic view of Lake Lugano featuring the iconic sugarloaf-shaped Monte San Salvatore and the Melide causeway.",
        "photo_path": "foto/montebre/3411456126992273276_01.jpg",
        "cluster_size": 290
      }
    },
    {
      "type": "Feature",
      "geometry": {
        "type": "Point",
        "coordinates": [
          8.987306092902791,
          46.00700047240538
        ]
      },
      "properties": {
        "cluster_id": 23,
        "location": "montebre",
        "label": "View of Monte San Salvatore",
        "description": "An elevated panoramic view of Lake Lugano featuring the iconic sugarloaf-shaped Monte San Salvatore and the Melide causeway.",
        "photo_path": "foto/montebre/3081556558709209876_01.jpg",
        "cluster_size": 290
      }
    },
    {
      "type": "Feature",
      "geometry": {
        "type": "Point",
        "coordinates": [
          8.987380777269667,
          46.00695945356112
        ]
      },
      "properties": {
        "cluster_id": 23,
        "location": "montebre",
        "label": "View of Monte San Salvatore",
        "description": "An elevated panoramic view of Lake Lugano featuring the iconic sugarloaf-shaped Monte San Salvatore and the Melide causeway.",
        "photo_path": "foto/montebre/3161139185850953092_01.jpg",
        "cluster_size": 290
      }
    },
    {
      "type": "Feature",
      "geometry": {
        "type": "Point",
        "coordinates": [
          8.987281534836146,
          46.006903817979335
        ]
      },
      "properties": {
        "cluster_id": 23,
        "location": "montebre",
        "label": "View of Monte San Salvatore",
        "description": "An elevated panoramic view of Lake Lugano featuring the iconic sugarloaf-shaped Monte San Salvatore and the Melide causeway.",
        "photo_path": "foto/montebre/3188756106698810424_01.jpg",
        "cluster_size": 290
      }
    },
    {
      "type": "Feature",
      "geometry": {
        "type": "Point",
        "coordinates": [
          8.987366717458361,
          46.0070108374443
        ]
      },
      "properties": {
        "cluster_id": 23,
        "location": "montebre",
        "label": "View of Monte San Salvatore",
        "description": "An elevated panoramic view of Lake Lugano featuring the iconic sugarloaf-shaped Monte San Salvatore and the Melide causeway.",
        "photo_path": "foto/montebre/3142461919133412266_01.jpg",
        "cluster_size": 290
      }
    },
    {
      "type": "Feature",
      "geometry": {
        "type": "Point",
        "coordinates": [
          8.987154145416392,
          46.00706410944847
        ]
      },
      "properties": {
        "cluster_id": 23,
        "location": "montebre",
        "label": "View of Monte San Salvatore",
        "description": "An elevated panoramic view of Lake Lugano featuring the iconic sugarloaf-shaped Monte San Salvatore and the Melide causeway.",
        "photo_path": "foto/montebre/2744946793546086971_01.jpg",
        "cluster_size": 290
      }
    },
    {
      "type": "Feature",
      "geometry": {
        "type": "Point",
        "coordinates": [
          8.987465701623828,
          46.00686179151615
        ]
      },
      "properties": {
        "cluster_id": 23,
        "location": "montebre",
        "label": "View of Monte San Salvatore",
        "description": "An elevated panoramic view of Lake Lugano featuring the iconic sugarloaf-shaped Monte San Salvatore and the Melide causeway.",
        "photo_path": "foto/montebre/3135988470017813480_01.jpg",
        "cluster_size": 290
      }
    },
    {
      "type": "Feature",
      "geometry": {
        "type": "Point",
        "coordinates": [
          8.98720292894698,
          46.007029938199274
        ]
      },
      "properties": {
        "cluster_id": 23,
        "location": "montebre",
        "label": "View of Monte San Salvatore",
        "description": "An elevated panoramic view of Lake Lugano featuring the iconic sugarloaf-shaped Monte San Salvatore and the Melide causeway.",
        "photo_path": "foto/montebre/3159683113621193918_01.jpg",
        "cluster_size": 290
      }
    },
    {
      "type": "Feature",
      "geometry": {
        "type": "Point",
        "coordinates": [
          8.98731500181768,
          46.00713974342121
        ]
      },
      "properties": {
        "cluster_id": 23,
        "location": "montebre",
        "label": "View of Monte San Salvatore",
        "description": "An elevated panoramic view of Lake Lugano featuring the iconic sugarloaf-shaped Monte San Salvatore and the Melide causeway.",
        "photo_path": "foto/montebre/3411456126992273276_01.jpg",
        "cluster_size": 290
      }
    },
    {
      "type": "Feature",
      "geometry": {
        "type": "Point",
        "coordinates": [
          8.987308756456887,
          46.00710624298955
        ]
      },
      "properties": {
        "cluster_id": 23,
        "location": "montebre",
        "label": "View of Monte San Salvatore",
        "description": "An elevated panoramic view of Lake Lugano featuring the iconic sugarloaf-shaped Monte San Salvatore and the Melide causeway.",
        "photo_path": "foto/montebre/3081556558709209876_01.jpg",
        "cluster_size": 290
      }
    },
    {
      "type": "Feature",
      "geometry": {
        "type": "Point",
        "coordinates": [
          8.987527649764775,
          46.0071856529662
        ]
      },
      "properties": {
        "cluster_id": 23,
        "location": "montebre",
        "label": "View of Monte San Salvatore",
        "description": "An elevated panoramic view of Lake Lugano featuring the iconic sugarloaf-shaped Monte San Salvatore and the Melide causeway.",
        "photo_path": "foto/montebre/3161139185850953092_01.jpg",
        "cluster_size": 290
      }
    },
    {
      "type": "Feature",
      "geometry": {
        "type": "Point",
        "coordinates": [
          8.987426002821275,
          46.00697757079743
        ]
      },
      "properties": {
        "cluster_id": 23,
        "location": "montebre",
        "label": "View of Monte San Salvatore",
        "description": "An elevated panoramic view of Lake Lugano featuring the iconic sugarloaf-shaped Monte San Salvatore and the Melide causeway.",
        "photo_path": "foto/montebre/3188756106698810424_01.jpg",
        "cluster_size": 290
      }
    },
    {
      "type": "Feature",
      "geometry": {
        "type": "Point",
        "coordinates": [
          8.987477497523331,
          46.00705814197744
        ]
      },
      "properties": {
        "cluster_id": 23,
        "location": "montebre",
        "label": "View of Monte San Salvatore",
        "description": "An elevated panoramic view of Lake Lugano featuring the iconic sugarloaf-shaped Monte San Salvatore and the Melide causeway.",
        "photo_path": "foto/montebre/3142461919133412266_01.jpg",
        "cluster_size": 290
      }
    },
    {
      "type": "Feature",
      "geometry": {
        "type": "Point",
        "coordinates": [
          8.98738897386178,
          46.00691306995851
        ]
      },
      "properties": {
        "cluster_id": 23,
        "location": "montebre",
        "label": "View of Monte San Salvatore",
        "description": "An elevated panoramic view of Lake Lugano featuring the iconic sugarloaf-shaped Monte San Salvatore and the Melide causeway.",
        "photo_path": "foto/montebre/2744946793546086971_01.jpg",
        "cluster_size": 290
      }
    },
    {
      "type": "Feature",
      "geometry": {
        "type": "Point",
        "coordinates": [
          8.98707190946584,
          46.007095353557375
        ]
      },
      "properties": {
        "cluster_id": 23,
        "location": "montebre",
        "label": "View of Monte San Salvatore",
        "description": "An elevated panoramic view of Lake Lugano featuring the iconic sugarloaf-shaped Monte San Salvatore and the Melide causeway.",
        "photo_path": "foto/montebre/3135988470017813480_01.jpg",
        "cluster_size": 290
      }
    },
    {
      "type": "Feature",
      "geometry": {
        "type": "Point",
        "coordinates": [
          8.987035532430873,
          46.00689340013399
        ]
      },
      "properties": {
        "cluster_id": 23,
        "location": "montebre",
        "label": "View of Monte San Salvatore",
        "description": "An elevated panoramic view of Lake Lugano featuring the iconic sugarloaf-shaped Monte San Salvatore and the Melide causeway.",
        "photo_path": "foto/montebre/3159683113621193918_01.jpg",
        "cluster_size": 290
      }
    },
    {
      "type": "Feature",
      "geometry": {
        "type": "Point",
        "coordinates": [
          8.987393057896107,
          46.00697572911401
        ]
      },
      "properties": {
        "cluster_id": 23,
        "location": "montebre",
        "label": "View of Monte San Salvatore",
        "description": "An elevated panoramic view of Lake Lugano featuring the iconic sugarloaf-shaped Monte San Salvatore and the Melide causeway.",
        "photo_path": "foto/montebre/3411456126992273276_01.jpg",
        "cluster_size": 290
      }
    },
    {
      "type": "Feature",
      "geometry": {
        "type": "Point",
        "coordinates": [
          8.987309609335648,
          46.00713534748217
        ]
      },
      "properties": {
        "cluster_id": 23,
        "location": "montebre",
        "label": "View of Monte San Salvatore",
        "description": "An elevated panoramic view of Lake Lugano featuring the iconic sugarloaf-shaped Monte San Salvatore and the Melide causeway.",
        "photo_path": "foto/montebre/3081556558709209876_01.jpg",
        "cluster_size": 290
      }
    },
    {
      "type": "Feature",
      "geometry": {
        "type": "Point",
        "coordinates": [
          8.98712101494779,
          46.00714672212122
        ]
      },
      "properties": {
        "cluster_id": 23,
        "location": "montebre",
        "label": "View of Monte San Salvatore",
        "description": "An elevated panoramic view of Lake Lugano featuring the iconic sugarloaf-shaped Monte San Salvatore and the Melide causeway.",
        "photo_path": "foto/montebre/3161139185850953092_01.jpg",
        "cluster_size": 290
      }
    },
    {
      "type": "Feature",
      "geometry": {
        "type": "Point",
        "coordinates": [
          8.987292796031243,
          46.00684654212258
        ]
      },
      "properties": {
        "cluster_id": 23,
        "location": "montebre",
        "label": "View of Monte San Salvatore",
        "description": "An elevated panoramic view of Lake Lugano featuring the iconic sugarloaf-shaped Monte San Salvatore and the Melide causeway.",
        "photo_path": "foto/montebre/3188756106698810424_01.jpg",
        "cluster_size": 290
      }
    },
    {
      "type": "Feature",
      "geometry": {
        "type": "Point",
        "coordinates": [
          8.987295759825367,
          46.00703460049089
        ]
      },
      "properties": {
        "cluster_id": 23,
        "location": "montebre",
        "label": "View of Monte San Salvatore",
        "description": "An elevated panoramic view of Lake Lugano featuring the iconic sugarloaf-shaped Monte San Salvatore and the Melide causeway.",
        "photo_path": "foto/montebre/3142461919133412266_01.jpg",
        "cluster_size": 290
      }
    },
    {
      "type": "Feature",
      "geometry": {
        "type": "Point",
        "coordinates": [
          8.987288442041828,
          46.00681374395495
        ]
      },
      "properties": {
        "cluster_id": 23,
        "location": "montebre",
        "label": "View of Monte San Salvatore",
        "description": "An elevated panoramic view of Lake Lugano featuring the iconic sugarloaf-shaped Monte San Salvatore and the Melide causeway.",
        "photo_path": "foto/montebre/2744946793546086971_01.jpg",
        "cluster_size": 290
      }
    },
    {
      "type": "Feature",
      "geometry": {
        "type": "Point",
        "coordinates": [
          8.987386849684421,
          46.00688248022518
        ]
      },
      "properties": {
        "cluster_id": 23,
        "location": "montebre",
        "label": "View of Monte San Salvatore",
        "description": "An elevated panoramic view of Lake Lugano featuring the iconic sugarloaf-shaped Monte San Salvatore and the Melide causeway.",
        "photo_path": "foto/montebre/3135988470017813480_01.jpg",
        "cluster_size": 290
      }
    },
    {
      "type": "Feature",
      "geometry": {
        "type": "Point",
        "coordinates": [
          8.98717810719884,
          46.00703302686902
        ]
      },
      "properties": {
        "cluster_id": 23,
        "location": "montebre",
        "label": "View of Monte San Salvatore",
        "description": "An elevated panoramic view of Lake Lugano featuring the iconic sugarloaf-shaped Monte San Salvatore and the Melide causeway.",
        "photo_path": "foto/montebre/3159683113621193918_01.jpg",
        "cluster_size": 290
      }
    },
    {
      "type": "Feature",
      "geometry": {
        "type": "Point",
        "coordinates": [
          8.987162630833126,
          46.006953705683124
        ]
      },
      "properties": {
        "cluster_id": 23,
        "location": "montebre",
        "label": "View of Monte San Salvatore",
        "description": "An elevated panoramic view of Lake Lugano featuring the iconic sugarloaf-shaped Monte San Salvatore and the Melide causeway.",
        "photo_path": "foto/montebre/3411456126992273276_01.jpg",
        "cluster_size": 290
      }
    },
    {
      "type": "Feature",
      "geometry": {
        "type": "Point",
        "coordinates": [
          8.987423872195833,
          46.006994353234475
        ]
      },
      "properties": {
        "cluster_id": 23,
        "location": "montebre",
        "label": "View of Monte San Salvatore",
        "description": "An elevated panoramic view of Lake Lugano featuring the iconic sugarloaf-shaped Monte San Salvatore and the Melide causeway.",
        "photo_path": "foto/montebre/3081556558709209876_01.jpg",
        "cluster_size": 290
      }
    },
    {
      "type": "Feature",
      "geometry": {
        "type": "Point",
        "coordinates": [
          8.987365369680873,
          46.00691119585168
        ]
      },
      "properties": {
        "cluster_id": 23,
        "location": "montebre",
        "label": "View of Monte San Salvatore",
        "description": "An elevated panoramic view of Lake Lugano featuring the iconic sugarloaf-shaped Monte San Salvatore and the Melide causeway.",
        "photo_path": "foto/montebre/3161139185850953092_01.jpg",
        "cluster_size": 290
      }
    },
    {
      "type": "Feature",
      "geometry": {
        "type": "Point",
        "coordinates": [
          8.987197172498128,
          46.006952229043385
        ]
      },
      "properties": {
        "cluster_id": 23,
        "location": "montebre",
        "label": "View of Monte San Salvatore",
        "description": "An elevated panoramic view of Lake Lugano featuring the iconic sugarloaf-shaped Monte San Salvatore and the Melide causeway.",
        "photo_path": "foto/montebre/3188756106698810424_01.jpg",
        "cluster_size": 290
      }
    },
    {
      "type": "Feature",
      "geometry": {
        "type": "Point",
        "coordinates": [
          8.987165739652673,
          46.00699035762523
        ]
      },
      "properties": {
        "cluster_id": 23,
        "location": "montebre",
        "label": "View of Monte San Salvatore",
        "description": "An elevated panoramic view of Lake Lugano featuring the iconic sugarloaf-shaped Monte San Salvatore and the Melide causeway.",
        "photo_path": "foto/montebre/3142461919133412266_01.jpg",
        "cluster_size": 290
      }
    },
    {
      "type": "Feature",
      "geometry": {
        "type": "Point",
        "coordinates": [
          8.987144647481626,
          46.0069501216842
        ]
      },
      "properties": {
        "cluster_id": 23,
        "location": "montebre",
        "label": "View of Monte San Salvatore",
        "description": "An elevated panoramic view of Lake Lugano featuring the iconic sugarloaf-shaped Monte San Salvatore and the Melide causeway.",
        "photo_path": "foto/montebre/2744946793546086971_01.jpg",
        "cluster_size": 290
      }
    },
    {
      "type": "Feature",
      "geometry": {
        "type": "Point",
        "coordinates": [
          8.987304573322238,
          46.00717700226422
        ]
      },
      "properties": {
        "cluster_id": 23,
        "location": "montebre",
        "label": "View of Monte San Salvatore",
        "description": "An elevated panoramic view of Lake Lugano featuring the iconic sugarloaf-shaped Monte San Salvatore and the Melide causeway.",
        "photo_path": "foto/montebre/3135988470017813480_01.jpg",
        "cluster_size": 290
      }
    },
    {
      "type": "Feature",
      "geometry": {
        "type": "Point",
        "coordinates": [
          8.987327751007193,
          46.00693696166594
        ]
      },
      "properties": {
        "cluster_id": 23,
        "location": "montebre",
        "label": "View of Monte San Salvatore",
        "description": "An elevated panoramic view of Lake Lugano featuring the iconic sugarloaf-shaped Monte San Salvatore and the Melide causeway.",
        "photo_path": "foto/montebre/3159683113621193918_01.jpg",
        "cluster_size": 290
      }
    },
    {
      "type": "Feature",
      "geometry": {
        "type": "Point",
        "coordinates": [
          8.987271342501614,
          46.00698988035588
        ]
      },
      "properties": {
        "cluster_id": 23,
        "location": "montebre",
        "label": "View of Monte San Salvatore",
        "description": "An elevated panoramic view of Lake Lugano featuring the iconic sugarloaf-shaped Monte San Salvatore and the Melide causeway.",
        "photo_path": "foto/montebre/3411456126992273276_01.jpg",
        "cluster_size": 290
      }
    },
    {
      "type": "Feature",
      "geometry": {
        "type": "Point",
        "coordinates": [
          8.98739824100701,
          46.00705533033334
        ]
      },
      "properties": {
        "cluster_id": 23,
        "location": "montebre",
        "label": "View of Monte San Salvatore",
        "description": "An elevated panoramic view of Lake Lugano featuring the iconic sugarloaf-shaped Monte San Salvatore and the Melide causeway.",
        "photo_path": "foto/montebre/3081556558709209876_01.jpg",
        "cluster_size": 290
      }
    },
    {
      "type": "Feature",
      "geometry": {
        "type": "Point",
        "coordinates": [
          8.987225322260004,
          46.006952207103815
        ]
      },
      "properties": {
        "cluster_id": 23,
        "location": "montebre",
        "label": "View of Monte San Salvatore",
        "description": "An elevated panoramic view of Lake Lugano featuring the iconic sugarloaf-shaped Monte San Salvatore and the Melide causeway.",
        "photo_path": "foto/montebre/3161139185850953092_01.jpg",
        "cluster_size": 290
      }
    },
    {
      "type": "Feature",
      "geometry": {
        "type": "Point",
        "coordinates": [
          8.987001464354378,
          46.006975220567824
        ]
      },
      "properties": {
        "cluster_id": 23,
        "location": "montebre",
        "label": "View of Monte San Salvatore",
        "description": "An elevated panoramic view of Lake Lugano featuring the iconic sugarloaf-shaped Monte San Salvatore and the Melide causeway.",
        "photo_path": "foto/montebre/3188756106698810424_01.jpg",
        "cluster_size": 290
      }
    },
    {
      "type": "Feature",
      "geometry": {
        "type": "Point",
        "coordinates": [
          8.987477269620769,
          46.0068634963007
        ]
      },
      "properties": {
        "cluster_id": 23,
        "location": "montebre",
        "label": "View of Monte San Salvatore",
        "description": "An elevated panoramic view of Lake Lugano featuring the iconic sugarloaf-shaped Monte San Salvatore and the Melide causeway.",
        "photo_path": "foto/montebre/3142461919133412266_01.jpg",
        "cluster_size": 290
      }
    },
    {
      "type": "Feature",
      "geometry": {
        "type": "Point",
        "coordinates": [
          8.987267702571229,
          46.0071481952895
        ]
      },
      "properties": {
        "cluster_id": 23,
        "location": "montebre",
        "label": "View of Monte San Salvatore",
        "description": "An elevated panoramic view of Lake Lugano featuring the iconic sugarloaf-shaped Monte San Salvatore and the Melide causeway.",
        "photo_path": "foto/montebre/2744946793546086971_01.jpg",
        "cluster_size": 290
      }
    },
    {
      "type": "Feature",
      "geometry": {
        "type": "Point",
        "coordinates": [
          8.987340365963552,
          46.00705194206874
        ]
      },
      "properties": {
        "cluster_id": 23,
        "location": "montebre",
        "label": "View of Monte San Salvatore",
        "description": "An elevated panoramic view of Lake Lugano featuring the iconic sugarloaf-shaped Monte San Salvatore and the Melide causeway.",
        "photo_path": "foto/montebre/3135988470017813480_01.jpg",
        "cluster_size": 290
      }
    },
    {
      "type": "Feature",
      "geometry": {
        "type": "Point",
        "coordinates": [
          8.987445197422103,
          46.007277376649405
        ]
      },
      "properties": {
        "cluster_id": 23,
        "location": "montebre",
        "label": "View of Monte San Salvatore",
        "description": "An elevated panoramic view of Lake Lugano featuring the iconic sugarloaf-shaped Monte San Salvatore and the Melide causeway.",
        "photo_path": "foto/montebre/3159683113621193918_01.jpg",
        "cluster_size": 290
      }
    },
    {
      "type": "Feature",
      "geometry": {
        "type": "Point",
        "coordinates": [
          8.987176076172059,
          46.006988475892655
        ]
      },
      "properties": {
        "cluster_id": 23,
        "location": "montebre",
        "label": "View of Monte San Salvatore",
        "description": "An elevated panoramic view of Lake Lugano featuring the iconic sugarloaf-shaped Monte San Salvatore and the Melide causeway.",
        "photo_path": "foto/montebre/3411456126992273276_01.jpg",
        "cluster_size": 290
      }
    },
    {
      "type": "Feature",
      "geometry": {
        "type": "Point",
        "coordinates": [
          8.987326387153836,
          46.00685527510628
        ]
      },
      "properties": {
        "cluster_id": 23,
        "location": "montebre",
        "label": "View of Monte San Salvatore",
        "description": "An elevated panoramic view of Lake Lugano featuring the iconic sugarloaf-shaped Monte San Salvatore and the Melide causeway.",
        "photo_path": "foto/montebre/3081556558709209876_01.jpg",
        "cluster_size": 290
      }
    },
    {
      "type": "Feature",
      "geometry": {
        "type": "Point",
        "coordinates": [
          8.987115548231651,
          46.006931860293214
        ]
      },
      "properties": {
        "cluster_id": 23,
        "location": "montebre",
        "label": "View of Monte San Salvatore",
        "description": "An elevated panoramic view of Lake Lugano featuring the iconic sugarloaf-shaped Monte San Salvatore and the Melide causeway.",
        "photo_path": "foto/montebre/3161139185850953092_01.jpg",
        "cluster_size": 290
      }
    },
    {
      "type": "Feature",
      "geometry": {
        "type": "Point",
        "coordinates": [
          8.98715973427914,
          46.006941750190606
        ]
      },
      "properties": {
        "cluster_id": 23,
        "location": "montebre",
        "label": "View of Monte San Salvatore",
        "description": "An elevated panoramic view of Lake Lugano featuring the iconic sugarloaf-shaped Monte San Salvatore and the Melide causeway.",
        "photo_path": "foto/montebre/3188756106698810424_01.jpg",
        "cluster_size": 290
      }
    },
    {
      "type": "Feature",
      "geometry": {
        "type": "Point",
        "coordinates": [
          8.987414339664658,
          46.007151994741896
        ]
      },
      "properties": {
        "cluster_id": 23,
        "location": "montebre",
        "label": "View of Monte San Salvatore",
        "description": "An elevated panoramic view of Lake Lugano featuring the iconic sugarloaf-shaped Monte San Salvatore and the Melide causeway.",
        "photo_path": "foto/montebre/3142461919133412266_01.jpg",
        "cluster_size": 290
      }
    },
    {
      "type": "Feature",
      "geometry": {
        "type": "Point",
        "coordinates": [
          8.987491933627334,
          46.00699928174402
        ]
      },
      "properties": {
        "cluster_id": 23,
        "location": "montebre",
        "label": "View of Monte San Salvatore",
        "description": "An elevated panoramic view of Lake Lugano featuring the iconic sugarloaf-shaped Monte San Salvatore and the Melide causeway.",
        "photo_path": "foto/montebre/2744946793546086971_01.jpg",
        "cluster_size": 290
      }
    },
    {
      "type": "Feature",
      "geometry": {
        "type": "Point",
        "coordinates": [
          8.987188300242837,
          46.00700697011781
        ]
      },
      "properties": {
        "cluster_id": 23,
        "location": "montebre",
        "label": "View of Monte San Salvatore",
        "description": "An elevated panoramic view of Lake Lugano featuring the iconic sugarloaf-shaped Monte San Salvatore and the Melide causeway.",
        "photo_path": "foto/montebre/3135988470017813480_01.jpg",
        "cluster_size": 290
      }
    },
    {
      "type": "Feature",
      "geometry": {
        "type": "Point",
        "coordinates": [
          8.987369891124112,
          46.00713721838534
        ]
      },
      "properties": {
        "cluster_id": 23,
        "location": "montebre",
        "label": "View of Monte San Salvatore",
        "description": "An elevated panoramic view of Lake Lugano featuring the iconic sugarloaf-shaped Monte San Salvatore and the Melide causeway.",
        "photo_path": "foto/montebre/3159683113621193918_01.jpg",
        "cluster_size": 290
      }
    },
    {
      "type": "Feature",
      "geometry": {
        "type": "Point",
        "coordinates": [
          8.987275315019028,
          46.00690655440051
        ]
      },
      "properties": {
        "cluster_id": 23,
        "location": "montebre",
        "label": "View of Monte San Salvatore",
        "description": "An elevated panoramic view of Lake Lugano featuring the iconic sugarloaf-shaped Monte San Salvatore and the Melide causeway.",
        "photo_path": "foto/montebre/3411456126992273276_01.jpg",
        "cluster_size": 290
      }
    },
    {
      "type": "Feature",
      "geometry": {
        "type": "Point",
        "coordinates": [
          8.987120665009396,
          46.006921115472664
        ]
      },
      "properties": {
        "cluster_id": 23,
        "location": "montebre",
        "label": "View of Monte San Salvatore",
        "description": "An elevated panoramic view of Lake Lugano featuring the iconic sugarloaf-shaped Monte San Salvatore and the Melide causeway.",
        "photo_path": "foto/montebre/3081556558709209876_01.jpg",
        "cluster_size": 290
      }
    },
    {
      "type": "Feature",
      "geometry": {
        "type": "Point",
        "coordinates": [
          8.98754763182087,
          46.00708343941869
        ]
      },
      "properties": {
        "cluster_id": 23,
        "location": "montebre",
        "label": "View of Monte San Salvatore",
        "description": "An elevated panoramic view of Lake Lugano featuring the iconic sugarloaf-shaped Monte San Salvatore and the Melide causeway.",
        "photo_path": "foto/montebre/3161139185850953092_01.jpg",
        "cluster_size": 290
      }
    },
    {
      "type": "Feature",
      "geometry": {
        "type": "Point",
        "coordinates": [
          8.98737301135552,
          46.00687400292127
        ]
      },
      "properties": {
        "cluster_id": 23,
        "location": "montebre",
        "label": "View of Monte San Salvatore",
        "description": "An elevated panoramic view of Lake Lugano featuring the iconic sugarloaf-shaped Monte San Salvatore and the Melide causeway.",
        "photo_path": "foto/montebre/3188756106698810424_01.jpg",
        "cluster_size": 290
      }
    },
    {
      "type": "Feature",
      "geometry": {
        "type": "Point",
        "coordinates": [
          8.987236824816954,
          46.00694138355233
        ]
      },
      "properties": {
        "cluster_id": 23,
        "location": "montebre",
        "label": "View of Monte San Salvatore",
        "description": "An elevated panoramic view of Lake Lugano featuring the iconic sugarloaf-shaped Monte San Salvatore and the Melide causeway.",
        "photo_path": "foto/montebre/3142461919133412266_01.jpg",
        "cluster_size": 290
      }
    },
    {
      "type": "Feature",
      "geometry": {
        "type": "Point",
        "coordinates": [
          8.987187949228588,
          46.006946631177996
        ]
      },
      "properties": {
        "cluster_id": 23,
        "location": "montebre",
        "label": "View of Monte San Salvatore",
        "description": "An elevated panoramic view of Lake Lugano featuring the iconic sugarloaf-shaped Monte San Salvatore and the Melide causeway.",
        "photo_path": "foto/montebre/2744946793546086971_01.jpg",
        "cluster_size": 290
      }
    },
    {
      "type": "Feature",
      "geometry": {
        "type": "Point",
        "coordinates": [
          8.987192234263587,
          46.007004371317834
        ]
      },
      "properties": {
        "cluster_id": 23,
        "location": "montebre",
        "label": "View of Monte San Salvatore",
        "description": "An elevated panoramic view of Lake Lugano featuring the iconic sugarloaf-shaped Monte San Salvatore and the Melide causeway.",
        "photo_path": "foto/montebre/3135988470017813480_01.jpg",
        "cluster_size": 290
      }
    },
    {
      "type": "Feature",
      "geometry": {
        "type": "Point",
        "coordinates": [
          8.98729348463072,
          46.0070243654798
        ]
      },
      "properties": {
        "cluster_id": 23,
        "location": "montebre",
        "label": "View of Monte San Salvatore",
        "description": "An elevated panoramic view of Lake Lugano featuring the iconic sugarloaf-shaped Monte San Salvatore and the Melide causeway.",
        "photo_path": "foto/montebre/3159683113621193918_01.jpg",
        "cluster_size": 290
      }
    },
    {
      "type": "Feature",
      "geometry": {
        "type": "Point",
        "coordinates": [
          8.987182298269836,
          46.006978473148926
        ]
      },
      "properties": {
        "cluster_id": 23,
        "location": "montebre",
        "label": "View of Monte San Salvatore",
        "description": "An elevated panoramic view of Lake Lugano featuring the iconic sugarloaf-shaped Monte San Salvatore and the Melide causeway.",
        "photo_path": "foto/montebre/3411456126992273276_01.jpg",
        "cluster_size": 290
      }
    },
    {
      "type": "Feature",
      "geometry": {
        "type": "Point",
        "coordinates": [
          8.987397966520641,
          46.006948038618866
        ]
      },
      "properties": {
        "cluster_id": 23,
        "location": "montebre",
        "label": "View of Monte San Salvatore",
        "description": "An elevated panoramic view of Lake Lugano featuring the iconic sugarloaf-shaped Monte San Salvatore and the Melide causeway.",
        "photo_path": "foto/montebre/3081556558709209876_01.jpg",
        "cluster_size": 290
      }
    },
    {
      "type": "Feature",
      "geometry": {
        "type": "Point",
        "coordinates": [
          8.987173221076981,
          46.00704512767456
        ]
      },
      "properties": {
        "cluster_id": 23,
        "location": "montebre",
        "label": "View of Monte San Salvatore",
        "description": "An elevated panoramic view of Lake Lugano featuring the iconic sugarloaf-shaped Monte San Salvatore and the Melide causeway.",
        "photo_path": "foto/montebre/3161139185850953092_01.jpg",
        "cluster_size": 290
      }
    },
    {
      "type": "Feature",
      "geometry": {
        "type": "Point",
        "coordinates": [
          8.98739744722948,
          46.007008948856345
        ]
      },
      "properties": {
        "cluster_id": 23,
        "location": "montebre",
        "label": "View of Monte San Salvatore",
        "description": "An elevated panoramic view of Lake Lugano featuring the iconic sugarloaf-shaped Monte San Salvatore and the Melide causeway.",
        "photo_path": "foto/montebre/3188756106698810424_01.jpg",
        "cluster_size": 290
      }
    },
    {
      "type": "Feature",
      "geometry": {
        "type": "Point",
        "coordinates": [
          8.98737046826291,
          46.006849603127826
        ]
      },
      "properties": {
        "cluster_id": 23,
        "location": "montebre",
        "label": "View of Monte San Salvatore",
        "description": "An elevated panoramic view of Lake Lugano featuring the iconic sugarloaf-shaped Monte San Salvatore and the Melide causeway.",
        "photo_path": "foto/montebre/3142461919133412266_01.jpg",
        "cluster_size": 290
      }
    },
    {
      "type": "Feature",
      "geometry": {
        "type": "Point",
        "coordinates": [
          8.987374000814853,
          46.00694030416586
        ]
      },
      "properties": {
        "cluster_id": 23,
        "location": "montebre",
        "label": "View of Monte San Salvatore",
        "description": "An elevated panoramic view of Lake Lugano featuring the iconic sugarloaf-shaped Monte San Salvatore and the Melide causeway.",
        "photo_path": "foto/montebre/2744946793546086971_01.jpg",
        "cluster_size": 290
      }
    },
    {
      "type": "Feature",
      "geometry": {
        "type": "Point",
        "coordinates": [
          8.987065925240426,
          46.006931237913825
        ]
      },
      "properties": {
        "cluster_id": 23,
        "location": "montebre",
        "label": "View of Monte San Salvatore",
        "description": "An elevated panoramic view of Lake Lugano featuring the iconic sugarloaf-shaped Monte San Salvatore and the Melide causeway.",
        "photo_path": "foto/montebre/3135988470017813480_01.jpg",
        "cluster_size": 290
      }
    },
    {
      "type": "Feature",
      "geometry": {
        "type": "Point",
        "coordinates": [
          8.987306236126074,
          46.00685337455514
        ]
      },
      "properties": {
        "cluster_id": 23,
        "location": "montebre",
        "label": "View of Monte San Salvatore",
        "description": "An elevated panoramic view of Lake Lugano featuring the iconic sugarloaf-shaped Monte San Salvatore and the Melide causeway.",
        "photo_path": "foto/montebre/3159683113621193918_01.jpg",
        "cluster_size": 290
      }
    },
    {
      "type": "Feature",
      "geometry": {
        "type": "Point",
        "coordinates": [
          8.987182719377337,
          46.00702339842358
        ]
      },
      "properties": {
        "cluster_id": 23,
        "location": "montebre",
        "label": "View of Monte San Salvatore",
        "description": "An elevated panoramic view of Lake Lugano featuring the iconic sugarloaf-shaped Monte San Salvatore and the Melide causeway.",
        "photo_path": "foto/montebre/3411456126992273276_01.jpg",
        "cluster_size": 290
      }
    },
    {
      "type": "Feature",
      "geometry": {
        "type": "Point",
        "coordinates": [
          8.98708451783141,
          46.00705753085214
        ]
      },
      "properties": {
        "cluster_id": 23,
        "location": "montebre",
        "label": "View of Monte San Salvatore",
        "description": "An elevated panoramic view of Lake Lugano featuring the iconic sugarloaf-shaped Monte San Salvatore and the Melide causeway.",
        "photo_path": "foto/montebre/3081556558709209876_01.jpg",
        "cluster_size": 290
      }
    },
    {
      "type": "Feature",
      "geometry": {
        "type": "Point",
        "coordinates": [
          8.98714294357748,
          46.00699404686498
        ]
      },
      "properties": {
        "cluster_id": 23,
        "location": "montebre",
        "label": "View of Monte San Salvatore",
        "description": "An elevated panoramic view of Lake Lugano featuring the iconic sugarloaf-shaped Monte San Salvatore and the Melide causeway.",
        "photo_path": "foto/montebre/3161139185850953092_01.jpg",
        "cluster_size": 290
      }
    },
    {
      "type": "Feature",
      "geometry": {
        "type": "Point",
        "coordinates": [
          8.987306147123176,
          46.006941276026325
        ]
      },
      "properties": {
        "cluster_id": 23,
        "location": "montebre",
        "label": "View of Monte San Salvatore",
        "description": "An elevated panoramic view of Lake Lugano featuring the iconic sugarloaf-shaped Monte San Salvatore and the Melide causeway.",
        "photo_path": "foto/montebre/3188756106698810424_01.jpg",
        "cluster_size": 290
      }
    },
    {
      "type": "Feature",
      "geometry": {
        "type": "Point",
        "coordinates": [
          8.987250127076708,
          46.0069224852824
        ]
      },
      "properties": {
        "cluster_id": 23,
        "location": "montebre",
        "label": "View of Monte San Salvatore",
        "description": "An elevated panoramic view of Lake Lugano featuring the iconic sugarloaf-shaped Monte San Salvatore and the Melide causeway.",
        "photo_path": "foto/montebre/3142461919133412266_01.jpg",
        "cluster_size": 290
      }
    },
    {
      "type": "Feature",
      "geometry": {
        "type": "Point",
        "coordinates": [
          8.987225183021312,
          46.00709065700984
        ]
      },
      "properties": {
        "cluster_id": 23,
        "location": "montebre",
        "label": "View of Monte San Salvatore",
        "description": "An elevated panoramic view of Lake Lugano featuring the iconic sugarloaf-shaped Monte San Salvatore and the Melide causeway.",
        "photo_path": "foto/montebre/2744946793546086971_01.jpg",
        "cluster_size": 290
      }
    },
    {
      "type": "Feature",
      "geometry": {
        "type": "Point",
        "coordinates": [
          8.987153488568424,
          46.00707528757766
        ]
      },
      "properties": {
        "cluster_id": 23,
        "location": "montebre",
        "label": "View of Monte San Salvatore",
        "description": "An elevated panoramic view of Lake Lugano featuring the iconic sugarloaf-shaped Monte San Salvatore and the Melide causeway.",
        "photo_path": "foto/montebre/3135988470017813480_01.jpg",
        "cluster_size": 290
      }
    },
    {
      "type": "Feature",
      "geometry": {
        "type": "Point",
        "coordinates": [
          8.98748695671488,
          46.007047730106116
        ]
      },
      "properties": {
        "cluster_id": 23,
        "location": "montebre",
        "label": "View of Monte San Salvatore",
        "description": "An elevated panoramic view of Lake Lugano featuring the iconic sugarloaf-shaped Monte San Salvatore and the Melide causeway.",
        "photo_path": "foto/montebre/3159683113621193918_01.jpg",
        "cluster_size": 290
      }
    },
    {
      "type": "Feature",
      "geometry": {
        "type": "Point",
        "coordinates": [
          8.987196650830953,
          46.00677732932431
        ]
      },
      "properties": {
        "cluster_id": 23,
        "location": "montebre",
        "label": "View of Monte San Salvatore",
        "description": "An elevated panoramic view of Lake Lugano featuring the iconic sugarloaf-shaped Monte San Salvatore and the Melide causeway.",
        "photo_path": "foto/montebre/3411456126992273276_01.jpg",
        "cluster_size": 290
      }
    },
    {
      "type": "Feature",
      "geometry": {
        "type": "Point",
        "coordinates": [
          8.987273667088889,
          46.00705198847992
        ]
      },
      "properties": {
        "cluster_id": 23,
        "location": "montebre",
        "label": "View of Monte San Salvatore",
        "description": "An elevated panoramic view of Lake Lugano featuring the iconic sugarloaf-shaped Monte San Salvatore and the Melide causeway.",
        "photo_path": "foto/montebre/3081556558709209876_01.jpg",
        "cluster_size": 290
      }
    },
    {
      "type": "Feature",
      "geometry": {
        "type": "Point",
        "coordinates": [
          8.98722166929501,
          46.007033436565166
        ]
      },
      "properties": {
        "cluster_id": 23,
        "location": "montebre",
        "label": "View of Monte San Salvatore",
        "description": "An elevated panoramic view of Lake Lugano featuring the iconic sugarloaf-shaped Monte San Salvatore and the Melide causeway.",
        "photo_path": "foto/montebre/3161139185850953092_01.jpg",
        "cluster_size": 290
      }
    },
    {
      "type": "Feature",
      "geometry": {
        "type": "Point",
        "coordinates": [
          8.987279810253849,
          46.00700780088175
        ]
      },
      "properties": {
        "cluster_id": 23,
        "location": "montebre",
        "label": "View of Monte San Salvatore",
        "description": "An elevated panoramic view of Lake Lugano featuring the iconic sugarloaf-shaped Monte San Salvatore and the Melide causeway.",
        "photo_path": "foto/montebre/3188756106698810424_01.jpg",
        "cluster_size": 290
      }
    },
    {
      "type": "Feature",
      "geometry": {
        "type": "Point",
        "coordinates": [
          8.987332995782774,
          46.00710520559114
        ]
      },
      "properties": {
        "cluster_id": 23,
        "location": "montebre",
        "label": "View of Monte San Salvatore",
        "description": "An elevated panoramic view of Lake Lugano featuring the iconic sugarloaf-shaped Monte San Salvatore and the Melide causeway.",
        "photo_path": "foto/montebre/3142461919133412266_01.jpg",
        "cluster_size": 290
      }
    },
    {
      "type": "Feature",
      "geometry": {
        "type": "Point",
        "coordinates": [
          8.987246583767558,
          46.00703041465424
        ]
      },
      "properties": {
        "cluster_id": 23,
        "location": "montebre",
        "label": "View of Monte San Salvatore",
        "description": "An elevated panoramic view of Lake Lugano featuring the iconic sugarloaf-shaped Monte San Salvatore and the Melide causeway.",
        "photo_path": "foto/montebre/2744946793546086971_01.jpg",
        "cluster_size": 290
      }
    },
    {
      "type": "Feature",
      "geometry": {
        "type": "Point",
        "coordinates": [
          8.9872439016245,
          46.00695607151134
        ]
      },
      "properties": {
        "cluster_id": 23,
        "location": "montebre",
        "label": "View of Monte San Salvatore",
        "description": "An elevated panoramic view of Lake Lugano featuring the iconic sugarloaf-shaped Monte San Salvatore and the Melide causeway.",
        "photo_path": "foto/montebre/3135988470017813480_01.jpg",
        "cluster_size": 290
      }
    },
    {
      "type": "Feature",
      "geometry": {
        "type": "Point",
        "coordinates": [
          8.987245402615995,
          46.00703553622904
        ]
      },
      "properties": {
        "cluster_id": 23,
        "location": "montebre",
        "label": "View of Monte San Salvatore",
        "description": "An elevated panoramic view of Lake Lugano featuring the iconic sugarloaf-shaped Monte San Salvatore and the Melide causeway.",
        "photo_path": "foto/montebre/3159683113621193918_01.jpg",
        "cluster_size": 290
      }
    },
    {
      "type": "Feature",
      "geometry": {
        "type": "Point",
        "coordinates": [
          8.987569158269553,
          46.00702610584296
        ]
      },
      "properties": {
        "cluster_id": 23,
        "location": "montebre",
        "label": "View of Monte San Salvatore",
        "description": "An elevated panoramic view of Lake Lugano featuring the iconic sugarloaf-shaped Monte San Salvatore and the Melide causeway.",
        "photo_path": "foto/montebre/3411456126992273276_01.jpg",
        "cluster_size": 290
      }
    },
    {
      "type": "Feature",
      "geometry": {
        "type": "Point",
        "coordinates": [
          8.987257718080377,
          46.00707847970301
        ]
      },
      "properties": {
        "cluster_id": 23,
        "location": "montebre",
        "label": "View of Monte San Salvatore",
        "description": "An elevated panoramic view of Lake Lugano featuring the iconic sugarloaf-shaped Monte San Salvatore and the Melide causeway.",
        "photo_path": "foto/montebre/3081556558709209876_01.jpg",
        "cluster_size": 290
      }
    },
    {
      "type": "Feature",
      "geometry": {
        "type": "Point",
        "coordinates": [
          8.987247076795324,
          46.00710821747046
        ]
      },
      "properties": {
        "cluster_id": 23,
        "location": "montebre",
        "label": "View of Monte San Salvatore",
        "description": "An elevated panoramic view of Lake Lugano featuring the iconic sugarloaf-shaped Monte San Salvatore and the Melide causeway.",
        "photo_path": "foto/montebre/3161139185850953092_01.jpg",
        "cluster_size": 290
      }
    },
    {
      "type": "Feature",
      "geometry": {
        "type": "Point",
        "coordinates": [
          8.987169261509784,
          46.00681638517701
        ]
      },
      "properties": {
        "cluster_id": 23,
        "location": "montebre",
        "label": "View of Monte San Salvatore",
        "description": "An elevated panoramic view of Lake Lugano featuring the iconic sugarloaf-shaped Monte San Salvatore and the Melide causeway.",
        "photo_path": "foto/montebre/3188756106698810424_01.jpg",
        "cluster_size": 290
      }
    },
    {
      "type": "Feature",
      "geometry": {
        "type": "Point",
        "coordinates": [
          8.987254412294169,
          46.00683146018729
        ]
      },
      "properties": {
        "cluster_id": 23,
        "location": "montebre",
        "label": "View of Monte San Salvatore",
        "description": "An elevated panoramic view of Lake Lugano featuring the iconic sugarloaf-shaped Monte San Salvatore and the Melide causeway.",
        "photo_path": "foto/montebre/3142461919133412266_01.jpg",
        "cluster_size": 290
      }
    },
    {
      "type": "Feature",
      "geometry": {
        "type": "Point",
        "coordinates": [
          8.987517416783437,
          46.00700165931344
        ]
      },
      "properties": {
        "cluster_id": 23,
        "location": "montebre",
        "label": "View of Monte San Salvatore",
        "description": "An elevated panoramic view of Lake Lugano featuring the iconic sugarloaf-shaped Monte San Salvatore and the Melide causeway.",
        "photo_path": "foto/montebre/2744946793546086971_01.jpg",
        "cluster_size": 290
      }
    },
    {
      "type": "Feature",
      "geometry": {
        "type": "Point",
        "coordinates": [
          8.987271584900983,
          46.007029452916555
        ]
      },
      "properties": {
        "cluster_id": 23,
        "location": "montebre",
        "label": "View of Monte San Salvatore",
        "description": "An elevated panoramic view of Lake Lugano featuring the iconic sugarloaf-shaped Monte San Salvatore and the Melide causeway.",
        "photo_path": "foto/montebre/3135988470017813480_01.jpg",
        "cluster_size": 290
      }
    },
    {
      "type": "Feature",
      "geometry": {
        "type": "Point",
        "coordinates": [
          8.987013238351883,
          46.007074721223525
        ]
      },
      "properties": {
        "cluster_id": 23,
        "location": "montebre",
        "label": "View of Monte San Salvatore",
        "description": "An elevated panoramic view of Lake Lugano featuring the iconic sugarloaf-shaped Monte San Salvatore and the Melide causeway.",
        "photo_path": "foto/montebre/3159683113621193918_01.jpg",
        "cluster_size": 290
      }
    },
    {
      "type": "Feature",
      "geometry": {
        "type": "Point",
        "coordinates": [
          8.987399973336128,
          46.007021226536764
        ]
      },
      "properties": {
        "cluster_id": 23,
        "location": "montebre",
        "label": "View of Monte San Salvatore",
        "description": "An elevated panoramic view of Lake Lugano featuring the iconic sugarloaf-shaped Monte San Salvatore and the Melide causeway.",
        "photo_path": "foto/montebre/3411456126992273276_01.jpg",
        "cluster_size": 290
      }
    },
    {
      "type": "Feature",
      "geometry": {
        "type": "Point",
        "coordinates": [
          8.987448333208343,
          46.00686679403191
        ]
      },
      "properties": {
        "cluster_id": 23,
        "location": "montebre",
        "label": "View of Monte San Salvatore",
        "description": "An elevated panoramic view of Lake Lugano featuring the iconic sugarloaf-shaped Monte San Salvatore and the Melide causeway.",
        "photo_path": "foto/montebre/3081556558709209876_01.jpg",
        "cluster_size": 290
      }
    },
    {
      "type": "Feature",
      "geometry": {
        "type": "Point",
        "coordinates": [
          8.987246141402496,
          46.00703049517185
        ]
      },
      "properties": {
        "cluster_id": 23,
        "location": "montebre",
        "label": "View of Monte San Salvatore",
        "description": "An elevated panoramic view of Lake Lugano featuring the iconic sugarloaf-shaped Monte San Salvatore and the Melide causeway.",
        "photo_path": "foto/montebre/3161139185850953092_01.jpg",
        "cluster_size": 290
      }
    },
    {
      "type": "Feature",
      "geometry": {
        "type": "Point",
        "coordinates": [
          8.987594485653418,
          46.00705700737532
        ]
      },
      "properties": {
        "cluster_id": 23,
        "location": "montebre",
        "label": "View of Monte San Salvatore",
        "description": "An elevated panoramic view of Lake Lugano featuring the iconic sugarloaf-shaped Monte San Salvatore and the Melide causeway.",
        "photo_path": "foto/montebre/3188756106698810424_01.jpg",
        "cluster_size": 290
      }
    },
    {
      "type": "Feature",
      "geometry": {
        "type": "Point",
        "coordinates": [
          8.987332191672817,
          46.0070163843473
        ]
      },
      "properties": {
        "cluster_id": 23,
        "location": "montebre",
        "label": "View of Monte San Salvatore",
        "description": "An elevated panoramic view of Lake Lugano featuring the iconic sugarloaf-shaped Monte San Salvatore and the Melide causeway.",
        "photo_path": "foto/montebre/3142461919133412266_01.jpg",
        "cluster_size": 290
      }
    },
    {
      "type": "Feature",
      "geometry": {
        "type": "Point",
        "coordinates": [
          8.987189783872097,
          46.00695861613517
        ]
      },
      "properties": {
        "cluster_id": 23,
        "location": "montebre",
        "label": "View of Monte San Salvatore",
        "description": "An elevated panoramic view of Lake Lugano featuring the iconic sugarloaf-shaped Monte San Salvatore and the Melide causeway.",
        "photo_path": "foto/montebre/2744946793546086971_01.jpg",
        "cluster_size": 290
      }
    },
    {
      "type": "Feature",
      "geometry": {
        "type": "Point",
        "coordinates": [
          8.987188974678373,
          46.007074805028516
        ]
      },
      "properties": {
        "cluster_id": 23,
        "location": "montebre",
        "label": "View of Monte San Salvatore",
        "description": "An elevated panoramic view of Lake Lugano featuring the iconic sugarloaf-shaped Monte San Salvatore and the Melide causeway.",
        "photo_path": "foto/montebre/3135988470017813480_01.jpg",
        "cluster_size": 290
      }
    },
    {
      "type": "Feature",
      "geometry": {
        "type": "Point",
        "coordinates": [
          8.987238052711604,
          46.007006447408756
        ]
      },
      "properties": {
        "cluster_id": 23,
        "location": "montebre",
        "label": "View of Monte San Salvatore",
        "description": "An elevated panoramic view of Lake Lugano featuring the iconic sugarloaf-shaped Monte San Salvatore and the Melide causeway.",
        "photo_path": "foto/montebre/3159683113621193918_01.jpg",
        "cluster_size": 290
      }
    },
    {
      "type": "Feature",
      "geometry": {
        "type": "Point",
        "coordinates": [
          8.987343272564477,
          46.00704315133565
        ]
      },
      "properties": {
        "cluster_id": 23,
        "location": "montebre",
        "label": "View of Monte San Salvatore",
        "description": "An elevated panoramic view of Lake Lugano featuring the iconic sugarloaf-shaped Monte San Salvatore and the Melide causeway.",
        "photo_path": "foto/montebre/3411456126992273276_01.jpg",
        "cluster_size": 290
      }
    },
    {
      "type": "Feature",
      "geometry": {
        "type": "Point",
        "coordinates": [
          8.987233856086279,
          46.00709347206705
        ]
      },
      "properties": {
        "cluster_id": 23,
        "location": "montebre",
        "label": "View of Monte San Salvatore",
        "description": "An elevated panoramic view of Lake Lugano featuring the iconic sugarloaf-shaped Monte San Salvatore and the Melide causeway.",
        "photo_path": "foto/montebre/3081556558709209876_01.jpg",
        "cluster_size": 290
      }
    },
    {
      "type": "Feature",
      "geometry": {
        "type": "Point",
        "coordinates": [
          8.987173064350648,
          46.006975686942766
        ]
      },
      "properties": {
        "cluster_id": 23,
        "location": "montebre",
        "label": "View of Monte San Salvatore",
        "description": "An elevated panoramic view of Lake Lugano featuring the iconic sugarloaf-shaped Monte San Salvatore and the Melide causeway.",
        "photo_path": "foto/montebre/3161139185850953092_01.jpg",
        "cluster_size": 290
      }
    },
    {
      "type": "Feature",
      "geometry": {
        "type": "Point",
        "coordinates": [
          8.987348932017312,
          46.00695997358017
        ]
      },
      "properties": {
        "cluster_id": 23,
        "location": "montebre",
        "label": "View of Monte San Salvatore",
        "description": "An elevated panoramic view of Lake Lugano featuring the iconic sugarloaf-shaped Monte San Salvatore and the Melide causeway.",
        "photo_path": "foto/montebre/3188756106698810424_01.jpg",
        "cluster_size": 290
      }
    },
    {
      "type": "Feature",
      "geometry": {
        "type": "Point",
        "coordinates": [
          8.98718040458351,
          46.00706819717267
        ]
      },
      "properties": {
        "cluster_id": 23,
        "location": "montebre",
        "label": "View of Monte San Salvatore",
        "description": "An elevated panoramic view of Lake Lugano featuring the iconic sugarloaf-shaped Monte San Salvatore and the Melide causeway.",
        "photo_path": "foto/montebre/3142461919133412266_01.jpg",
        "cluster_size": 290
      }
    },
    {
      "type": "Feature",
      "geometry": {
        "type": "Point",
        "coordinates": [
          8.987475812373424,
          46.00707834287568
        ]
      },
      "properties": {
        "cluster_id": 23,
        "location": "montebre",
        "label": "View of Monte San Salvatore",
        "description": "An elevated panoramic view of Lake Lugano featuring the iconic sugarloaf-shaped Monte San Salvatore and the Melide causeway.",
        "photo_path": "foto/montebre/2744946793546086971_01.jpg",
        "cluster_size": 290
      }
    },
    {
      "type": "Feature",
      "geometry": {
        "type": "Point",
        "coordinates": [
          8.987543401232928,
          46.007037246387675
        ]
      },
      "properties": {
        "cluster_id": 23,
        "location": "montebre",
        "label": "View of Monte San Salvatore",
        "description": "An elevated panoramic view of Lake Lugano featuring the iconic sugarloaf-shaped Monte San Salvatore and the Melide causeway.",
        "photo_path": "foto/montebre/3135988470017813480_01.jpg",
        "cluster_size": 290
      }
    },
    {
      "type": "Feature",
      "geometry": {
        "type": "Point",
        "coordinates": [
          8.987138581007411,
          46.00693028926134
        ]
      },
      "properties": {
        "cluster_id": 23,
        "location": "montebre",
        "label": "View of Monte San Salvatore",
        "description": "An elevated panoramic view of Lake Lugano featuring the iconic sugarloaf-shaped Monte San Salvatore and the Melide causeway.",
        "photo_path": "foto/montebre/3159683113621193918_01.jpg",
        "cluster_size": 290
      }
    },
    {
      "type": "Feature",
      "geometry": {
        "type": "Point",
        "coordinates": [
          8.98749402165515,
          46.00683975493253
        ]
      },
      "properties": {
        "cluster_id": 23,
        "location": "montebre",
        "label": "View of Monte San Salvatore",
        "description": "An elevated panoramic view of Lake Lugano featuring the iconic sugarloaf-shaped Monte San Salvatore and the Melide causeway.",
        "photo_path": "foto/montebre/3411456126992273276_01.jpg",
        "cluster_size": 290
      }
    },
    {
      "type": "Feature",
      "geometry": {
        "type": "Point",
        "coordinates": [
          8.98729279123635,
          46.007058951860934
        ]
      },
      "properties": {
        "cluster_id": 23,
        "location": "montebre",
        "label": "View of Monte San Salvatore",
        "description": "An elevated panoramic view of Lake Lugano featuring the iconic sugarloaf-shaped Monte San Salvatore and the Melide causeway.",
        "photo_path": "foto/montebre/3081556558709209876_01.jpg",
        "cluster_size": 290
      }
    },
    {
      "type": "Feature",
      "geometry": {
        "type": "Point",
        "coordinates": [
          8.987154035574926,
          46.00702522239877
        ]
      },
      "properties": {
        "cluster_id": 23,
        "location": "montebre",
        "label": "View of Monte San Salvatore",
        "description": "An elevated panoramic view of Lake Lugano featuring the iconic sugarloaf-shaped Monte San Salvatore and the Melide causeway.",
        "photo_path": "foto/montebre/3161139185850953092_01.jpg",
        "cluster_size": 290
      }
    },
    {
      "type": "Feature",
      "geometry": {
        "type": "Point",
        "coordinates": [
          8.987316758666447,
          46.00722033801618
        ]
      },
      "properties": {
        "cluster_id": 23,
        "location": "montebre",
        "label": "View of Monte San Salvatore",
        "description": "An elevated panoramic view of Lake Lugano featuring the iconic sugarloaf-shaped Monte San Salvatore and the Melide causeway.",
        "photo_path": "foto/montebre/3188756106698810424_01.jpg",
        "cluster_size": 290
      }
    },
    {
      "type": "Feature",
      "geometry": {
        "type": "Point",
        "coordinates": [
          8.987394124512583,
          46.0070098553869
        ]
      },
      "properties": {
        "cluster_id": 23,
        "location": "montebre",
        "label": "View of Monte San Salvatore",
        "description": "An elevated panoramic view of Lake Lugano featuring the iconic sugarloaf-shaped Monte San Salvatore and the Melide causeway.",
        "photo_path": "foto/montebre/3142461919133412266_01.jpg",
        "cluster_size": 290
      }
    },
    {
      "type": "Feature",
      "geometry": {
        "type": "Point",
        "coordinates": [
          8.987329035469482,
          46.00704333416502
        ]
      },
      "properties": {
        "cluster_id": 23,
        "location": "montebre",
        "label": "View of Monte San Salvatore",
        "description": "An elevated panoramic view of Lake Lugano featuring the iconic sugarloaf-shaped Monte San Salvatore and the Melide causeway.",
        "photo_path": "foto/montebre/2744946793546086971_01.jpg",
        "cluster_size": 290
      }
    },
    {
      "type": "Feature",
      "geometry": {
        "type": "Point",
        "coordinates": [
          8.987361144626734,
          46.00692878608509
        ]
      },
      "properties": {
        "cluster_id": 23,
        "location": "montebre",
        "label": "View of Monte San Salvatore",
        "description": "An elevated panoramic view of Lake Lugano featuring the iconic sugarloaf-shaped Monte San Salvatore and the Melide causeway.",
        "photo_path": "foto/montebre/3135988470017813480_01.jpg",
        "cluster_size": 290
      }
    },
    {
      "type": "Feature",
      "geometry": {
        "type": "Point",
        "coordinates": [
          8.987474487227566,
          46.007169551756434
        ]
      },
      "properties": {
        "cluster_id": 23,
        "location": "montebre",
        "label": "View of Monte San Salvatore",
        "description": "An elevated panoramic view of Lake Lugano featuring the iconic sugarloaf-shaped Monte San Salvatore and the Melide causeway.",
        "photo_path": "foto/montebre/3159683113621193918_01.jpg",
        "cluster_size": 290
      }
    },
    {
      "type": "Feature",
      "geometry": {
        "type": "Point",
        "coordinates": [
          8.987233700552236,
          46.00714353032672
        ]
      },
      "properties": {
        "cluster_id": 23,
        "location": "montebre",
        "label": "View of Monte San Salvatore",
        "description": "An elevated panoramic view of Lake Lugano featuring the iconic sugarloaf-shaped Monte San Salvatore and the Melide causeway.",
        "photo_path": "foto/montebre/3411456126992273276_01.jpg",
        "cluster_size": 290
      }
    },
    {
      "type": "Feature",
      "geometry": {
        "type": "Point",
        "coordinates": [
          8.987283686722213,
          46.00691084641259
        ]
      },
      "properties": {
        "cluster_id": 23,
        "location": "montebre",
        "label": "View of Monte San Salvatore",
        "description": "An elevated panoramic view of Lake Lugano featuring the iconic sugarloaf-shaped Monte San Salvatore and the Melide causeway.",
        "photo_path": "foto/montebre/3081556558709209876_01.jpg",
        "cluster_size": 290
      }
    },
    {
      "type": "Feature",
      "geometry": {
        "type": "Point",
        "coordinates": [
          8.987441905455496,
          46.00700502026237
        ]
      },
      "properties": {
        "cluster_id": 23,
        "location": "montebre",
        "label": "View of Monte San Salvatore",
        "description": "An elevated panoramic view of Lake Lugano featuring the iconic sugarloaf-shaped Monte San Salvatore and the Melide causeway.",
        "photo_path": "foto/montebre/3161139185850953092_01.jpg",
        "cluster_size": 290
      }
    },
    {
      "type": "Feature",
      "geometry": {
        "type": "Point",
        "coordinates": [
          8.987498367041898,
          46.006847525709034
        ]
      },
      "properties": {
        "cluster_id": 23,
        "location": "montebre",
        "label": "View of Monte San Salvatore",
        "description": "An elevated panoramic view of Lake Lugano featuring the iconic sugarloaf-shaped Monte San Salvatore and the Melide causeway.",
        "photo_path": "foto/montebre/3188756106698810424_01.jpg",
        "cluster_size": 290
      }
    },
    {
      "type": "Feature",
      "geometry": {
        "type": "Point",
        "coordinates": [
          8.987244637888658,
          46.00698576505418
        ]
      },
      "properties": {
        "cluster_id": 23,
        "location": "montebre",
        "label": "View of Monte San Salvatore",
        "description": "An elevated panoramic view of Lake Lugano featuring the iconic sugarloaf-shaped Monte San Salvatore and the Melide causeway.",
        "photo_path": "foto/montebre/3142461919133412266_01.jpg",
        "cluster_size": 290
      }
    },
    {
      "type": "Feature",
      "geometry": {
        "type": "Point",
        "coordinates": [
          8.987085382005032,
          46.00690881942565
        ]
      },
      "properties": {
        "cluster_id": 23,
        "location": "montebre",
        "label": "View of Monte San Salvatore",
        "description": "An elevated panoramic view of Lake Lugano featuring the iconic sugarloaf-shaped Monte San Salvatore and the Melide causeway.",
        "photo_path": "foto/montebre/2744946793546086971_01.jpg",
        "cluster_size": 290
      }
    },
    {
      "type": "Feature",
      "geometry": {
        "type": "Point",
        "coordinates": [
          8.987309508590913,
          46.007074159512065
        ]
      },
      "properties": {
        "cluster_id": 23,
        "location": "montebre",
        "label": "View of Monte San Salvatore",
        "description": "An elevated panoramic view of Lake Lugano featuring the iconic sugarloaf-shaped Monte San Salvatore and the Melide causeway.",
        "photo_path": "foto/montebre/3135988470017813480_01.jpg",
        "cluster_size": 290
      }
    },
    {
      "type": "Feature",
      "geometry": {
        "type": "Point",
        "coordinates": [
          8.987132041521111,
          46.00688378730633
        ]
      },
      "properties": {
        "cluster_id": 23,
        "location": "montebre",
        "label": "View of Monte San Salvatore",
        "description": "An elevated panoramic view of Lake Lugano featuring the iconic sugarloaf-shaped Monte San Salvatore and the Melide causeway.",
        "photo_path": "foto/montebre/3159683113621193918_01.jpg",
        "cluster_size": 290
      }
    },
    {
      "type": "Feature",
      "geometry": {
        "type": "Point",
        "coordinates": [
          8.987516455031667,
          46.006969749126185
        ]
      },
      "properties": {
        "cluster_id": 23,
        "location": "montebre",
        "label": "View of Monte San Salvatore",
        "description": "An elevated panoramic view of Lake Lugano featuring the iconic sugarloaf-shaped Monte San Salvatore and the Melide causeway.",
        "photo_path": "foto/montebre/3411456126992273276_01.jpg",
        "cluster_size": 290
      }
    },
    {
      "type": "Feature",
      "geometry": {
        "type": "Point",
        "coordinates": [
          8.98710505772359,
          46.006976613391764
        ]
      },
      "properties": {
        "cluster_id": 23,
        "location": "montebre",
        "label": "View of Monte San Salvatore",
        "description": "An elevated panoramic view of Lake Lugano featuring the iconic sugarloaf-shaped Monte San Salvatore and the Melide causeway.",
        "photo_path": "foto/montebre/3081556558709209876_01.jpg",
        "cluster_size": 290
      }
    },
    {
      "type": "Feature",
      "geometry": {
        "type": "Point",
        "coordinates": [
          8.98726463054069,
          46.00697786098522
        ]
      },
      "properties": {
        "cluster_id": 23,
        "location": "montebre",
        "label": "View of Monte San Salvatore",
        "description": "An elevated panoramic view of Lake Lugano featuring the iconic sugarloaf-shaped Monte San Salvatore and the Melide causeway.",
        "photo_path": "foto/montebre/3161139185850953092_01.jpg",
        "cluster_size": 290
      }
    },
    {
      "type": "Feature",
      "geometry": {
        "type": "Point",
        "coordinates": [
          8.987292958510796,
          46.006757037239375
        ]
      },
      "properties": {
        "cluster_id": 23,
        "location": "montebre",
        "label": "View of Monte San Salvatore",
        "description": "An elevated panoramic view of Lake Lugano featuring the iconic sugarloaf-shaped Monte San Salvatore and the Melide causeway.",
        "photo_path": "foto/montebre/3188756106698810424_01.jpg",
        "cluster_size": 290
      }
    },
    {
      "type": "Feature",
      "geometry": {
        "type": "Point",
        "coordinates": [
          8.987390290849135,
          46.00697919508737
        ]
      },
      "properties": {
        "cluster_id": 23,
        "location": "montebre",
        "label": "View of Monte San Salvatore",
        "description": "An elevated panoramic view of Lake Lugano featuring the iconic sugarloaf-shaped Monte San Salvatore and the Melide causeway.",
        "photo_path": "foto/montebre/3142461919133412266_01.jpg",
        "cluster_size": 290
      }
    },
    {
      "type": "Feature",
      "geometry": {
        "type": "Point",
        "coordinates": [
          8.987446103968972,
          46.007166572621166
        ]
      },
      "properties": {
        "cluster_id": 23,
        "location": "montebre",
        "label": "View of Monte San Salvatore",
        "description": "An elevated panoramic view of Lake Lugano featuring the iconic sugarloaf-shaped Monte San Salvatore and the Melide causeway.",
        "photo_path": "foto/montebre/2744946793546086971_01.jpg",
        "cluster_size": 290
      }
    },
    {
      "type": "Feature",
      "geometry": {
        "type": "Point",
        "coordinates": [
          8.987156494900162,
          46.00697577579364
        ]
      },
      "properties": {
        "cluster_id": 23,
        "location": "montebre",
        "label": "View of Monte San Salvatore",
        "description": "An elevated panoramic view of Lake Lugano featuring the iconic sugarloaf-shaped Monte San Salvatore and the Melide causeway.",
        "photo_path": "foto/montebre/3135988470017813480_01.jpg",
        "cluster_size": 290
      }
    },
    {
      "type": "Feature",
      "geometry": {
        "type": "Point",
        "coordinates": [
          8.98730768002558,
          46.007231834216505
        ]
      },
      "properties": {
        "cluster_id": 23,
        "location": "montebre",
        "label": "View of Monte San Salvatore",
        "description": "An elevated panoramic view of Lake Lugano featuring the iconic sugarloaf-shaped Monte San Salvatore and the Melide causeway.",
        "photo_path": "foto/montebre/3159683113621193918_01.jpg",
        "cluster_size": 290
      }
    },
    {
      "type": "Feature",
      "geometry": {
        "type": "Point",
        "coordinates": [
          8.9872968712228,
          46.00700125489116
        ]
      },
      "properties": {
        "cluster_id": 23,
        "location": "montebre",
        "label": "View of Monte San Salvatore",
        "description": "An elevated panoramic view of Lake Lugano featuring the iconic sugarloaf-shaped Monte San Salvatore and the Melide causeway.",
        "photo_path": "foto/montebre/3411456126992273276_01.jpg",
        "cluster_size": 290
      }
    },
    {
      "type": "Feature",
      "geometry": {
        "type": "Point",
        "coordinates": [
          8.987281277930176,
          46.00701784547394
        ]
      },
      "properties": {
        "cluster_id": 23,
        "location": "montebre",
        "label": "View of Monte San Salvatore",
        "description": "An elevated panoramic view of Lake Lugano featuring the iconic sugarloaf-shaped Monte San Salvatore and the Melide causeway.",
        "photo_path": "foto/montebre/3081556558709209876_01.jpg",
        "cluster_size": 290
      }
    },
    {
      "type": "Feature",
      "geometry": {
        "type": "Point",
        "coordinates": [
          8.987229077985123,
          46.00694831873812
        ]
      },
      "properties": {
        "cluster_id": 23,
        "location": "montebre",
        "label": "View of Monte San Salvatore",
        "description": "An elevated panoramic view of Lake Lugano featuring the iconic sugarloaf-shaped Monte San Salvatore and the Melide causeway.",
        "photo_path": "foto/montebre/3161139185850953092_01.jpg",
        "cluster_size": 290
      }
    },
    {
      "type": "Feature",
      "geometry": {
        "type": "Point",
        "coordinates": [
          8.987229523361885,
          46.006997049254934
        ]
      },
      "properties": {
        "cluster_id": 23,
        "location": "montebre",
        "label": "View of Monte San Salvatore",
        "description": "An elevated panoramic view of Lake Lugano featuring the iconic sugarloaf-shaped Monte San Salvatore and the Melide causeway.",
        "photo_path": "foto/montebre/3188756106698810424_01.jpg",
        "cluster_size": 290
      }
    },
    {
      "type": "Feature",
      "geometry": {
        "type": "Point",
        "coordinates": [
          8.987313802912638,
          46.006935779659216
        ]
      },
      "properties": {
        "cluster_id": 23,
        "location": "montebre",
        "label": "View of Monte San Salvatore",
        "description": "An elevated panoramic view of Lake Lugano featuring the iconic sugarloaf-shaped Monte San Salvatore and the Melide causeway.",
        "photo_path": "foto/montebre/3142461919133412266_01.jpg",
        "cluster_size": 290
      }
    },
    {
      "type": "Feature",
      "geometry": {
        "type": "Point",
        "coordinates": [
          8.987495052517321,
          46.00697702907951
        ]
      },
      "properties": {
        "cluster_id": 23,
        "location": "montebre",
        "label": "View of Monte San Salvatore",
        "description": "An elevated panoramic view of Lake Lugano featuring the iconic sugarloaf-shaped Monte San Salvatore and the Melide causeway.",
        "photo_path": "foto/montebre/2744946793546086971_01.jpg",
        "cluster_size": 290
      }
    },
    {
      "type": "Feature",
      "geometry": {
        "type": "Point",
        "coordinates": [
          8.987441557281686,
          46.006761173891135
        ]
      },
      "properties": {
        "cluster_id": 23,
        "location": "montebre",
        "label": "View of Monte San Salvatore",
        "description": "An elevated panoramic view of Lake Lugano featuring the iconic sugarloaf-shaped Monte San Salvatore and the Melide causeway.",
        "photo_path": "foto/montebre/3135988470017813480_01.jpg",
        "cluster_size": 290
      }
    },
    {
      "type": "Feature",
      "geometry": {
        "type": "Point",
        "coordinates": [
          8.987031102480337,
          46.00711225992725
        ]
      },
      "properties": {
        "cluster_id": 23,
        "location": "montebre",
        "label": "View of Monte San Salvatore",
        "description": "An elevated panoramic view of Lake Lugano featuring the iconic sugarloaf-shaped Monte San Salvatore and the Melide causeway.",
        "photo_path": "foto/montebre/3159683113621193918_01.jpg",
        "cluster_size": 290
      }
    },
    {
      "type": "Feature",
      "geometry": {
        "type": "Point",
        "coordinates": [
          8.98725182791642,
          46.00696912724378
        ]
      },
      "properties": {
        "cluster_id": 23,
        "location": "montebre",
        "label": "View of Monte San Salvatore",
        "description": "An elevated panoramic view of Lake Lugano featuring the iconic sugarloaf-shaped Monte San Salvatore and the Melide causeway.",
        "photo_path": "foto/montebre/3411456126992273276_01.jpg",
        "cluster_size": 290
      }
    },
    {
      "type": "Feature",
      "geometry": {
        "type": "Point",
        "coordinates": [
          8.987199125126192,
          46.00687319714462
        ]
      },
      "properties": {
        "cluster_id": 23,
        "location": "montebre",
        "label": "View of Monte San Salvatore",
        "description": "An elevated panoramic view of Lake Lugano featuring the iconic sugarloaf-shaped Monte San Salvatore and the Melide causeway.",
        "photo_path": "foto/montebre/3081556558709209876_01.jpg",
        "cluster_size": 290
      }
    },
    {
      "type": "Feature",
      "geometry": {
        "type": "Point",
        "coordinates": [
          8.987527251565407,
          46.006899948122026
        ]
      },
      "properties": {
        "cluster_id": 23,
        "location": "montebre",
        "label": "View of Monte San Salvatore",
        "description": "An elevated panoramic view of Lake Lugano featuring the iconic sugarloaf-shaped Monte San Salvatore and the Melide causeway.",
        "photo_path": "foto/montebre/3161139185850953092_01.jpg",
        "cluster_size": 290
      }
    },
    {
      "type": "Feature",
      "geometry": {
        "type": "Point",
        "coordinates": [
          8.987464907698422,
          46.00708429535073
        ]
      },
      "properties": {
        "cluster_id": 23,
        "location": "montebre",
        "label": "View of Monte San Salvatore",
        "description": "An elevated panoramic view of Lake Lugano featuring the iconic sugarloaf-shaped Monte San Salvatore and the Melide causeway.",
        "photo_path": "foto/montebre/3188756106698810424_01.jpg",
        "cluster_size": 290
      }
    },
    {
      "type": "Feature",
      "geometry": {
        "type": "Point",
        "coordinates": [
          8.98715357352605,
          46.00706501550126
        ]
      },
      "properties": {
        "cluster_id": 23,
        "location": "montebre",
        "label": "View of Monte San Salvatore",
        "description": "An elevated panoramic view of Lake Lugano featuring the iconic sugarloaf-shaped Monte San Salvatore and the Melide causeway.",
        "photo_path": "foto/montebre/3142461919133412266_01.jpg",
        "cluster_size": 290
      }
    },
    {
      "type": "Feature",
      "geometry": {
        "type": "Point",
        "coordinates": [
          8.987363466878373,
          46.00695274592196
        ]
      },
      "properties": {
        "cluster_id": 23,
        "location": "montebre",
        "label": "View of Monte San Salvatore",
        "description": "An elevated panoramic view of Lake Lugano featuring the iconic sugarloaf-shaped Monte San Salvatore and the Melide causeway.",
        "photo_path": "foto/montebre/2744946793546086971_01.jpg",
        "cluster_size": 290
      }
    },
    {
      "type": "Feature",
      "geometry": {
        "type": "Point",
        "coordinates": [
          8.987392468608368,
          46.00688989839559
        ]
      },
      "properties": {
        "cluster_id": 23,
        "location": "montebre",
        "label": "View of Monte San Salvatore",
        "description": "An elevated panoramic view of Lake Lugano featuring the iconic sugarloaf-shaped Monte San Salvatore and the Melide causeway.",
        "photo_path": "foto/montebre/3135988470017813480_01.jpg",
        "cluster_size": 290
      }
    },
    {
      "type": "Feature",
      "geometry": {
        "type": "Point",
        "coordinates": [
          8.987251389572549,
          46.006978349063225
        ]
      },
      "properties": {
        "cluster_id": 23,
        "location": "montebre",
        "label": "View of Monte San Salvatore",
        "description": "An elevated panoramic view of Lake Lugano featuring the iconic sugarloaf-shaped Monte San Salvatore and the Melide causeway.",
        "photo_path": "foto/montebre/3159683113621193918_01.jpg",
        "cluster_size": 290
      }
    },
    {
      "type": "Feature",
      "geometry": {
        "type": "Point",
        "coordinates": [
          8.987357616410392,
          46.00706405044758
        ]
      },
      "properties": {
        "cluster_id": 23,
        "location": "montebre",
        "label": "View of Monte San Salvatore",
        "description": "An elevated panoramic view of Lake Lugano featuring the iconic sugarloaf-shaped Monte San Salvatore and the Melide causeway.",
        "photo_path": "foto/montebre/3411456126992273276_01.jpg",
        "cluster_size": 290
      }
    },
    {
      "type": "Feature",
      "geometry": {
        "type": "Point",
        "coordinates": [
          8.987450353225226,
          46.0069674805256
        ]
      },
      "properties": {
        "cluster_id": 23,
        "location": "montebre",
        "label": "View of Monte San Salvatore",
        "description": "An elevated panoramic view of Lake Lugano featuring the iconic sugarloaf-shaped Monte San Salvatore and the Melide causeway.",
        "photo_path": "foto/montebre/3081556558709209876_01.jpg",
        "cluster_size": 290
      }
    },
    {
      "type": "Feature",
      "geometry": {
        "type": "Point",
        "coordinates": [
          8.98737988055234,
          46.006902606907424
        ]
      },
      "properties": {
        "cluster_id": 23,
        "location": "montebre",
        "label": "View of Monte San Salvatore",
        "description": "An elevated panoramic view of Lake Lugano featuring the iconic sugarloaf-shaped Monte San Salvatore and the Melide causeway.",
        "photo_path": "foto/montebre/3161139185850953092_01.jpg",
        "cluster_size": 290
      }
    },
    {
      "type": "Feature",
      "geometry": {
        "type": "Point",
        "coordinates": [
          8.987259854990898,
          46.00705343254576
        ]
      },
      "properties": {
        "cluster_id": 23,
        "location": "montebre",
        "label": "View of Monte San Salvatore",
        "description": "An elevated panoramic view of Lake Lugano featuring the iconic sugarloaf-shaped Monte San Salvatore and the Melide causeway.",
        "photo_path": "foto/montebre/3188756106698810424_01.jpg",
        "cluster_size": 290
      }
    },
    {
      "type": "Feature",
      "geometry": {
        "type": "Point",
        "coordinates": [
          8.987137743357595,
          46.007029381353355
        ]
      },
      "properties": {
        "cluster_id": 23,
        "location": "montebre",
        "label": "View of Monte San Salvatore",
        "description": "An elevated panoramic view of Lake Lugano featuring the iconic sugarloaf-shaped Monte San Salvatore and the Melide causeway.",
        "photo_path": "foto/montebre/3142461919133412266_01.jpg",
        "cluster_size": 290
      }
    },
    {
      "type": "Feature",
      "geometry": {
        "type": "Point",
        "coordinates": [
          8.98727602008291,
          46.00708324567741
        ]
      },
      "properties": {
        "cluster_id": 23,
        "location": "montebre",
        "label": "View of Monte San Salvatore",
        "description": "An elevated panoramic view of Lake Lugano featuring the iconic sugarloaf-shaped Monte San Salvatore and the Melide causeway.",
        "photo_path": "foto/montebre/2744946793546086971_01.jpg",
        "cluster_size": 290
      }
    },
    {
      "type": "Feature",
      "geometry": {
        "type": "Point",
        "coordinates": [
          8.987436045773979,
          46.00695290783599
        ]
      },
      "properties": {
        "cluster_id": 23,
        "location": "montebre",
        "label": "View of Monte San Salvatore",
        "description": "An elevated panoramic view of Lake Lugano featuring the iconic sugarloaf-shaped Monte San Salvatore and the Melide causeway.",
        "photo_path": "foto/montebre/3135988470017813480_01.jpg",
        "cluster_size": 290
      }
    },
    {
      "type": "Feature",
      "geometry": {
        "type": "Point",
        "coordinates": [
          8.987117336966667,
          46.00693654561346
        ]
      },
      "properties": {
        "cluster_id": 23,
        "location": "montebre",
        "label": "View of Monte San Salvatore",
        "description": "An elevated panoramic view of Lake Lugano featuring the iconic sugarloaf-shaped Monte San Salvatore and the Melide causeway.",
        "photo_path": "foto/montebre/3159683113621193918_01.jpg",
        "cluster_size": 290
      }
    },
    {
      "type": "Feature",
      "geometry": {
        "type": "Point",
        "coordinates": [
          8.987378593296263,
          46.00685976313752
        ]
      },
      "properties": {
        "cluster_id": 23,
        "location": "montebre",
        "label": "View of Monte San Salvatore",
        "description": "An elevated panoramic view of Lake Lugano featuring the iconic sugarloaf-shaped Monte San Salvatore and the Melide causeway.",
        "photo_path": "foto/montebre/3411456126992273276_01.jpg",
        "cluster_size": 290
      }
    },
    {
      "type": "Feature",
      "geometry": {
        "type": "Point",
        "coordinates": [
          8.987527578868502,
          46.00688464600428
        ]
      },
      "properties": {
        "cluster_id": 23,
        "location": "montebre",
        "label": "View of Monte San Salvatore",
        "description": "An elevated panoramic view of Lake Lugano featuring the iconic sugarloaf-shaped Monte San Salvatore and the Melide causeway.",
        "photo_path": "foto/montebre/3081556558709209876_01.jpg",
        "cluster_size": 290
      }
    },
    {
      "type": "Feature",
      "geometry": {
        "type": "Point",
        "coordinates": [
          8.987520013050375,
          46.00681243879208
        ]
      },
      "properties": {
        "cluster_id": 23,
        "location": "montebre",
        "label": "View of Monte San Salvatore",
        "description": "An elevated panoramic view of Lake Lugano featuring the iconic sugarloaf-shaped Monte San Salvatore and the Melide causeway.",
        "photo_path": "foto/montebre/3161139185850953092_01.jpg",
        "cluster_size": 290
      }
    },
    {
      "type": "Feature",
      "geometry": {
        "type": "Point",
        "coordinates": [
          8.987287457297958,
          46.00701901058263
        ]
      },
      "properties": {
        "cluster_id": 23,
        "location": "montebre",
        "label": "View of Monte San Salvatore",
        "description": "An elevated panoramic view of Lake Lugano featuring the iconic sugarloaf-shaped Monte San Salvatore and the Melide causeway.",
        "photo_path": "foto/montebre/3188756106698810424_01.jpg",
        "cluster_size": 290
      }
    },
    {
      "type": "Feature",
      "geometry": {
        "type": "Point",
        "coordinates": [
          8.9873517638742,
          46.006950908190376
        ]
      },
      "properties": {
        "cluster_id": 23,
        "location": "montebre",
        "label": "View of Monte San Salvatore",
        "description": "An elevated panoramic view of Lake Lugano featuring the iconic sugarloaf-shaped Monte San Salvatore and the Melide causeway.",
        "photo_path": "foto/montebre/3142461919133412266_01.jpg",
        "cluster_size": 290
      }
    },
    {
      "type": "Feature",
      "geometry": {
        "type": "Point",
        "coordinates": [
          8.987443086976524,
          46.006996609486265
        ]
      },
      "properties": {
        "cluster_id": 23,
        "location": "montebre",
        "label": "View of Monte San Salvatore",
        "description": "An elevated panoramic view of Lake Lugano featuring the iconic sugarloaf-shaped Monte San Salvatore and the Melide causeway.",
        "photo_path": "foto/montebre/2744946793546086971_01.jpg",
        "cluster_size": 290
      }
    },
    {
      "type": "Feature",
      "geometry": {
        "type": "Point",
        "coordinates": [
          8.987319492602127,
          46.00701029077916
        ]
      },
      "properties": {
        "cluster_id": 23,
        "location": "montebre",
        "label": "View of Monte San Salvatore",
        "description": "An elevated panoramic view of Lake Lugano featuring the iconic sugarloaf-shaped Monte San Salvatore and the Melide causeway.",
        "photo_path": "foto/montebre/3135988470017813480_01.jpg",
        "cluster_size": 290
      }
    },
    {
      "type": "Feature",
      "geometry": {
        "type": "Point",
        "coordinates": [
          8.987292614734681,
          46.00696724214304
        ]
      },
      "properties": {
        "cluster_id": 23,
        "location": "montebre",
        "label": "View of Monte San Salvatore",
        "description": "An elevated panoramic view of Lake Lugano featuring the iconic sugarloaf-shaped Monte San Salvatore and the Melide causeway.",
        "photo_path": "foto/montebre/3159683113621193918_01.jpg",
        "cluster_size": 290
      }
    },
    {
      "type": "Feature",
      "geometry": {
        "type": "Point",
        "coordinates": [
          8.987078208640224,
          46.00702772988909
        ]
      },
      "properties": {
        "cluster_id": 23,
        "location": "montebre",
        "label": "View of Monte San Salvatore",
        "description": "An elevated panoramic view of Lake Lugano featuring the iconic sugarloaf-shaped Monte San Salvatore and the Melide causeway.",
        "photo_path": "foto/montebre/3411456126992273276_01.jpg",
        "cluster_size": 290
      }
    },
    {
      "type": "Feature",
      "geometry": {
        "type": "Point",
        "coordinates": [
          8.987396393755605,
          46.006878541853865
        ]
      },
      "properties": {
        "cluster_id": 23,
        "location": "montebre",
        "label": "View of Monte San Salvatore",
        "description": "An elevated panoramic view of Lake Lugano featuring the iconic sugarloaf-shaped Monte San Salvatore and the Melide causeway.",
        "photo_path": "foto/montebre/3081556558709209876_01.jpg",
        "cluster_size": 290
      }
    },
    {
      "type": "Feature",
      "geometry": {
        "type": "Point",
        "coordinates": [
          8.987276139241889,
          46.007015393282714
        ]
      },
      "properties": {
        "cluster_id": 23,
        "location": "montebre",
        "label": "View of Monte San Salvatore",
        "description": "An elevated panoramic view of Lake Lugano featuring the iconic sugarloaf-shaped Monte San Salvatore and the Melide causeway.",
        "photo_path": "foto/montebre/3161139185850953092_01.jpg",
        "cluster_size": 290
      }
    },
    {
      "type": "Feature",
      "geometry": {
        "type": "Point",
        "coordinates": [
          8.987345077794325,
          46.007001660714685
        ]
      },
      "properties": {
        "cluster_id": 23,
        "location": "montebre",
        "label": "View of Monte San Salvatore",
        "description": "An elevated panoramic view of Lake Lugano featuring the iconic sugarloaf-shaped Monte San Salvatore and the Melide causeway.",
        "photo_path": "foto/montebre/3188756106698810424_01.jpg",
        "cluster_size": 290
      }
    },
    {
      "type": "Feature",
      "geometry": {
        "type": "Point",
        "coordinates": [
          8.987199061832678,
          46.00695137300177
        ]
      },
      "properties": {
        "cluster_id": 23,
        "location": "montebre",
        "label": "View of Monte San Salvatore",
        "description": "An elevated panoramic view of Lake Lugano featuring the iconic sugarloaf-shaped Monte San Salvatore and the Melide causeway.",
        "photo_path": "foto/montebre/3142461919133412266_01.jpg",
        "cluster_size": 290
      }
    },
    {
      "type": "Feature",
      "geometry": {
        "type": "Point",
        "coordinates": [
          8.987173115051332,
          46.00701764371667
        ]
      },
      "properties": {
        "cluster_id": 23,
        "location": "montebre",
        "label": "View of Monte San Salvatore",
        "description": "An elevated panoramic view of Lake Lugano featuring the iconic sugarloaf-shaped Monte San Salvatore and the Melide causeway.",
        "photo_path": "foto/montebre/2744946793546086971_01.jpg",
        "cluster_size": 290
      }
    },
    {
      "type": "Feature",
      "geometry": {
        "type": "Point",
        "coordinates": [
          8.987079192309752,
          46.00703677952754
        ]
      },
      "properties": {
        "cluster_id": 23,
        "location": "montebre",
        "label": "View of Monte San Salvatore",
        "description": "An elevated panoramic view of Lake Lugano featuring the iconic sugarloaf-shaped Monte San Salvatore and the Melide causeway.",
        "photo_path": "foto/montebre/3135988470017813480_01.jpg",
        "cluster_size": 290
      }
    },
    {
      "type": "Feature",
      "geometry": {
        "type": "Point",
        "coordinates": [
          8.98736129106274,
          46.00709271672408
        ]
      },
      "properties": {
        "cluster_id": 23,
        "location": "montebre",
        "label": "View of Monte San Salvatore",
        "description": "An elevated panoramic view of Lake Lugano featuring the iconic sugarloaf-shaped Monte San Salvatore and the Melide causeway.",
        "photo_path": "foto/montebre/3159683113621193918_01.jpg",
        "cluster_size": 290
      }
    },
    {
      "type": "Feature",
      "geometry": {
        "type": "Point",
        "coordinates": [
          8.98742744497589,
          46.007023065741826
        ]
      },
      "properties": {
        "cluster_id": 23,
        "location": "montebre",
        "label": "View of Monte San Salvatore",
        "description": "An elevated panoramic view of Lake Lugano featuring the iconic sugarloaf-shaped Monte San Salvatore and the Melide causeway.",
        "photo_path": "foto/montebre/3411456126992273276_01.jpg",
        "cluster_size": 290
      }
    },
    {
      "type": "Feature",
      "geometry": {
        "type": "Point",
        "coordinates": [
          8.987431553428891,
          46.007150042742744
        ]
      },
      "properties": {
        "cluster_id": 23,
        "location": "montebre",
        "label": "View of Monte San Salvatore",
        "description": "An elevated panoramic view of Lake Lugano featuring the iconic sugarloaf-shaped Monte San Salvatore and the Melide causeway.",
        "photo_path": "foto/montebre/3081556558709209876_01.jpg",
        "cluster_size": 290
      }
    },
    {
      "type": "Feature",
      "geometry": {
        "type": "Point",
        "coordinates": [
          8.987134051946809,
          46.00683415547465
        ]
      },
      "properties": {
        "cluster_id": 23,
        "location": "montebre",
        "label": "View of Monte San Salvatore",
        "description": "An elevated panoramic view of Lake Lugano featuring the iconic sugarloaf-shaped Monte San Salvatore and the Melide causeway.",
        "photo_path": "foto/montebre/3161139185850953092_01.jpg",
        "cluster_size": 290
      }
    },
    {
      "type": "Feature",
      "geometry": {
        "type": "Point",
        "coordinates": [
          8.987303383742518,
          46.006943710038044
        ]
      },
      "properties": {
        "cluster_id": 23,
        "location": "montebre",
        "label": "View of Monte San Salvatore",
        "description": "An elevated panoramic view of Lake Lugano featuring the iconic sugarloaf-shaped Monte San Salvatore and the Melide causeway.",
        "photo_path": "foto/montebre/3188756106698810424_01.jpg",
        "cluster_size": 290
      }
    },
    {
      "type": "Feature",
      "geometry": {
        "type": "Point",
        "coordinates": [
          8.987205878445737,
          46.00704663594779
        ]
      },
      "properties": {
        "cluster_id": 23,
        "location": "montebre",
        "label": "View of Monte San Salvatore",
        "description": "An elevated panoramic view of Lake Lugano featuring the iconic sugarloaf-shaped Monte San Salvatore and the Melide causeway.",
        "photo_path": "foto/montebre/3142461919133412266_01.jpg",
        "cluster_size": 290
      }
    },
    {
      "type": "Feature",
      "geometry": {
        "type": "Point",
        "coordinates": [
          8.987202034554937,
          46.00701682583463
        ]
      },
      "properties": {
        "cluster_id": 23,
        "location": "montebre",
        "label": "View of Monte San Salvatore",
        "description": "An elevated panoramic view of Lake Lugano featuring the iconic sugarloaf-shaped Monte San Salvatore and the Melide causeway.",
        "photo_path": "foto/montebre/2744946793546086971_01.jpg",
        "cluster_size": 290
      }
    },
    {
      "type": "Feature",
      "geometry": {
        "type": "Point",
        "coordinates": [
          8.987117570434144,
          46.00694490830603
        ]
      },
      "properties": {
        "cluster_id": 23,
        "location": "montebre",
        "label": "View of Monte San Salvatore",
        "description": "An elevated panoramic view of Lake Lugano featuring the iconic sugarloaf-shaped Monte San Salvatore and the Melide causeway.",
        "photo_path": "foto/montebre/3135988470017813480_01.jpg",
        "cluster_size": 290
      }
    },
    {
      "type": "Feature",
      "geometry": {
        "type": "Point",
        "coordinates": [
          8.987124700323106,
          46.006916825833684
        ]
      },
      "properties": {
        "cluster_id": 23,
        "location": "montebre",
        "label": "View of Monte San Salvatore",
        "description": "An elevated panoramic view of Lake Lugano featuring the iconic sugarloaf-shaped Monte San Salvatore and the Melide causeway.",
        "photo_path": "foto/montebre/3159683113621193918_01.jpg",
        "cluster_size": 290
      }
    },
    {
      "type": "Feature",
      "geometry": {
        "type": "Point",
        "coordinates": [
          8.987436646571057,
          46.00691208349072
        ]
      },
      "properties": {
        "cluster_id": 23,
        "location": "montebre",
        "label": "View of Monte San Salvatore",
        "description": "An elevated panoramic view of Lake Lugano featuring the iconic sugarloaf-shaped Monte San Salvatore and the Melide causeway.",
        "photo_path": "foto/montebre/3411456126992273276_01.jpg",
        "cluster_size": 290
      }
    },
    {
      "type": "Feature",
      "geometry": {
        "type": "Point",
        "coordinates": [
          8.987641393046507,
          46.006914468568574
        ]
      },
      "properties": {
        "cluster_id": 23,
        "location": "montebre",
        "label": "View of Monte San Salvatore",
        "description": "An elevated panoramic view of Lake Lugano featuring the iconic sugarloaf-shaped Monte San Salvatore and the Melide causeway.",
        "photo_path": "foto/montebre/3081556558709209876_01.jpg",
        "cluster_size": 290
      }
    },
    {
      "type": "Feature",
      "geometry": {
        "type": "Point",
        "coordinates": [
          8.987323971355911,
          46.007044443054134
        ]
      },
      "properties": {
        "cluster_id": 23,
        "location": "montebre",
        "label": "View of Monte San Salvatore",
        "description": "An elevated panoramic view of Lake Lugano featuring the iconic sugarloaf-shaped Monte San Salvatore and the Melide causeway.",
        "photo_path": "foto/montebre/3161139185850953092_01.jpg",
        "cluster_size": 290
      }
    },
    {
      "type": "Feature",
      "geometry": {
        "type": "Point",
        "coordinates": [
          8.987390823033033,
          46.00692267047025
        ]
      },
      "properties": {
        "cluster_id": 23,
        "location": "montebre",
        "label": "View of Monte San Salvatore",
        "description": "An elevated panoramic view of Lake Lugano featuring the iconic sugarloaf-shaped Monte San Salvatore and the Melide causeway.",
        "photo_path": "foto/montebre/3188756106698810424_01.jpg",
        "cluster_size": 290
      }
    },
    {
      "type": "Feature",
      "geometry": {
        "type": "Point",
        "coordinates": [
          8.987315823425817,
          46.00694814073637
        ]
      },
      "properties": {
        "cluster_id": 23,
        "location": "montebre",
        "label": "View of Monte San Salvatore",
        "description": "An elevated panoramic view of Lake Lugano featuring the iconic sugarloaf-shaped Monte San Salvatore and the Melide causeway.",
        "photo_path": "foto/montebre/3142461919133412266_01.jpg",
        "cluster_size": 290
      }
    },
    {
      "type": "Feature",
      "geometry": {
        "type": "Point",
        "coordinates": [
          8.987287542012897,
          46.00723063824669
        ]
      },
      "properties": {
        "cluster_id": 23,
        "location": "montebre",
        "label": "View of Monte San Salvatore",
        "description": "An elevated panoramic view of Lake Lugano featuring the iconic sugarloaf-shaped Monte San Salvatore and the Melide causeway.",
        "photo_path": "foto/montebre/2744946793546086971_01.jpg",
        "cluster_size": 290
      }
    },
    {
      "type": "Feature",
      "geometry": {
        "type": "Point",
        "coordinates": [
          8.987208805205288,
          46.0071035381375
        ]
      },
      "properties": {
        "cluster_id": 23,
        "location": "montebre",
        "label": "View of Monte San Salvatore",
        "description": "An elevated panoramic view of Lake Lugano featuring the iconic sugarloaf-shaped Monte San Salvatore and the Melide causeway.",
        "photo_path": "foto/montebre/3135988470017813480_01.jpg",
        "cluster_size": 290
      }
    },
    {
      "type": "Feature",
      "geometry": {
        "type": "Point",
        "coordinates": [
          8.987529654741927,
          46.006996847883734
        ]
      },
      "properties": {
        "cluster_id": 23,
        "location": "montebre",
        "label": "View of Monte San Salvatore",
        "description": "An elevated panoramic view of Lake Lugano featuring the iconic sugarloaf-shaped Monte San Salvatore and the Melide causeway.",
        "photo_path": "foto/montebre/3159683113621193918_01.jpg",
        "cluster_size": 290
      }
    },
    {
      "type": "Feature",
      "geometry": {
        "type": "Point",
        "coordinates": [
          8.987535056051748,
          46.00694351648128
        ]
      },
      "properties": {
        "cluster_id": 23,
        "location": "montebre",
        "label": "View of Monte San Salvatore",
        "description": "An elevated panoramic view of Lake Lugano featuring the iconic sugarloaf-shaped Monte San Salvatore and the Melide causeway.",
        "photo_path": "foto/montebre/3411456126992273276_01.jpg",
        "cluster_size": 290
      }
    },
    {
      "type": "Feature",
      "geometry": {
        "type": "Point",
        "coordinates": [
          8.987227053808507,
          46.007063761435624
        ]
      },
      "properties": {
        "cluster_id": 23,
        "location": "montebre",
        "label": "View of Monte San Salvatore",
        "description": "An elevated panoramic view of Lake Lugano featuring the iconic sugarloaf-shaped Monte San Salvatore and the Melide causeway.",
        "photo_path": "foto/montebre/3081556558709209876_01.jpg",
        "cluster_size": 290
      }
    },
    {
      "type": "Feature",
      "geometry": {
        "type": "Point",
        "coordinates": [
          8.987426130371,
          46.00705697367018
        ]
      },
      "properties": {
        "cluster_id": 23,
        "location": "montebre",
        "label": "View of Monte San Salvatore",
        "description": "An elevated panoramic view of Lake Lugano featuring the iconic sugarloaf-shaped Monte San Salvatore and the Melide causeway.",
        "photo_path": "foto/montebre/3161139185850953092_01.jpg",
        "cluster_size": 290
      }
    },
    {
      "type": "Feature",
      "geometry": {
        "type": "Point",
        "coordinates": [
          8.987096357904125,
          46.00705601891551
        ]
      },
      "properties": {
        "cluster_id": 23,
        "location": "montebre",
        "label": "View of Monte San Salvatore",
        "description": "An elevated panoramic view of Lake Lugano featuring the iconic sugarloaf-shaped Monte San Salvatore and the Melide causeway.",
        "photo_path": "foto/montebre/3188756106698810424_01.jpg",
        "cluster_size": 290
      }
    },
    {
      "type": "Feature",
      "geometry": {
        "type": "Point",
        "coordinates": [
          8.987267899363019,
          46.00693449214632
        ]
      },
      "properties": {
        "cluster_id": 23,
        "location": "montebre",
        "label": "View of Monte San Salvatore",
        "description": "An elevated panoramic view of Lake Lugano featuring the iconic sugarloaf-shaped Monte San Salvatore and the Melide causeway.",
        "photo_path": "foto/montebre/3142461919133412266_01.jpg",
        "cluster_size": 290
      }
    },
    {
      "type": "Feature",
      "geometry": {
        "type": "Point",
        "coordinates": [
          8.987380494826755,
          46.006993294285664
        ]
      },
      "properties": {
        "cluster_id": 23,
        "location": "montebre",
        "label": "View of Monte San Salvatore",
        "description": "An elevated panoramic view of Lake Lugano featuring the iconic sugarloaf-shaped Monte San Salvatore and the Melide causeway.",
        "photo_path": "foto/montebre/2744946793546086971_01.jpg",
        "cluster_size": 290
      }
    },
    {
      "type": "Feature",
      "geometry": {
        "type": "Point",
        "coordinates": [
          8.987126819486104,
          46.00701600909918
        ]
      },
      "properties": {
        "cluster_id": 23,
        "location": "montebre",
        "label": "View of Monte San Salvatore",
        "description": "An elevated panoramic view of Lake Lugano featuring the iconic sugarloaf-shaped Monte San Salvatore and the Melide causeway.",
        "photo_path": "foto/montebre/3135988470017813480_01.jpg",
        "cluster_size": 290
      }
    },
    {
      "type": "Feature",
      "geometry": {
        "type": "Point",
        "coordinates": [
          8.987379186729965,
          46.007034252058645
        ]
      },
      "properties": {
        "cluster_id": 23,
        "location": "montebre",
        "label": "View of Monte San Salvatore",
        "description": "An elevated panoramic view of Lake Lugano featuring the iconic sugarloaf-shaped Monte San Salvatore and the Melide causeway.",
        "photo_path": "foto/montebre/3159683113621193918_01.jpg",
        "cluster_size": 290
      }
    },
    {
      "type": "Feature",
      "geometry": {
        "type": "Point",
        "coordinates": [
          8.987440166212735,
          46.007050431571884
        ]
      },
      "properties": {
        "cluster_id": 23,
        "location": "montebre",
        "label": "View of Monte San Salvatore",
        "description": "An elevated panoramic view of Lake Lugano featuring the iconic sugarloaf-shaped Monte San Salvatore and the Melide causeway.",
        "photo_path": "foto/montebre/3411456126992273276_01.jpg",
        "cluster_size": 290
      }
    },
    {
      "type": "Feature",
      "geometry": {
        "type": "Point",
        "coordinates": [
          8.987359550962696,
          46.00707512812203
        ]
      },
      "properties": {
        "cluster_id": 23,
        "location": "montebre",
        "label": "View of Monte San Salvatore",
        "description": "An elevated panoramic view of Lake Lugano featuring the iconic sugarloaf-shaped Monte San Salvatore and the Melide causeway.",
        "photo_path": "foto/montebre/3081556558709209876_01.jpg",
        "cluster_size": 290
      }
    },
    {
      "type": "Feature",
      "geometry": {
        "type": "Point",
        "coordinates": [
          8.987084590344693,
          46.00699367876473
        ]
      },
      "properties": {
        "cluster_id": 23,
        "location": "montebre",
        "label": "View of Monte San Salvatore",
        "description": "An elevated panoramic view of Lake Lugano featuring the iconic sugarloaf-shaped Monte San Salvatore and the Melide causeway.",
        "photo_path": "foto/montebre/3161139185850953092_01.jpg",
        "cluster_size": 290
      }
    },
    {
      "type": "Feature",
      "geometry": {
        "type": "Point",
        "coordinates": [
          8.987326934970113,
          46.00703870434406
        ]
      },
      "properties": {
        "cluster_id": 23,
        "location": "montebre",
        "label": "View of Monte San Salvatore",
        "description": "An elevated panoramic view of Lake Lugano featuring the iconic sugarloaf-shaped Monte San Salvatore and the Melide causeway.",
        "photo_path": "foto/montebre/3188756106698810424_01.jpg",
        "cluster_size": 290
      }
    },
    {
      "type": "Feature",
      "geometry": {
        "type": "Point",
        "coordinates": [
          8.9871344187602,
          46.00702446656191
        ]
      },
      "properties": {
        "cluster_id": 23,
        "location": "montebre",
        "label": "View of Monte San Salvatore",
        "description": "An elevated panoramic view of Lake Lugano featuring the iconic sugarloaf-shaped Monte San Salvatore and the Melide causeway.",
        "photo_path": "foto/montebre/3142461919133412266_01.jpg",
        "cluster_size": 290
      }
    },
    {
      "type": "Feature",
      "geometry": {
        "type": "Point",
        "coordinates": [
          8.987436583160111,
          46.00690260751888
        ]
      },
      "properties": {
        "cluster_id": 23,
        "location": "montebre",
        "label": "View of Monte San Salvatore",
        "description": "An elevated panoramic view of Lake Lugano featuring the iconic sugarloaf-shaped Monte San Salvatore and the Melide causeway.",
        "photo_path": "foto/montebre/2744946793546086971_01.jpg",
        "cluster_size": 290
      }
    },
    {
      "type": "Feature",
      "geometry": {
        "type": "Point",
        "coordinates": [
          8.987388383674384,
          46.006996436472626
        ]
      },
      "properties": {
        "cluster_id": 23,
        "location": "montebre",
        "label": "View of Monte San Salvatore",
        "description": "An elevated panoramic view of Lake Lugano featuring the iconic sugarloaf-shaped Monte San Salvatore and the Melide causeway.",
        "photo_path": "foto/montebre/3135988470017813480_01.jpg",
        "cluster_size": 290
      }
    },
    {
      "type": "Feature",
      "geometry": {
        "type": "Point",
        "coordinates": [
          8.987303859067135,
          46.007002551205055
        ]
      },
      "properties": {
        "cluster_id": 23,
        "location": "montebre",
        "label": "View of Monte San Salvatore",
        "description": "An elevated panoramic view of Lake Lugano featuring the iconic sugarloaf-shaped Monte San Salvatore and the Melide causeway.",
        "photo_path": "foto/montebre/3159683113621193918_01.jpg",
        "cluster_size": 290
      }
    },
    {
      "type": "Feature",
      "geometry": {
        "type": "Point",
        "coordinates": [
          8.98723307427358,
          46.00708453007261
        ]
      },
      "properties": {
        "cluster_id": 23,
        "location": "montebre",
        "label": "View of Monte San Salvatore",
        "description": "An elevated panoramic view of Lake Lugano featuring the iconic sugarloaf-shaped Monte San Salvatore and the Melide causeway.",
        "photo_path": "foto/montebre/3411456126992273276_01.jpg",
        "cluster_size": 290
      }
    },
    {
      "type": "Feature",
      "geometry": {
        "type": "Point",
        "coordinates": [
          8.987240047620274,
          46.007008659529454
        ]
      },
      "properties": {
        "cluster_id": 23,
        "location": "montebre",
        "label": "View of Monte San Salvatore",
        "description": "An elevated panoramic view of Lake Lugano featuring the iconic sugarloaf-shaped Monte San Salvatore and the Melide causeway.",
        "photo_path": "foto/montebre/3081556558709209876_01.jpg",
        "cluster_size": 290
      }
    },
    {
      "type": "Feature",
      "geometry": {
        "type": "Point",
        "coordinates": [
          8.987259903535836,
          46.006960856195725
        ]
      },
      "properties": {
        "cluster_id": 23,
        "location": "montebre",
        "label": "View of Monte San Salvatore",
        "description": "An elevated panoramic view of Lake Lugano featuring the iconic sugarloaf-shaped Monte San Salvatore and the Melide causeway.",
        "photo_path": "foto/montebre/3161139185850953092_01.jpg",
        "cluster_size": 290
      }
    },
    {
      "type": "Feature",
      "geometry": {
        "type": "Point",
        "coordinates": [
          8.987237911197374,
          46.0070200120515
        ]
      },
      "properties": {
        "cluster_id": 23,
        "location": "montebre",
        "label": "View of Monte San Salvatore",
        "description": "An elevated panoramic view of Lake Lugano featuring the iconic sugarloaf-shaped Monte San Salvatore and the Melide causeway.",
        "photo_path": "foto/montebre/3188756106698810424_01.jpg",
        "cluster_size": 290
      }
    },
    {
      "type": "Feature",
      "geometry": {
        "type": "Point",
        "coordinates": [
          8.987183978577269,
          46.00711313118248
        ]
      },
      "properties": {
        "cluster_id": 23,
        "location": "montebre",
        "label": "View of Monte San Salvatore",
        "description": "An elevated panoramic view of Lake Lugano featuring the iconic sugarloaf-shaped Monte San Salvatore and the Melide causeway.",
        "photo_path": "foto/montebre/3142461919133412266_01.jpg",
        "cluster_size": 290
      }
    },
    {
      "type": "Feature",
      "geometry": {
        "type": "Point",
        "coordinates": [
          8.98724297137652,
          46.00698316471674
        ]
      },
      "properties": {
        "cluster_id": 23,
        "location": "montebre",
        "label": "View of Monte San Salvatore",
        "description": "An elevated panoramic view of Lake Lugano featuring the iconic sugarloaf-shaped Monte San Salvatore and the Melide causeway.",
        "photo_path": "foto/montebre/2744946793546086971_01.jpg",
        "cluster_size": 290
      }
    },
    {
      "type": "Feature",
      "geometry": {
        "type": "Point",
        "coordinates": [
          8.987325491145398,
          46.00713035836796
        ]
      },
      "properties": {
        "cluster_id": 23,
        "location": "montebre",
        "label": "View of Monte San Salvatore",
        "description": "An elevated panoramic view of Lake Lugano featuring the iconic sugarloaf-shaped Monte San Salvatore and the Melide causeway.",
        "photo_path": "foto/montebre/3135988470017813480_01.jpg",
        "cluster_size": 290
      }
    },
    {
      "type": "Feature",
      "geometry": {
        "type": "Point",
        "coordinates": [
          8.987107338004503,
          46.00709295896752
        ]
      },
      "properties": {
        "cluster_id": 23,
        "location": "montebre",
        "label": "View of Monte San Salvatore",
        "description": "An elevated panoramic view of Lake Lugano featuring the iconic sugarloaf-shaped Monte San Salvatore and the Melide causeway.",
        "photo_path": "foto/montebre/3159683113621193918_01.jpg",
        "cluster_size": 290
      }
    },
    {
      "type": "Feature",
      "geometry": {
        "type": "Point",
        "coordinates": [
          8.987415376020692,
          46.00702405858251
        ]
      },
      "properties": {
        "cluster_id": 23,
        "location": "montebre",
        "label": "View of Monte San Salvatore",
        "description": "An elevated panoramic view of Lake Lugano featuring the iconic sugarloaf-shaped Monte San Salvatore and the Melide causeway.",
        "photo_path": "foto/montebre/3411456126992273276_01.jpg",
        "cluster_size": 290
      }
    },
    {
      "type": "Feature",
      "geometry": {
        "type": "Point",
        "coordinates": [
          8.987438181913673,
          46.007007412972
        ]
      },
      "properties": {
        "cluster_id": 23,
        "location": "montebre",
        "label": "View of Monte San Salvatore",
        "description": "An elevated panoramic view of Lake Lugano featuring the iconic sugarloaf-shaped Monte San Salvatore and the Melide causeway.",
        "photo_path": "foto/montebre/3081556558709209876_01.jpg",
        "cluster_size": 290
      }
    },
    {
      "type": "Feature",
      "geometry": {
        "type": "Point",
        "coordinates": [
          8.987482777957128,
          46.006953397436924
        ]
      },
      "properties": {
        "cluster_id": 23,
        "location": "montebre",
        "label": "View of Monte San Salvatore",
        "description": "An elevated panoramic view of Lake Lugano featuring the iconic sugarloaf-shaped Monte San Salvatore and the Melide causeway.",
        "photo_path": "foto/montebre/3161139185850953092_01.jpg",
        "cluster_size": 290
      }
    },
    {
      "type": "Feature",
      "geometry": {
        "type": "Point",
        "coordinates": [
          8.98725294354752,
          46.00720710793906
        ]
      },
      "properties": {
        "cluster_id": 23,
        "location": "montebre",
        "label": "View of Monte San Salvatore",
        "description": "An elevated panoramic view of Lake Lugano featuring the iconic sugarloaf-shaped Monte San Salvatore and the Melide causeway.",
        "photo_path": "foto/montebre/3188756106698810424_01.jpg",
        "cluster_size": 290
      }
    },
    {
      "type": "Feature",
      "geometry": {
        "type": "Point",
        "coordinates": [
          8.987488489110687,
          46.00695986463771
        ]
      },
      "properties": {
        "cluster_id": 23,
        "location": "montebre",
        "label": "View of Monte San Salvatore",
        "description": "An elevated panoramic view of Lake Lugano featuring the iconic sugarloaf-shaped Monte San Salvatore and the Melide causeway.",
        "photo_path": "foto/montebre/3142461919133412266_01.jpg",
        "cluster_size": 290
      }
    },
    {
      "type": "Feature",
      "geometry": {
        "type": "Point",
        "coordinates": [
          8.987232190398972,
          46.00714230379691
        ]
      },
      "properties": {
        "cluster_id": 23,
        "location": "montebre",
        "label": "View of Monte San Salvatore",
        "description": "An elevated panoramic view of Lake Lugano featuring the iconic sugarloaf-shaped Monte San Salvatore and the Melide causeway.",
        "photo_path": "foto/montebre/2744946793546086971_01.jpg",
        "cluster_size": 290
      }
    },
    {
      "type": "Feature",
      "geometry": {
        "type": "Point",
        "coordinates": [
          8.987263455416535,
          46.00696214533179
        ]
      },
      "properties": {
        "cluster_id": 23,
        "location": "montebre",
        "label": "View of Monte San Salvatore",
        "description": "An elevated panoramic view of Lake Lugano featuring the iconic sugarloaf-shaped Monte San Salvatore and the Melide causeway.",
        "photo_path": "foto/montebre/3135988470017813480_01.jpg",
        "cluster_size": 290
      }
    },
    {
      "type": "Feature",
      "geometry": {
        "type": "Point",
        "coordinates": [
          8.987180860232684,
          46.00687887833234
        ]
      },
      "properties": {
        "cluster_id": 23,
        "location": "montebre",
        "label": "View of Monte San Salvatore",
        "description": "An elevated panoramic view of Lake Lugano featuring the iconic sugarloaf-shaped Monte San Salvatore and the Melide causeway.",
        "photo_path": "foto/montebre/3159683113621193918_01.jpg",
        "cluster_size": 290
      }
    },
    {
      "type": "Feature",
      "geometry": {
        "type": "Point",
        "coordinates": [
          8.987200424503968,
          46.00690953686786
        ]
      },
      "properties": {
        "cluster_id": 23,
        "location": "montebre",
        "label": "View of Monte San Salvatore",
        "description": "An elevated panoramic view of Lake Lugano featuring the iconic sugarloaf-shaped Monte San Salvatore and the Melide causeway.",
        "photo_path": "foto/montebre/3411456126992273276_01.jpg",
        "cluster_size": 290
      }
    },
    {
      "type": "Feature",
      "geometry": {
        "type": "Point",
        "coordinates": [
          8.987330375256747,
          46.006996875235366
        ]
      },
      "properties": {
        "cluster_id": 23,
        "location": "montebre",
        "label": "View of Monte San Salvatore",
        "description": "An elevated panoramic view of Lake Lugano featuring the iconic sugarloaf-shaped Monte San Salvatore and the Melide causeway.",
        "photo_path": "foto/montebre/3081556558709209876_01.jpg",
        "cluster_size": 290
      }
    },
    {
      "type": "Feature",
      "geometry": {
        "type": "Point",
        "coordinates": [
          8.987170523685746,
          46.00713968472908
        ]
      },
      "properties": {
        "cluster_id": 23,
        "location": "montebre",
        "label": "View of Monte San Salvatore",
        "description": "An elevated panoramic view of Lake Lugano featuring the iconic sugarloaf-shaped Monte San Salvatore and the Melide causeway.",
        "photo_path": "foto/montebre/3161139185850953092_01.jpg",
        "cluster_size": 290
      }
    },
    {
      "type": "Feature",
      "geometry": {
        "type": "Point",
        "coordinates": [
          8.987272247834223,
          46.00708867769355
        ]
      },
      "properties": {
        "cluster_id": 23,
        "location": "montebre",
        "label": "View of Monte San Salvatore",
        "description": "An elevated panoramic view of Lake Lugano featuring the iconic sugarloaf-shaped Monte San Salvatore and the Melide causeway.",
        "photo_path": "foto/montebre/3188756106698810424_01.jpg",
        "cluster_size": 290
      }
    },
    {
      "type": "Feature",
      "geometry": {
        "type": "Point",
        "coordinates": [
          8.987378092138702,
          46.00707015077609
        ]
      },
      "properties": {
        "cluster_id": 20,
        "location": "montebre",
        "label": "Wrought-iron gate in Parco Ciani",
        "description": "An ornate wrought-iron gate flanked by stone pillars, offering a picturesque view of Lake Lugano and the surrounding mountains.",
        "photo_path": "foto/montebre/3679484590019463105_01.jpg",
        "cluster_size": 158
      }
    },
    {
      "type": "Feature",
      "geometry": {
        "type": "Point",
        "coordinates": [
          8.98734016958356,
          46.00697346083808
        ]
      },
      "properties": {
        "cluster_id": 20,
        "location": "montebre",
        "label": "Wrought-iron gate in Parco Ciani",
        "description": "An ornate wrought-iron gate flanked by stone pillars, offering a picturesque view of Lake Lugano and the surrounding mountains.",
        "photo_path": "foto/montebre/3726367727767285149_01.jpg",
        "cluster_size": 158
      }
    },
    {
      "type": "Feature",
      "geometry": {
        "type": "Point",
        "coordinates": [
          8.987354440843614,
          46.007089602660585
        ]
      },
      "properties": {
        "cluster_id": 20,
        "location": "montebre",
        "label": "Wrought-iron gate in Parco Ciani",
        "description": "An ornate wrought-iron gate flanked by stone pillars, offering a picturesque view of Lake Lugano and the surrounding mountains.",
        "photo_path": "foto/montebre/3722351563214988639_01.jpg",
        "cluster_size": 158
      }
    },
    {
      "type": "Feature",
      "geometry": {
        "type": "Point",
        "coordinates": [
          8.987609002279253,
          46.00710065819533
        ]
      },
      "properties": {
        "cluster_id": 20,
        "location": "montebre",
        "label": "Wrought-iron gate in Parco Ciani",
        "description": "An ornate wrought-iron gate flanked by stone pillars, offering a picturesque view of Lake Lugano and the surrounding mountains.",
        "photo_path": "foto/montebre/3169202259656676375_01.jpg",
        "cluster_size": 158
      }
    },
    {
      "type": "Feature",
      "geometry": {
        "type": "Point",
        "coordinates": [
          8.987221710070944,
          46.00701715291351
        ]
      },
      "properties": {
        "cluster_id": 20,
        "location": "montebre",
        "label": "Wrought-iron gate in Parco Ciani",
        "description": "An ornate wrought-iron gate flanked by stone pillars, offering a picturesque view of Lake Lugano and the surrounding mountains.",
        "photo_path": "foto/montebre/3454954372377114959_01.jpg",
        "cluster_size": 158
      }
    },
    {
      "type": "Feature",
      "geometry": {
        "type": "Point",
        "coordinates": [
          8.98721853524388,
          46.007018468179986
        ]
      },
      "properties": {
        "cluster_id": 20,
        "location": "montebre",
        "label": "Wrought-iron gate in Parco Ciani",
        "description": "An ornate wrought-iron gate flanked by stone pillars, offering a picturesque view of Lake Lugano and the surrounding mountains.",
        "photo_path": "foto/montebre/3678309015713264374_01.jpg",
        "cluster_size": 158
      }
    },
    {
      "type": "Feature",
      "geometry": {
        "type": "Point",
        "coordinates": [
          8.987444778238707,
          46.00701718470243
        ]
      },
      "properties": {
        "cluster_id": 20,
        "location": "montebre",
        "label": "Wrought-iron gate in Parco Ciani",
        "description": "An ornate wrought-iron gate flanked by stone pillars, offering a picturesque view of Lake Lugano and the surrounding mountains.",
        "photo_path": "foto/montebre/3684615018338502435_01.jpg",
        "cluster_size": 158
      }
    },
    {
      "type": "Feature",
      "geometry": {
        "type": "Point",
        "coordinates": [
          8.987216554988011,
          46.007202580321824
        ]
      },
      "properties": {
        "cluster_id": 20,
        "location": "montebre",
        "label": "Wrought-iron gate in Parco Ciani",
        "description": "An ornate wrought-iron gate flanked by stone pillars, offering a picturesque view of Lake Lugano and the surrounding mountains.",
        "photo_path": "foto/montebre/3411874040354217062_01.jpg",
        "cluster_size": 158
      }
    },
    {
      "type": "Feature",
      "geometry": {
        "type": "Point",
        "coordinates": [
          8.987351712727355,
          46.006999619977584
        ]
      },
      "properties": {
        "cluster_id": 20,
        "location": "montebre",
        "label": "Wrought-iron gate in Parco Ciani",
        "description": "An ornate wrought-iron gate flanked by stone pillars, offering a picturesque view of Lake Lugano and the surrounding mountains.",
        "photo_path": "foto/montebre/3679484590019463105_01.jpg",
        "cluster_size": 158
      }
    },
    {
      "type": "Feature",
      "geometry": {
        "type": "Point",
        "coordinates": [
          8.987372659735492,
          46.00702485714234
        ]
      },
      "properties": {
        "cluster_id": 20,
        "location": "montebre",
        "label": "Wrought-iron gate in Parco Ciani",
        "description": "An ornate wrought-iron gate flanked by stone pillars, offering a picturesque view of Lake Lugano and the surrounding mountains.",
        "photo_path": "foto/montebre/3726367727767285149_01.jpg",
        "cluster_size": 158
      }
    },
    {
      "type": "Feature",
      "geometry": {
        "type": "Point",
        "coordinates": [
          8.987093998430039,
          46.00709288831938
        ]
      },
      "properties": {
        "cluster_id": 20,
        "location": "montebre",
        "label": "Wrought-iron gate in Parco Ciani",
        "description": "An ornate wrought-iron gate flanked by stone pillars, offering a picturesque view of Lake Lugano and the surrounding mountains.",
        "photo_path": "foto/montebre/3722351563214988639_01.jpg",
        "cluster_size": 158
      }
    },
    {
      "type": "Feature",
      "geometry": {
        "type": "Point",
        "coordinates": [
          8.987523481925697,
          46.00721402184915
        ]
      },
      "properties": {
        "cluster_id": 20,
        "location": "montebre",
        "label": "Wrought-iron gate in Parco Ciani",
        "description": "An ornate wrought-iron gate flanked by stone pillars, offering a picturesque view of Lake Lugano and the surrounding mountains.",
        "photo_path": "foto/montebre/3169202259656676375_01.jpg",
        "cluster_size": 158
      }
    },
    {
      "type": "Feature",
      "geometry": {
        "type": "Point",
        "coordinates": [
          8.987240294018967,
          46.007019400777814
        ]
      },
      "properties": {
        "cluster_id": 20,
        "location": "montebre",
        "label": "Wrought-iron gate in Parco Ciani",
        "description": "An ornate wrought-iron gate flanked by stone pillars, offering a picturesque view of Lake Lugano and the surrounding mountains.",
        "photo_path": "foto/montebre/3454954372377114959_01.jpg",
        "cluster_size": 158
      }
    },
    {
      "type": "Feature",
      "geometry": {
        "type": "Point",
        "coordinates": [
          8.987333950575298,
          46.00710036060495
        ]
      },
      "properties": {
        "cluster_id": 20,
        "location": "montebre",
        "label": "Wrought-iron gate in Parco Ciani",
        "description": "An ornate wrought-iron gate flanked by stone pillars, offering a picturesque view of Lake Lugano and the surrounding mountains.",
        "photo_path": "foto/montebre/3678309015713264374_01.jpg",
        "cluster_size": 158
      }
    },
    {
      "type": "Feature",
      "geometry": {
        "type": "Point",
        "coordinates": [
          8.9875512779294,
          46.007133935279
        ]
      },
      "properties": {
        "cluster_id": 20,
        "location": "montebre",
        "label": "Wrought-iron gate in Parco Ciani",
        "description": "An ornate wrought-iron gate flanked by stone pillars, offering a picturesque view of Lake Lugano and the surrounding mountains.",
        "photo_path": "foto/montebre/3684615018338502435_01.jpg",
        "cluster_size": 158
      }
    },
    {
      "type": "Feature",
      "geometry": {
        "type": "Point",
        "coordinates": [
          8.987187043955641,
          46.00705866577449
        ]
      },
      "properties": {
        "cluster_id": 20,
        "location": "montebre",
        "label": "Wrought-iron gate in Parco Ciani",
        "description": "An ornate wrought-iron gate flanked by stone pillars, offering a picturesque view of Lake Lugano and the surrounding mountains.",
        "photo_path": "foto/montebre/3411874040354217062_01.jpg",
        "cluster_size": 158
      }
    },
    {
      "type": "Feature",
      "geometry": {
        "type": "Point",
        "coordinates": [
          8.987195780793474,
          46.00695034397263
        ]
      },
      "properties": {
        "cluster_id": 20,
        "location": "montebre",
        "label": "Wrought-iron gate in Parco Ciani",
        "description": "An ornate wrought-iron gate flanked by stone pillars, offering a picturesque view of Lake Lugano and the surrounding mountains.",
        "photo_path": "foto/montebre/3679484590019463105_01.jpg",
        "cluster_size": 158
      }
    },
    {
      "type": "Feature",
      "geometry": {
        "type": "Point",
        "coordinates": [
          8.987523310759885,
          46.00707162255418
        ]
      },
      "properties": {
        "cluster_id": 20,
        "location": "montebre",
        "label": "Wrought-iron gate in Parco Ciani",
        "description": "An ornate wrought-iron gate flanked by stone pillars, offering a picturesque view of Lake Lugano and the surrounding mountains.",
        "photo_path": "foto/montebre/3726367727767285149_01.jpg",
        "cluster_size": 158
      }
    },
    {
      "type": "Feature",
      "geometry": {
        "type": "Point",
        "coordinates": [
          8.987319597958184,
          46.00702797531759
        ]
      },
      "properties": {
        "cluster_id": 20,
        "location": "montebre",
        "label": "Wrought-iron gate in Parco Ciani",
        "description": "An ornate wrought-iron gate flanked by stone pillars, offering a picturesque view of Lake Lugano and the surrounding mountains.",
        "photo_path": "foto/montebre/3722351563214988639_01.jpg",
        "cluster_size": 158
      }
    },
    {
      "type": "Feature",
      "geometry": {
        "type": "Point",
        "coordinates": [
          8.98744469740856,
          46.00707312742596
        ]
      },
      "properties": {
        "cluster_id": 20,
        "location": "montebre",
        "label": "Wrought-iron gate in Parco Ciani",
        "description": "An ornate wrought-iron gate flanked by stone pillars, offering a picturesque view of Lake Lugano and the surrounding mountains.",
        "photo_path": "foto/montebre/3169202259656676375_01.jpg",
        "cluster_size": 158
      }
    },
    {
      "type": "Feature",
      "geometry": {
        "type": "Point",
        "coordinates": [
          8.98722172669485,
          46.00730225853605
        ]
      },
      "properties": {
        "cluster_id": 20,
        "location": "montebre",
        "label": "Wrought-iron gate in Parco Ciani",
        "description": "An ornate wrought-iron gate flanked by stone pillars, offering a picturesque view of Lake Lugano and the surrounding mountains.",
        "photo_path": "foto/montebre/3454954372377114959_01.jpg",
        "cluster_size": 158
      }
    },
    {
      "type": "Feature",
      "geometry": {
        "type": "Point",
        "coordinates": [
          8.987425991941043,
          46.00703051332268
        ]
      },
      "properties": {
        "cluster_id": 20,
        "location": "montebre",
        "label": "Wrought-iron gate in Parco Ciani",
        "description": "An ornate wrought-iron gate flanked by stone pillars, offering a picturesque view of Lake Lugano and the surrounding mountains.",
        "photo_path": "foto/montebre/3678309015713264374_01.jpg",
        "cluster_size": 158
      }
    },
    {
      "type": "Feature",
      "geometry": {
        "type": "Point",
        "coordinates": [
          8.987530074012081,
          46.007136038631884
        ]
      },
      "properties": {
        "cluster_id": 20,
        "location": "montebre",
        "label": "Wrought-iron gate in Parco Ciani",
        "description": "An ornate wrought-iron gate flanked by stone pillars, offering a picturesque view of Lake Lugano and the surrounding mountains.",
        "photo_path": "foto/montebre/3684615018338502435_01.jpg",
        "cluster_size": 158
      }
    },
    {
      "type": "Feature",
      "geometry": {
        "type": "Point",
        "coordinates": [
          8.987243978436725,
          46.00712721310897
        ]
      },
      "properties": {
        "cluster_id": 20,
        "location": "montebre",
        "label": "Wrought-iron gate in Parco Ciani",
        "description": "An ornate wrought-iron gate flanked by stone pillars, offering a picturesque view of Lake Lugano and the surrounding mountains.",
        "photo_path": "foto/montebre/3411874040354217062_01.jpg",
        "cluster_size": 158
      }
    },
    {
      "type": "Feature",
      "geometry": {
        "type": "Point",
        "coordinates": [
          8.987434362469955,
          46.00712781911306
        ]
      },
      "properties": {
        "cluster_id": 20,
        "location": "montebre",
        "label": "Wrought-iron gate in Parco Ciani",
        "description": "An ornate wrought-iron gate flanked by stone pillars, offering a picturesque view of Lake Lugano and the surrounding mountains.",
        "photo_path": "foto/montebre/3679484590019463105_01.jpg",
        "cluster_size": 158
      }
    },
    {
      "type": "Feature",
      "geometry": {
        "type": "Point",
        "coordinates": [
          8.987356363204993,
          46.00714852427977
        ]
      },
      "properties": {
        "cluster_id": 20,
        "location": "montebre",
        "label": "Wrought-iron gate in Parco Ciani",
        "description": "An ornate wrought-iron gate flanked by stone pillars, offering a picturesque view of Lake Lugano and the surrounding mountains.",
        "photo_path": "foto/montebre/3726367727767285149_01.jpg",
        "cluster_size": 158
      }
    },
    {
      "type": "Feature",
      "geometry": {
        "type": "Point",
        "coordinates": [
          8.987442220634284,
          46.00717070378503
        ]
      },
      "properties": {
        "cluster_id": 20,
        "location": "montebre",
        "label": "Wrought-iron gate in Parco Ciani",
        "description": "An ornate wrought-iron gate flanked by stone pillars, offering a picturesque view of Lake Lugano and the surrounding mountains.",
        "photo_path": "foto/montebre/3722351563214988639_01.jpg",
        "cluster_size": 158
      }
    },
    {
      "type": "Feature",
      "geometry": {
        "type": "Point",
        "coordinates": [
          8.98737470598987,
          46.00719912579417
        ]
      },
      "properties": {
        "cluster_id": 20,
        "location": "montebre",
        "label": "Wrought-iron gate in Parco Ciani",
        "description": "An ornate wrought-iron gate flanked by stone pillars, offering a picturesque view of Lake Lugano and the surrounding mountains.",
        "photo_path": "foto/montebre/3169202259656676375_01.jpg",
        "cluster_size": 158
      }
    },
    {
      "type": "Feature",
      "geometry": {
        "type": "Point",
        "coordinates": [
          8.987309602213813,
          46.00705955128324
        ]
      },
      "properties": {
        "cluster_id": 20,
        "location": "montebre",
        "label": "Wrought-iron gate in Parco Ciani",
        "description": "An ornate wrought-iron gate flanked by stone pillars, offering a picturesque view of Lake Lugano and the surrounding mountains.",
        "photo_path": "foto/montebre/3454954372377114959_01.jpg",
        "cluster_size": 158
      }
    },
    {
      "type": "Feature",
      "geometry": {
        "type": "Point",
        "coordinates": [
          8.987184626742247,
          46.007183301467634
        ]
      },
      "properties": {
        "cluster_id": 20,
        "location": "montebre",
        "label": "Wrought-iron gate in Parco Ciani",
        "description": "An ornate wrought-iron gate flanked by stone pillars, offering a picturesque view of Lake Lugano and the surrounding mountains.",
        "photo_path": "foto/montebre/3678309015713264374_01.jpg",
        "cluster_size": 158
      }
    },
    {
      "type": "Feature",
      "geometry": {
        "type": "Point",
        "coordinates": [
          8.987239562924954,
          46.00710782077776
        ]
      },
      "properties": {
        "cluster_id": 20,
        "location": "montebre",
        "label": "Wrought-iron gate in Parco Ciani",
        "description": "An ornate wrought-iron gate flanked by stone pillars, offering a picturesque view of Lake Lugano and the surrounding mountains.",
        "photo_path": "foto/montebre/3684615018338502435_01.jpg",
        "cluster_size": 158
      }
    },
    {
      "type": "Feature",
      "geometry": {
        "type": "Point",
        "coordinates": [
          8.987456377087025,
          46.00707719658984
        ]
      },
      "properties": {
        "cluster_id": 20,
        "location": "montebre",
        "label": "Wrought-iron gate in Parco Ciani",
        "description": "An ornate wrought-iron gate flanked by stone pillars, offering a picturesque view of Lake Lugano and the surrounding mountains.",
        "photo_path": "foto/montebre/3411874040354217062_01.jpg",
        "cluster_size": 158
      }
    },
    {
      "type": "Feature",
      "geometry": {
        "type": "Point",
        "coordinates": [
          8.987296597293977,
          46.007091823098406
        ]
      },
      "properties": {
        "cluster_id": 20,
        "location": "montebre",
        "label": "Wrought-iron gate in Parco Ciani",
        "description": "An ornate wrought-iron gate flanked by stone pillars, offering a picturesque view of Lake Lugano and the surrounding mountains.",
        "photo_path": "foto/montebre/3679484590019463105_01.jpg",
        "cluster_size": 158
      }
    },
    {
      "type": "Feature",
      "geometry": {
        "type": "Point",
        "coordinates": [
          8.987387356407906,
          46.0069520974039
        ]
      },
      "properties": {
        "cluster_id": 20,
        "location": "montebre",
        "label": "Wrought-iron gate in Parco Ciani",
        "description": "An ornate wrought-iron gate flanked by stone pillars, offering a picturesque view of Lake Lugano and the surrounding mountains.",
        "photo_path": "foto/montebre/3726367727767285149_01.jpg",
        "cluster_size": 158
      }
    },
    {
      "type": "Feature",
      "geometry": {
        "type": "Point",
        "coordinates": [
          8.987571126973908,
          46.00713275869418
        ]
      },
      "properties": {
        "cluster_id": 20,
        "location": "montebre",
        "label": "Wrought-iron gate in Parco Ciani",
        "description": "An ornate wrought-iron gate flanked by stone pillars, offering a picturesque view of Lake Lugano and the surrounding mountains.",
        "photo_path": "foto/montebre/3722351563214988639_01.jpg",
        "cluster_size": 158
      }
    },
    {
      "type": "Feature",
      "geometry": {
        "type": "Point",
        "coordinates": [
          8.987318996505758,
          46.00704687919723
        ]
      },
      "properties": {
        "cluster_id": 20,
        "location": "montebre",
        "label": "Wrought-iron gate in Parco Ciani",
        "description": "An ornate wrought-iron gate flanked by stone pillars, offering a picturesque view of Lake Lugano and the surrounding mountains.",
        "photo_path": "foto/montebre/3169202259656676375_01.jpg",
        "cluster_size": 158
      }
    },
    {
      "type": "Feature",
      "geometry": {
        "type": "Point",
        "coordinates": [
          8.98749515451454,
          46.00709707396468
        ]
      },
      "properties": {
        "cluster_id": 20,
        "location": "montebre",
        "label": "Wrought-iron gate in Parco Ciani",
        "description": "An ornate wrought-iron gate flanked by stone pillars, offering a picturesque view of Lake Lugano and the surrounding mountains.",
        "photo_path": "foto/montebre/3454954372377114959_01.jpg",
        "cluster_size": 158
      }
    },
    {
      "type": "Feature",
      "geometry": {
        "type": "Point",
        "coordinates": [
          8.98732676118817,
          46.007066021783054
        ]
      },
      "properties": {
        "cluster_id": 20,
        "location": "montebre",
        "label": "Wrought-iron gate in Parco Ciani",
        "description": "An ornate wrought-iron gate flanked by stone pillars, offering a picturesque view of Lake Lugano and the surrounding mountains.",
        "photo_path": "foto/montebre/3678309015713264374_01.jpg",
        "cluster_size": 158
      }
    },
    {
      "type": "Feature",
      "geometry": {
        "type": "Point",
        "coordinates": [
          8.987314776244158,
          46.007129372417474
        ]
      },
      "properties": {
        "cluster_id": 20,
        "location": "montebre",
        "label": "Wrought-iron gate in Parco Ciani",
        "description": "An ornate wrought-iron gate flanked by stone pillars, offering a picturesque view of Lake Lugano and the surrounding mountains.",
        "photo_path": "foto/montebre/3684615018338502435_01.jpg",
        "cluster_size": 158
      }
    },
    {
      "type": "Feature",
      "geometry": {
        "type": "Point",
        "coordinates": [
          8.987315746436497,
          46.007034387721596
        ]
      },
      "properties": {
        "cluster_id": 20,
        "location": "montebre",
        "label": "Wrought-iron gate in Parco Ciani",
        "description": "An ornate wrought-iron gate flanked by stone pillars, offering a picturesque view of Lake Lugano and the surrounding mountains.",
        "photo_path": "foto/montebre/3411874040354217062_01.jpg",
        "cluster_size": 158
      }
    },
    {
      "type": "Feature",
      "geometry": {
        "type": "Point",
        "coordinates": [
          8.987157446406691,
          46.007171330547216
        ]
      },
      "properties": {
        "cluster_id": 20,
        "location": "montebre",
        "label": "Wrought-iron gate in Parco Ciani",
        "description": "An ornate wrought-iron gate flanked by stone pillars, offering a picturesque view of Lake Lugano and the surrounding mountains.",
        "photo_path": "foto/montebre/3679484590019463105_01.jpg",
        "cluster_size": 158
      }
    },
    {
      "type": "Feature",
      "geometry": {
        "type": "Point",
        "coordinates": [
          8.987199776435036,
          46.007086586216076
        ]
      },
      "properties": {
        "cluster_id": 20,
        "location": "montebre",
        "label": "Wrought-iron gate in Parco Ciani",
        "description": "An ornate wrought-iron gate flanked by stone pillars, offering a picturesque view of Lake Lugano and the surrounding mountains.",
        "photo_path": "foto/montebre/3726367727767285149_01.jpg",
        "cluster_size": 158
      }
    },
    {
      "type": "Feature",
      "geometry": {
        "type": "Point",
        "coordinates": [
          8.987093033176281,
          46.007182268824614
        ]
      },
      "properties": {
        "cluster_id": 20,
        "location": "montebre",
        "label": "Wrought-iron gate in Parco Ciani",
        "description": "An ornate wrought-iron gate flanked by stone pillars, offering a picturesque view of Lake Lugano and the surrounding mountains.",
        "photo_path": "foto/montebre/3722351563214988639_01.jpg",
        "cluster_size": 158
      }
    },
    {
      "type": "Feature",
      "geometry": {
        "type": "Point",
        "coordinates": [
          8.987339495472806,
          46.00702425364658
        ]
      },
      "properties": {
        "cluster_id": 20,
        "location": "montebre",
        "label": "Wrought-iron gate in Parco Ciani",
        "description": "An ornate wrought-iron gate flanked by stone pillars, offering a picturesque view of Lake Lugano and the surrounding mountains.",
        "photo_path": "foto/montebre/3169202259656676375_01.jpg",
        "cluster_size": 158
      }
    },
    {
      "type": "Feature",
      "geometry": {
        "type": "Point",
        "coordinates": [
          8.987282047811554,
          46.00721564516698
        ]
      },
      "properties": {
        "cluster_id": 20,
        "location": "montebre",
        "label": "Wrought-iron gate in Parco Ciani",
        "description": "An ornate wrought-iron gate flanked by stone pillars, offering a picturesque view of Lake Lugano and the surrounding mountains.",
        "photo_path": "foto/montebre/3454954372377114959_01.jpg",
        "cluster_size": 158
      }
    },
    {
      "type": "Feature",
      "geometry": {
        "type": "Point",
        "coordinates": [
          8.987534541791707,
          46.007024588990774
        ]
      },
      "properties": {
        "cluster_id": 20,
        "location": "montebre",
        "label": "Wrought-iron gate in Parco Ciani",
        "description": "An ornate wrought-iron gate flanked by stone pillars, offering a picturesque view of Lake Lugano and the surrounding mountains.",
        "photo_path": "foto/montebre/3678309015713264374_01.jpg",
        "cluster_size": 158
      }
    },
    {
      "type": "Feature",
      "geometry": {
        "type": "Point",
        "coordinates": [
          8.987005412291202,
          46.00694415526341
        ]
      },
      "properties": {
        "cluster_id": 20,
        "location": "montebre",
        "label": "Wrought-iron gate in Parco Ciani",
        "description": "An ornate wrought-iron gate flanked by stone pillars, offering a picturesque view of Lake Lugano and the surrounding mountains.",
        "photo_path": "foto/montebre/3684615018338502435_01.jpg",
        "cluster_size": 158
      }
    },
    {
      "type": "Feature",
      "geometry": {
        "type": "Point",
        "coordinates": [
          8.987225463647267,
          46.007114247907595
        ]
      },
      "properties": {
        "cluster_id": 20,
        "location": "montebre",
        "label": "Wrought-iron gate in Parco Ciani",
        "description": "An ornate wrought-iron gate flanked by stone pillars, offering a picturesque view of Lake Lugano and the surrounding mountains.",
        "photo_path": "foto/montebre/3411874040354217062_01.jpg",
        "cluster_size": 158
      }
    },
    {
      "type": "Feature",
      "geometry": {
        "type": "Point",
        "coordinates": [
          8.987382441538978,
          46.00698260400965
        ]
      },
      "properties": {
        "cluster_id": 20,
        "location": "montebre",
        "label": "Wrought-iron gate in Parco Ciani",
        "description": "An ornate wrought-iron gate flanked by stone pillars, offering a picturesque view of Lake Lugano and the surrounding mountains.",
        "photo_path": "foto/montebre/3679484590019463105_01.jpg",
        "cluster_size": 158
      }
    },
    {
      "type": "Feature",
      "geometry": {
        "type": "Point",
        "coordinates": [
          8.98721741971575,
          46.00709657099442
        ]
      },
      "properties": {
        "cluster_id": 20,
        "location": "montebre",
        "label": "Wrought-iron gate in Parco Ciani",
        "description": "An ornate wrought-iron gate flanked by stone pillars, offering a picturesque view of Lake Lugano and the surrounding mountains.",
        "photo_path": "foto/montebre/3726367727767285149_01.jpg",
        "cluster_size": 158
      }
    },
    {
      "type": "Feature",
      "geometry": {
        "type": "Point",
        "coordinates": [
          8.987403723745858,
          46.00695926422753
        ]
      },
      "properties": {
        "cluster_id": 20,
        "location": "montebre",
        "label": "Wrought-iron gate in Parco Ciani",
        "description": "An ornate wrought-iron gate flanked by stone pillars, offering a picturesque view of Lake Lugano and the surrounding mountains.",
        "photo_path": "foto/montebre/3722351563214988639_01.jpg",
        "cluster_size": 158
      }
    },
    {
      "type": "Feature",
      "geometry": {
        "type": "Point",
        "coordinates": [
          8.98727771285255,
          46.00713318364885
        ]
      },
      "properties": {
        "cluster_id": 20,
        "location": "montebre",
        "label": "Wrought-iron gate in Parco Ciani",
        "description": "An ornate wrought-iron gate flanked by stone pillars, offering a picturesque view of Lake Lugano and the surrounding mountains.",
        "photo_path": "foto/montebre/3169202259656676375_01.jpg",
        "cluster_size": 158
      }
    },
    {
      "type": "Feature",
      "geometry": {
        "type": "Point",
        "coordinates": [
          8.987151795892185,
          46.00724097065949
        ]
      },
      "properties": {
        "cluster_id": 20,
        "location": "montebre",
        "label": "Wrought-iron gate in Parco Ciani",
        "description": "An ornate wrought-iron gate flanked by stone pillars, offering a picturesque view of Lake Lugano and the surrounding mountains.",
        "photo_path": "foto/montebre/3454954372377114959_01.jpg",
        "cluster_size": 158
      }
    },
    {
      "type": "Feature",
      "geometry": {
        "type": "Point",
        "coordinates": [
          8.987200841544121,
          46.00693717226606
        ]
      },
      "properties": {
        "cluster_id": 20,
        "location": "montebre",
        "label": "Wrought-iron gate in Parco Ciani",
        "description": "An ornate wrought-iron gate flanked by stone pillars, offering a picturesque view of Lake Lugano and the surrounding mountains.",
        "photo_path": "foto/montebre/3678309015713264374_01.jpg",
        "cluster_size": 158
      }
    },
    {
      "type": "Feature",
      "geometry": {
        "type": "Point",
        "coordinates": [
          8.987322133587584,
          46.00707050011783
        ]
      },
      "properties": {
        "cluster_id": 20,
        "location": "montebre",
        "label": "Wrought-iron gate in Parco Ciani",
        "description": "An ornate wrought-iron gate flanked by stone pillars, offering a picturesque view of Lake Lugano and the surrounding mountains.",
        "photo_path": "foto/montebre/3684615018338502435_01.jpg",
        "cluster_size": 158
      }
    },
    {
      "type": "Feature",
      "geometry": {
        "type": "Point",
        "coordinates": [
          8.987336232934679,
          46.007052873987966
        ]
      },
      "properties": {
        "cluster_id": 20,
        "location": "montebre",
        "label": "Wrought-iron gate in Parco Ciani",
        "description": "An ornate wrought-iron gate flanked by stone pillars, offering a picturesque view of Lake Lugano and the surrounding mountains.",
        "photo_path": "foto/montebre/3411874040354217062_01.jpg",
        "cluster_size": 158
      }
    },
    {
      "type": "Feature",
      "geometry": {
        "type": "Point",
        "coordinates": [
          8.987477816459824,
          46.006961855666674
        ]
      },
      "properties": {
        "cluster_id": 20,
        "location": "montebre",
        "label": "Wrought-iron gate in Parco Ciani",
        "description": "An ornate wrought-iron gate flanked by stone pillars, offering a picturesque view of Lake Lugano and the surrounding mountains.",
        "photo_path": "foto/montebre/3679484590019463105_01.jpg",
        "cluster_size": 158
      }
    },
    {
      "type": "Feature",
      "geometry": {
        "type": "Point",
        "coordinates": [
          8.987435476797083,
          46.00706720595909
        ]
      },
      "properties": {
        "cluster_id": 20,
        "location": "montebre",
        "label": "Wrought-iron gate in Parco Ciani",
        "description": "An ornate wrought-iron gate flanked by stone pillars, offering a picturesque view of Lake Lugano and the surrounding mountains.",
        "photo_path": "foto/montebre/3726367727767285149_01.jpg",
        "cluster_size": 158
      }
    },
    {
      "type": "Feature",
      "geometry": {
        "type": "Point",
        "coordinates": [
          8.98734981117209,
          46.00710548312348
        ]
      },
      "properties": {
        "cluster_id": 20,
        "location": "montebre",
        "label": "Wrought-iron gate in Parco Ciani",
        "description": "An ornate wrought-iron gate flanked by stone pillars, offering a picturesque view of Lake Lugano and the surrounding mountains.",
        "photo_path": "foto/montebre/3722351563214988639_01.jpg",
        "cluster_size": 158
      }
    },
    {
      "type": "Feature",
      "geometry": {
        "type": "Point",
        "coordinates": [
          8.987348638172252,
          46.00712593735176
        ]
      },
      "properties": {
        "cluster_id": 20,
        "location": "montebre",
        "label": "Wrought-iron gate in Parco Ciani",
        "description": "An ornate wrought-iron gate flanked by stone pillars, offering a picturesque view of Lake Lugano and the surrounding mountains.",
        "photo_path": "foto/montebre/3169202259656676375_01.jpg",
        "cluster_size": 158
      }
    },
    {
      "type": "Feature",
      "geometry": {
        "type": "Point",
        "coordinates": [
          8.987462952445359,
          46.00713250991749
        ]
      },
      "properties": {
        "cluster_id": 20,
        "location": "montebre",
        "label": "Wrought-iron gate in Parco Ciani",
        "description": "An ornate wrought-iron gate flanked by stone pillars, offering a picturesque view of Lake Lugano and the surrounding mountains.",
        "photo_path": "foto/montebre/3454954372377114959_01.jpg",
        "cluster_size": 158
      }
    },
    {
      "type": "Feature",
      "geometry": {
        "type": "Point",
        "coordinates": [
          8.987382525488506,
          46.00709231157603
        ]
      },
      "properties": {
        "cluster_id": 20,
        "location": "montebre",
        "label": "Wrought-iron gate in Parco Ciani",
        "description": "An ornate wrought-iron gate flanked by stone pillars, offering a picturesque view of Lake Lugano and the surrounding mountains.",
        "photo_path": "foto/montebre/3678309015713264374_01.jpg",
        "cluster_size": 158
      }
    },
    {
      "type": "Feature",
      "geometry": {
        "type": "Point",
        "coordinates": [
          8.987477343430802,
          46.00706652266937
        ]
      },
      "properties": {
        "cluster_id": 20,
        "location": "montebre",
        "label": "Wrought-iron gate in Parco Ciani",
        "description": "An ornate wrought-iron gate flanked by stone pillars, offering a picturesque view of Lake Lugano and the surrounding mountains.",
        "photo_path": "foto/montebre/3684615018338502435_01.jpg",
        "cluster_size": 158
      }
    },
    {
      "type": "Feature",
      "geometry": {
        "type": "Point",
        "coordinates": [
          8.987524138513896,
          46.00701367072272
        ]
      },
      "properties": {
        "cluster_id": 20,
        "location": "montebre",
        "label": "Wrought-iron gate in Parco Ciani",
        "description": "An ornate wrought-iron gate flanked by stone pillars, offering a picturesque view of Lake Lugano and the surrounding mountains.",
        "photo_path": "foto/montebre/3411874040354217062_01.jpg",
        "cluster_size": 158
      }
    },
    {
      "type": "Feature",
      "geometry": {
        "type": "Point",
        "coordinates": [
          8.987105018042485,
          46.00707098913276
        ]
      },
      "properties": {
        "cluster_id": 20,
        "location": "montebre",
        "label": "Wrought-iron gate in Parco Ciani",
        "description": "An ornate wrought-iron gate flanked by stone pillars, offering a picturesque view of Lake Lugano and the surrounding mountains.",
        "photo_path": "foto/montebre/3679484590019463105_01.jpg",
        "cluster_size": 158
      }
    },
    {
      "type": "Feature",
      "geometry": {
        "type": "Point",
        "coordinates": [
          8.98720224950984,
          46.00708614790443
        ]
      },
      "properties": {
        "cluster_id": 20,
        "location": "montebre",
        "label": "Wrought-iron gate in Parco Ciani",
        "description": "An ornate wrought-iron gate flanked by stone pillars, offering a picturesque view of Lake Lugano and the surrounding mountains.",
        "photo_path": "foto/montebre/3726367727767285149_01.jpg",
        "cluster_size": 158
      }
    },
    {
      "type": "Feature",
      "geometry": {
        "type": "Point",
        "coordinates": [
          8.987205936289122,
          46.00715034061921
        ]
      },
      "properties": {
        "cluster_id": 20,
        "location": "montebre",
        "label": "Wrought-iron gate in Parco Ciani",
        "description": "An ornate wrought-iron gate flanked by stone pillars, offering a picturesque view of Lake Lugano and the surrounding mountains.",
        "photo_path": "foto/montebre/3722351563214988639_01.jpg",
        "cluster_size": 158
      }
    },
    {
      "type": "Feature",
      "geometry": {
        "type": "Point",
        "coordinates": [
          8.98704552082977,
          46.00703441026045
        ]
      },
      "properties": {
        "cluster_id": 20,
        "location": "montebre",
        "label": "Wrought-iron gate in Parco Ciani",
        "description": "An ornate wrought-iron gate flanked by stone pillars, offering a picturesque view of Lake Lugano and the surrounding mountains.",
        "photo_path": "foto/montebre/3169202259656676375_01.jpg",
        "cluster_size": 158
      }
    },
    {
      "type": "Feature",
      "geometry": {
        "type": "Point",
        "coordinates": [
          8.986976222575734,
          46.0070338586491
        ]
      },
      "properties": {
        "cluster_id": 20,
        "location": "montebre",
        "label": "Wrought-iron gate in Parco Ciani",
        "description": "An ornate wrought-iron gate flanked by stone pillars, offering a picturesque view of Lake Lugano and the surrounding mountains.",
        "photo_path": "foto/montebre/3454954372377114959_01.jpg",
        "cluster_size": 158
      }
    },
    {
      "type": "Feature",
      "geometry": {
        "type": "Point",
        "coordinates": [
          8.987389192956545,
          46.006931913018086
        ]
      },
      "properties": {
        "cluster_id": 20,
        "location": "montebre",
        "label": "Wrought-iron gate in Parco Ciani",
        "description": "An ornate wrought-iron gate flanked by stone pillars, offering a picturesque view of Lake Lugano and the surrounding mountains.",
        "photo_path": "foto/montebre/3678309015713264374_01.jpg",
        "cluster_size": 158
      }
    },
    {
      "type": "Feature",
      "geometry": {
        "type": "Point",
        "coordinates": [
          8.987345752445222,
          46.007145399773236
        ]
      },
      "properties": {
        "cluster_id": 20,
        "location": "montebre",
        "label": "Wrought-iron gate in Parco Ciani",
        "description": "An ornate wrought-iron gate flanked by stone pillars, offering a picturesque view of Lake Lugano and the surrounding mountains.",
        "photo_path": "foto/montebre/3684615018338502435_01.jpg",
        "cluster_size": 158
      }
    },
    {
      "type": "Feature",
      "geometry": {
        "type": "Point",
        "coordinates": [
          8.987284387273137,
          46.0069874919983
        ]
      },
      "properties": {
        "cluster_id": 20,
        "location": "montebre",
        "label": "Wrought-iron gate in Parco Ciani",
        "description": "An ornate wrought-iron gate flanked by stone pillars, offering a picturesque view of Lake Lugano and the surrounding mountains.",
        "photo_path": "foto/montebre/3411874040354217062_01.jpg",
        "cluster_size": 158
      }
    },
    {
      "type": "Feature",
      "geometry": {
        "type": "Point",
        "coordinates": [
          8.987140346888555,
          46.00707428241308
        ]
      },
      "properties": {
        "cluster_id": 20,
        "location": "montebre",
        "label": "Wrought-iron gate in Parco Ciani",
        "description": "An ornate wrought-iron gate flanked by stone pillars, offering a picturesque view of Lake Lugano and the surrounding mountains.",
        "photo_path": "foto/montebre/3679484590019463105_01.jpg",
        "cluster_size": 158
      }
    },
    {
      "type": "Feature",
      "geometry": {
        "type": "Point",
        "coordinates": [
          8.987404359869332,
          46.0072100482546
        ]
      },
      "properties": {
        "cluster_id": 20,
        "location": "montebre",
        "label": "Wrought-iron gate in Parco Ciani",
        "description": "An ornate wrought-iron gate flanked by stone pillars, offering a picturesque view of Lake Lugano and the surrounding mountains.",
        "photo_path": "foto/montebre/3726367727767285149_01.jpg",
        "cluster_size": 158
      }
    },
    {
      "type": "Feature",
      "geometry": {
        "type": "Point",
        "coordinates": [
          8.987294061766839,
          46.007054700283824
        ]
      },
      "properties": {
        "cluster_id": 20,
        "location": "montebre",
        "label": "Wrought-iron gate in Parco Ciani",
        "description": "An ornate wrought-iron gate flanked by stone pillars, offering a picturesque view of Lake Lugano and the surrounding mountains.",
        "photo_path": "foto/montebre/3722351563214988639_01.jpg",
        "cluster_size": 158
      }
    },
    {
      "type": "Feature",
      "geometry": {
        "type": "Point",
        "coordinates": [
          8.987025782805814,
          46.00709338019209
        ]
      },
      "properties": {
        "cluster_id": 20,
        "location": "montebre",
        "label": "Wrought-iron gate in Parco Ciani",
        "description": "An ornate wrought-iron gate flanked by stone pillars, offering a picturesque view of Lake Lugano and the surrounding mountains.",
        "photo_path": "foto/montebre/3169202259656676375_01.jpg",
        "cluster_size": 158
      }
    },
    {
      "type": "Feature",
      "geometry": {
        "type": "Point",
        "coordinates": [
          8.987202128562382,
          46.00705233873349
        ]
      },
      "properties": {
        "cluster_id": 20,
        "location": "montebre",
        "label": "Wrought-iron gate in Parco Ciani",
        "description": "An ornate wrought-iron gate flanked by stone pillars, offering a picturesque view of Lake Lugano and the surrounding mountains.",
        "photo_path": "foto/montebre/3454954372377114959_01.jpg",
        "cluster_size": 158
      }
    },
    {
      "type": "Feature",
      "geometry": {
        "type": "Point",
        "coordinates": [
          8.987254119113663,
          46.006984370929224
        ]
      },
      "properties": {
        "cluster_id": 20,
        "location": "montebre",
        "label": "Wrought-iron gate in Parco Ciani",
        "description": "An ornate wrought-iron gate flanked by stone pillars, offering a picturesque view of Lake Lugano and the surrounding mountains.",
        "photo_path": "foto/montebre/3678309015713264374_01.jpg",
        "cluster_size": 158
      }
    },
    {
      "type": "Feature",
      "geometry": {
        "type": "Point",
        "coordinates": [
          8.987373685716971,
          46.007236560707305
        ]
      },
      "properties": {
        "cluster_id": 20,
        "location": "montebre",
        "label": "Wrought-iron gate in Parco Ciani",
        "description": "An ornate wrought-iron gate flanked by stone pillars, offering a picturesque view of Lake Lugano and the surrounding mountains.",
        "photo_path": "foto/montebre/3684615018338502435_01.jpg",
        "cluster_size": 158
      }
    },
    {
      "type": "Feature",
      "geometry": {
        "type": "Point",
        "coordinates": [
          8.987364833082337,
          46.0070231493995
        ]
      },
      "properties": {
        "cluster_id": 20,
        "location": "montebre",
        "label": "Wrought-iron gate in Parco Ciani",
        "description": "An ornate wrought-iron gate flanked by stone pillars, offering a picturesque view of Lake Lugano and the surrounding mountains.",
        "photo_path": "foto/montebre/3411874040354217062_01.jpg",
        "cluster_size": 158
      }
    },
    {
      "type": "Feature",
      "geometry": {
        "type": "Point",
        "coordinates": [
          8.987410490485725,
          46.0072006750235
        ]
      },
      "properties": {
        "cluster_id": 20,
        "location": "montebre",
        "label": "Wrought-iron gate in Parco Ciani",
        "description": "An ornate wrought-iron gate flanked by stone pillars, offering a picturesque view of Lake Lugano and the surrounding mountains.",
        "photo_path": "foto/montebre/3679484590019463105_01.jpg",
        "cluster_size": 158
      }
    },
    {
      "type": "Feature",
      "geometry": {
        "type": "Point",
        "coordinates": [
          8.987206673861035,
          46.00707997907155
        ]
      },
      "properties": {
        "cluster_id": 20,
        "location": "montebre",
        "label": "Wrought-iron gate in Parco Ciani",
        "description": "An ornate wrought-iron gate flanked by stone pillars, offering a picturesque view of Lake Lugano and the surrounding mountains.",
        "photo_path": "foto/montebre/3726367727767285149_01.jpg",
        "cluster_size": 158
      }
    },
    {
      "type": "Feature",
      "geometry": {
        "type": "Point",
        "coordinates": [
          8.987341605980756,
          46.00713750996738
        ]
      },
      "properties": {
        "cluster_id": 20,
        "location": "montebre",
        "label": "Wrought-iron gate in Parco Ciani",
        "description": "An ornate wrought-iron gate flanked by stone pillars, offering a picturesque view of Lake Lugano and the surrounding mountains.",
        "photo_path": "foto/montebre/3722351563214988639_01.jpg",
        "cluster_size": 158
      }
    },
    {
      "type": "Feature",
      "geometry": {
        "type": "Point",
        "coordinates": [
          8.98737295023851,
          46.00715525500399
        ]
      },
      "properties": {
        "cluster_id": 20,
        "location": "montebre",
        "label": "Wrought-iron gate in Parco Ciani",
        "description": "An ornate wrought-iron gate flanked by stone pillars, offering a picturesque view of Lake Lugano and the surrounding mountains.",
        "photo_path": "foto/montebre/3169202259656676375_01.jpg",
        "cluster_size": 158
      }
    },
    {
      "type": "Feature",
      "geometry": {
        "type": "Point",
        "coordinates": [
          8.987221160412389,
          46.00716916126483
        ]
      },
      "properties": {
        "cluster_id": 20,
        "location": "montebre",
        "label": "Wrought-iron gate in Parco Ciani",
        "description": "An ornate wrought-iron gate flanked by stone pillars, offering a picturesque view of Lake Lugano and the surrounding mountains.",
        "photo_path": "foto/montebre/3454954372377114959_01.jpg",
        "cluster_size": 158
      }
    },
    {
      "type": "Feature",
      "geometry": {
        "type": "Point",
        "coordinates": [
          8.987316201597272,
          46.00719329111621
        ]
      },
      "properties": {
        "cluster_id": 20,
        "location": "montebre",
        "label": "Wrought-iron gate in Parco Ciani",
        "description": "An ornate wrought-iron gate flanked by stone pillars, offering a picturesque view of Lake Lugano and the surrounding mountains.",
        "photo_path": "foto/montebre/3678309015713264374_01.jpg",
        "cluster_size": 158
      }
    },
    {
      "type": "Feature",
      "geometry": {
        "type": "Point",
        "coordinates": [
          8.987201194332973,
          46.00726156740512
        ]
      },
      "properties": {
        "cluster_id": 20,
        "location": "montebre",
        "label": "Wrought-iron gate in Parco Ciani",
        "description": "An ornate wrought-iron gate flanked by stone pillars, offering a picturesque view of Lake Lugano and the surrounding mountains.",
        "photo_path": "foto/montebre/3684615018338502435_01.jpg",
        "cluster_size": 158
      }
    },
    {
      "type": "Feature",
      "geometry": {
        "type": "Point",
        "coordinates": [
          8.987316241953978,
          46.00723100010157
        ]
      },
      "properties": {
        "cluster_id": 20,
        "location": "montebre",
        "label": "Wrought-iron gate in Parco Ciani",
        "description": "An ornate wrought-iron gate flanked by stone pillars, offering a picturesque view of Lake Lugano and the surrounding mountains.",
        "photo_path": "foto/montebre/3411874040354217062_01.jpg",
        "cluster_size": 158
      }
    },
    {
      "type": "Feature",
      "geometry": {
        "type": "Point",
        "coordinates": [
          8.987227819901777,
          46.00701592065952
        ]
      },
      "properties": {
        "cluster_id": 20,
        "location": "montebre",
        "label": "Wrought-iron gate in Parco Ciani",
        "description": "An ornate wrought-iron gate flanked by stone pillars, offering a picturesque view of Lake Lugano and the surrounding mountains.",
        "photo_path": "foto/montebre/3679484590019463105_01.jpg",
        "cluster_size": 158
      }
    },
    {
      "type": "Feature",
      "geometry": {
        "type": "Point",
        "coordinates": [
          8.987345584935909,
          46.00704574684829
        ]
      },
      "properties": {
        "cluster_id": 20,
        "location": "montebre",
        "label": "Wrought-iron gate in Parco Ciani",
        "description": "An ornate wrought-iron gate flanked by stone pillars, offering a picturesque view of Lake Lugano and the surrounding mountains.",
        "photo_path": "foto/montebre/3726367727767285149_01.jpg",
        "cluster_size": 158
      }
    },
    {
      "type": "Feature",
      "geometry": {
        "type": "Point",
        "coordinates": [
          8.987216171921991,
          46.00712170926237
        ]
      },
      "properties": {
        "cluster_id": 20,
        "location": "montebre",
        "label": "Wrought-iron gate in Parco Ciani",
        "description": "An ornate wrought-iron gate flanked by stone pillars, offering a picturesque view of Lake Lugano and the surrounding mountains.",
        "photo_path": "foto/montebre/3722351563214988639_01.jpg",
        "cluster_size": 158
      }
    },
    {
      "type": "Feature",
      "geometry": {
        "type": "Point",
        "coordinates": [
          8.987568405516303,
          46.00707241285874
        ]
      },
      "properties": {
        "cluster_id": 20,
        "location": "montebre",
        "label": "Wrought-iron gate in Parco Ciani",
        "description": "An ornate wrought-iron gate flanked by stone pillars, offering a picturesque view of Lake Lugano and the surrounding mountains.",
        "photo_path": "foto/montebre/3169202259656676375_01.jpg",
        "cluster_size": 158
      }
    },
    {
      "type": "Feature",
      "geometry": {
        "type": "Point",
        "coordinates": [
          8.987347161668346,
          46.00723024148598
        ]
      },
      "properties": {
        "cluster_id": 20,
        "location": "montebre",
        "label": "Wrought-iron gate in Parco Ciani",
        "description": "An ornate wrought-iron gate flanked by stone pillars, offering a picturesque view of Lake Lugano and the surrounding mountains.",
        "photo_path": "foto/montebre/3454954372377114959_01.jpg",
        "cluster_size": 158
      }
    },
    {
      "type": "Feature",
      "geometry": {
        "type": "Point",
        "coordinates": [
          8.987306141784495,
          46.00707803070292
        ]
      },
      "properties": {
        "cluster_id": 20,
        "location": "montebre",
        "label": "Wrought-iron gate in Parco Ciani",
        "description": "An ornate wrought-iron gate flanked by stone pillars, offering a picturesque view of Lake Lugano and the surrounding mountains.",
        "photo_path": "foto/montebre/3678309015713264374_01.jpg",
        "cluster_size": 158
      }
    },
    {
      "type": "Feature",
      "geometry": {
        "type": "Point",
        "coordinates": [
          8.987157929207266,
          46.00712987885559
        ]
      },
      "properties": {
        "cluster_id": 20,
        "location": "montebre",
        "label": "Wrought-iron gate in Parco Ciani",
        "description": "An ornate wrought-iron gate flanked by stone pillars, offering a picturesque view of Lake Lugano and the surrounding mountains.",
        "photo_path": "foto/montebre/3684615018338502435_01.jpg",
        "cluster_size": 158
      }
    },
    {
      "type": "Feature",
      "geometry": {
        "type": "Point",
        "coordinates": [
          8.98707417664965,
          46.00705141989071
        ]
      },
      "properties": {
        "cluster_id": 20,
        "location": "montebre",
        "label": "Wrought-iron gate in Parco Ciani",
        "description": "An ornate wrought-iron gate flanked by stone pillars, offering a picturesque view of Lake Lugano and the surrounding mountains.",
        "photo_path": "foto/montebre/3411874040354217062_01.jpg",
        "cluster_size": 158
      }
    },
    {
      "type": "Feature",
      "geometry": {
        "type": "Point",
        "coordinates": [
          8.987374509646305,
          46.00711057301323
        ]
      },
      "properties": {
        "cluster_id": 20,
        "location": "montebre",
        "label": "Wrought-iron gate in Parco Ciani",
        "description": "An ornate wrought-iron gate flanked by stone pillars, offering a picturesque view of Lake Lugano and the surrounding mountains.",
        "photo_path": "foto/montebre/3679484590019463105_01.jpg",
        "cluster_size": 158
      }
    },
    {
      "type": "Feature",
      "geometry": {
        "type": "Point",
        "coordinates": [
          8.987494704942788,
          46.00703107665423
        ]
      },
      "properties": {
        "cluster_id": 20,
        "location": "montebre",
        "label": "Wrought-iron gate in Parco Ciani",
        "description": "An ornate wrought-iron gate flanked by stone pillars, offering a picturesque view of Lake Lugano and the surrounding mountains.",
        "photo_path": "foto/montebre/3726367727767285149_01.jpg",
        "cluster_size": 158
      }
    },
    {
      "type": "Feature",
      "geometry": {
        "type": "Point",
        "coordinates": [
          8.987100660494711,
          46.00696417762714
        ]
      },
      "properties": {
        "cluster_id": 20,
        "location": "montebre",
        "label": "Wrought-iron gate in Parco Ciani",
        "description": "An ornate wrought-iron gate flanked by stone pillars, offering a picturesque view of Lake Lugano and the surrounding mountains.",
        "photo_path": "foto/montebre/3722351563214988639_01.jpg",
        "cluster_size": 158
      }
    },
    {
      "type": "Feature",
      "geometry": {
        "type": "Point",
        "coordinates": [
          8.98742637289511,
          46.00709482785071
        ]
      },
      "properties": {
        "cluster_id": 20,
        "location": "montebre",
        "label": "Wrought-iron gate in Parco Ciani",
        "description": "An ornate wrought-iron gate flanked by stone pillars, offering a picturesque view of Lake Lugano and the surrounding mountains.",
        "photo_path": "foto/montebre/3169202259656676375_01.jpg",
        "cluster_size": 158
      }
    },
    {
      "type": "Feature",
      "geometry": {
        "type": "Point",
        "coordinates": [
          8.987231062350002,
          46.00722631216358
        ]
      },
      "properties": {
        "cluster_id": 20,
        "location": "montebre",
        "label": "Wrought-iron gate in Parco Ciani",
        "description": "An ornate wrought-iron gate flanked by stone pillars, offering a picturesque view of Lake Lugano and the surrounding mountains.",
        "photo_path": "foto/montebre/3454954372377114959_01.jpg",
        "cluster_size": 158
      }
    },
    {
      "type": "Feature",
      "geometry": {
        "type": "Point",
        "coordinates": [
          8.987285580793465,
          46.007171785419615
        ]
      },
      "properties": {
        "cluster_id": 20,
        "location": "montebre",
        "label": "Wrought-iron gate in Parco Ciani",
        "description": "An ornate wrought-iron gate flanked by stone pillars, offering a picturesque view of Lake Lugano and the surrounding mountains.",
        "photo_path": "foto/montebre/3678309015713264374_01.jpg",
        "cluster_size": 158
      }
    },
    {
      "type": "Feature",
      "geometry": {
        "type": "Point",
        "coordinates": [
          8.987405176609764,
          46.007059054957146
        ]
      },
      "properties": {
        "cluster_id": 20,
        "location": "montebre",
        "label": "Wrought-iron gate in Parco Ciani",
        "description": "An ornate wrought-iron gate flanked by stone pillars, offering a picturesque view of Lake Lugano and the surrounding mountains.",
        "photo_path": "foto/montebre/3684615018338502435_01.jpg",
        "cluster_size": 158
      }
    },
    {
      "type": "Feature",
      "geometry": {
        "type": "Point",
        "coordinates": [
          8.987086132998916,
          46.007133374793035
        ]
      },
      "properties": {
        "cluster_id": 20,
        "location": "montebre",
        "label": "Wrought-iron gate in Parco Ciani",
        "description": "An ornate wrought-iron gate flanked by stone pillars, offering a picturesque view of Lake Lugano and the surrounding mountains.",
        "photo_path": "foto/montebre/3411874040354217062_01.jpg",
        "cluster_size": 158
      }
    },
    {
      "type": "Feature",
      "geometry": {
        "type": "Point",
        "coordinates": [
          8.987469558690155,
          46.00720762861928
        ]
      },
      "properties": {
        "cluster_id": 20,
        "location": "montebre",
        "label": "Wrought-iron gate in Parco Ciani",
        "description": "An ornate wrought-iron gate flanked by stone pillars, offering a picturesque view of Lake Lugano and the surrounding mountains.",
        "photo_path": "foto/montebre/3679484590019463105_01.jpg",
        "cluster_size": 158
      }
    },
    {
      "type": "Feature",
      "geometry": {
        "type": "Point",
        "coordinates": [
          8.987341906620859,
          46.007018249966016
        ]
      },
      "properties": {
        "cluster_id": 20,
        "location": "montebre",
        "label": "Wrought-iron gate in Parco Ciani",
        "description": "An ornate wrought-iron gate flanked by stone pillars, offering a picturesque view of Lake Lugano and the surrounding mountains.",
        "photo_path": "foto/montebre/3726367727767285149_01.jpg",
        "cluster_size": 158
      }
    },
    {
      "type": "Feature",
      "geometry": {
        "type": "Point",
        "coordinates": [
          8.987324381671248,
          46.00711911419014
        ]
      },
      "properties": {
        "cluster_id": 20,
        "location": "montebre",
        "label": "Wrought-iron gate in Parco Ciani",
        "description": "An ornate wrought-iron gate flanked by stone pillars, offering a picturesque view of Lake Lugano and the surrounding mountains.",
        "photo_path": "foto/montebre/3722351563214988639_01.jpg",
        "cluster_size": 158
      }
    },
    {
      "type": "Feature",
      "geometry": {
        "type": "Point",
        "coordinates": [
          8.987203472262621,
          46.00702502992526
        ]
      },
      "properties": {
        "cluster_id": 20,
        "location": "montebre",
        "label": "Wrought-iron gate in Parco Ciani",
        "description": "An ornate wrought-iron gate flanked by stone pillars, offering a picturesque view of Lake Lugano and the surrounding mountains.",
        "photo_path": "foto/montebre/3169202259656676375_01.jpg",
        "cluster_size": 158
      }
    },
    {
      "type": "Feature",
      "geometry": {
        "type": "Point",
        "coordinates": [
          8.987442665914905,
          46.00707230479759
        ]
      },
      "properties": {
        "cluster_id": 20,
        "location": "montebre",
        "label": "Wrought-iron gate in Parco Ciani",
        "description": "An ornate wrought-iron gate flanked by stone pillars, offering a picturesque view of Lake Lugano and the surrounding mountains.",
        "photo_path": "foto/montebre/3454954372377114959_01.jpg",
        "cluster_size": 158
      }
    },
    {
      "type": "Feature",
      "geometry": {
        "type": "Point",
        "coordinates": [
          8.98724251005776,
          46.00712357995305
        ]
      },
      "properties": {
        "cluster_id": 20,
        "location": "montebre",
        "label": "Wrought-iron gate in Parco Ciani",
        "description": "An ornate wrought-iron gate flanked by stone pillars, offering a picturesque view of Lake Lugano and the surrounding mountains.",
        "photo_path": "foto/montebre/3678309015713264374_01.jpg",
        "cluster_size": 158
      }
    },
    {
      "type": "Feature",
      "geometry": {
        "type": "Point",
        "coordinates": [
          8.986921148087264,
          46.00714412937251
        ]
      },
      "properties": {
        "cluster_id": 20,
        "location": "montebre",
        "label": "Wrought-iron gate in Parco Ciani",
        "description": "An ornate wrought-iron gate flanked by stone pillars, offering a picturesque view of Lake Lugano and the surrounding mountains.",
        "photo_path": "foto/montebre/3684615018338502435_01.jpg",
        "cluster_size": 158
      }
    },
    {
      "type": "Feature",
      "geometry": {
        "type": "Point",
        "coordinates": [
          8.987064951853986,
          46.007178099371586
        ]
      },
      "properties": {
        "cluster_id": 20,
        "location": "montebre",
        "label": "Wrought-iron gate in Parco Ciani",
        "description": "An ornate wrought-iron gate flanked by stone pillars, offering a picturesque view of Lake Lugano and the surrounding mountains.",
        "photo_path": "foto/montebre/3411874040354217062_01.jpg",
        "cluster_size": 158
      }
    },
    {
      "type": "Feature",
      "geometry": {
        "type": "Point",
        "coordinates": [
          8.987145365207887,
          46.00704195462909
        ]
      },
      "properties": {
        "cluster_id": 20,
        "location": "montebre",
        "label": "Wrought-iron gate in Parco Ciani",
        "description": "An ornate wrought-iron gate flanked by stone pillars, offering a picturesque view of Lake Lugano and the surrounding mountains.",
        "photo_path": "foto/montebre/3679484590019463105_01.jpg",
        "cluster_size": 158
      }
    },
    {
      "type": "Feature",
      "geometry": {
        "type": "Point",
        "coordinates": [
          8.98744112231709,
          46.006957968995366
        ]
      },
      "properties": {
        "cluster_id": 20,
        "location": "montebre",
        "label": "Wrought-iron gate in Parco Ciani",
        "description": "An ornate wrought-iron gate flanked by stone pillars, offering a picturesque view of Lake Lugano and the surrounding mountains.",
        "photo_path": "foto/montebre/3726367727767285149_01.jpg",
        "cluster_size": 158
      }
    },
    {
      "type": "Feature",
      "geometry": {
        "type": "Point",
        "coordinates": [
          8.987335512959957,
          46.00703247172279
        ]
      },
      "properties": {
        "cluster_id": 20,
        "location": "montebre",
        "label": "Wrought-iron gate in Parco Ciani",
        "description": "An ornate wrought-iron gate flanked by stone pillars, offering a picturesque view of Lake Lugano and the surrounding mountains.",
        "photo_path": "foto/montebre/3722351563214988639_01.jpg",
        "cluster_size": 158
      }
    },
    {
      "type": "Feature",
      "geometry": {
        "type": "Point",
        "coordinates": [
          8.987352442267483,
          46.00707037988697
        ]
      },
      "properties": {
        "cluster_id": 20,
        "location": "montebre",
        "label": "Wrought-iron gate in Parco Ciani",
        "description": "An ornate wrought-iron gate flanked by stone pillars, offering a picturesque view of Lake Lugano and the surrounding mountains.",
        "photo_path": "foto/montebre/3169202259656676375_01.jpg",
        "cluster_size": 158
      }
    },
    {
      "type": "Feature",
      "geometry": {
        "type": "Point",
        "coordinates": [
          8.987124183971167,
          46.00708152785724
        ]
      },
      "properties": {
        "cluster_id": 20,
        "location": "montebre",
        "label": "Wrought-iron gate in Parco Ciani",
        "description": "An ornate wrought-iron gate flanked by stone pillars, offering a picturesque view of Lake Lugano and the surrounding mountains.",
        "photo_path": "foto/montebre/3454954372377114959_01.jpg",
        "cluster_size": 158
      }
    },
    {
      "type": "Feature",
      "geometry": {
        "type": "Point",
        "coordinates": [
          8.987226539766512,
          46.00716436073367
        ]
      },
      "properties": {
        "cluster_id": 20,
        "location": "montebre",
        "label": "Wrought-iron gate in Parco Ciani",
        "description": "An ornate wrought-iron gate flanked by stone pillars, offering a picturesque view of Lake Lugano and the surrounding mountains.",
        "photo_path": "foto/montebre/3678309015713264374_01.jpg",
        "cluster_size": 158
      }
    },
    {
      "type": "Feature",
      "geometry": {
        "type": "Point",
        "coordinates": [
          8.987235052788007,
          46.006934374362665
        ]
      },
      "properties": {
        "cluster_id": 20,
        "location": "montebre",
        "label": "Wrought-iron gate in Parco Ciani",
        "description": "An ornate wrought-iron gate flanked by stone pillars, offering a picturesque view of Lake Lugano and the surrounding mountains.",
        "photo_path": "foto/montebre/3684615018338502435_01.jpg",
        "cluster_size": 158
      }
    },
    {
      "type": "Feature",
      "geometry": {
        "type": "Point",
        "coordinates": [
          8.987400840017617,
          46.00720981055089
        ]
      },
      "properties": {
        "cluster_id": 20,
        "location": "montebre",
        "label": "Wrought-iron gate in Parco Ciani",
        "description": "An ornate wrought-iron gate flanked by stone pillars, offering a picturesque view of Lake Lugano and the surrounding mountains.",
        "photo_path": "foto/montebre/3411874040354217062_01.jpg",
        "cluster_size": 158
      }
    },
    {
      "type": "Feature",
      "geometry": {
        "type": "Point",
        "coordinates": [
          8.987245279794081,
          46.007043196863954
        ]
      },
      "properties": {
        "cluster_id": 20,
        "location": "montebre",
        "label": "Wrought-iron gate in Parco Ciani",
        "description": "An ornate wrought-iron gate flanked by stone pillars, offering a picturesque view of Lake Lugano and the surrounding mountains.",
        "photo_path": "foto/montebre/3679484590019463105_01.jpg",
        "cluster_size": 158
      }
    },
    {
      "type": "Feature",
      "geometry": {
        "type": "Point",
        "coordinates": [
          8.987559907934004,
          46.00704563083541
        ]
      },
      "properties": {
        "cluster_id": 20,
        "location": "montebre",
        "label": "Wrought-iron gate in Parco Ciani",
        "description": "An ornate wrought-iron gate flanked by stone pillars, offering a picturesque view of Lake Lugano and the surrounding mountains.",
        "photo_path": "foto/montebre/3726367727767285149_01.jpg",
        "cluster_size": 158
      }
    },
    {
      "type": "Feature",
      "geometry": {
        "type": "Point",
        "coordinates": [
          8.987346346954242,
          46.00710901556545
        ]
      },
      "properties": {
        "cluster_id": 20,
        "location": "montebre",
        "label": "Wrought-iron gate in Parco Ciani",
        "description": "An ornate wrought-iron gate flanked by stone pillars, offering a picturesque view of Lake Lugano and the surrounding mountains.",
        "photo_path": "foto/montebre/3722351563214988639_01.jpg",
        "cluster_size": 158
      }
    },
    {
      "type": "Feature",
      "geometry": {
        "type": "Point",
        "coordinates": [
          8.987321543461444,
          46.00716742529534
        ]
      },
      "properties": {
        "cluster_id": 20,
        "location": "montebre",
        "label": "Wrought-iron gate in Parco Ciani",
        "description": "An ornate wrought-iron gate flanked by stone pillars, offering a picturesque view of Lake Lugano and the surrounding mountains.",
        "photo_path": "foto/montebre/3169202259656676375_01.jpg",
        "cluster_size": 158
      }
    },
    {
      "type": "Feature",
      "geometry": {
        "type": "Point",
        "coordinates": [
          8.987265110379933,
          46.0070512698359
        ]
      },
      "properties": {
        "cluster_id": 20,
        "location": "montebre",
        "label": "Wrought-iron gate in Parco Ciani",
        "description": "An ornate wrought-iron gate flanked by stone pillars, offering a picturesque view of Lake Lugano and the surrounding mountains.",
        "photo_path": "foto/montebre/3454954372377114959_01.jpg",
        "cluster_size": 158
      }
    },
    {
      "type": "Feature",
      "geometry": {
        "type": "Point",
        "coordinates": [
          8.987285747604737,
          46.00706815640224
        ]
      },
      "properties": {
        "cluster_id": 20,
        "location": "montebre",
        "label": "Wrought-iron gate in Parco Ciani",
        "description": "An ornate wrought-iron gate flanked by stone pillars, offering a picturesque view of Lake Lugano and the surrounding mountains.",
        "photo_path": "foto/montebre/3678309015713264374_01.jpg",
        "cluster_size": 158
      }
    },
    {
      "type": "Feature",
      "geometry": {
        "type": "Point",
        "coordinates": [
          8.987297311798756,
          46.00714015917729
        ]
      },
      "properties": {
        "cluster_id": 20,
        "location": "montebre",
        "label": "Wrought-iron gate in Parco Ciani",
        "description": "An ornate wrought-iron gate flanked by stone pillars, offering a picturesque view of Lake Lugano and the surrounding mountains.",
        "photo_path": "foto/montebre/3684615018338502435_01.jpg",
        "cluster_size": 158
      }
    },
    {
      "type": "Feature",
      "geometry": {
        "type": "Point",
        "coordinates": [
          8.987280106832957,
          46.00714061057671
        ]
      },
      "properties": {
        "cluster_id": 20,
        "location": "montebre",
        "label": "Wrought-iron gate in Parco Ciani",
        "description": "An ornate wrought-iron gate flanked by stone pillars, offering a picturesque view of Lake Lugano and the surrounding mountains.",
        "photo_path": "foto/montebre/3411874040354217062_01.jpg",
        "cluster_size": 158
      }
    },
    {
      "type": "Feature",
      "geometry": {
        "type": "Point",
        "coordinates": [
          8.987031428744475,
          46.00708169121753
        ]
      },
      "properties": {
        "cluster_id": 20,
        "location": "montebre",
        "label": "Wrought-iron gate in Parco Ciani",
        "description": "An ornate wrought-iron gate flanked by stone pillars, offering a picturesque view of Lake Lugano and the surrounding mountains.",
        "photo_path": "foto/montebre/3679484590019463105_01.jpg",
        "cluster_size": 158
      }
    },
    {
      "type": "Feature",
      "geometry": {
        "type": "Point",
        "coordinates": [
          8.987335510961978,
          46.00715715900891
        ]
      },
      "properties": {
        "cluster_id": 20,
        "location": "montebre",
        "label": "Wrought-iron gate in Parco Ciani",
        "description": "An ornate wrought-iron gate flanked by stone pillars, offering a picturesque view of Lake Lugano and the surrounding mountains.",
        "photo_path": "foto/montebre/3726367727767285149_01.jpg",
        "cluster_size": 158
      }
    },
    {
      "type": "Feature",
      "geometry": {
        "type": "Point",
        "coordinates": [
          8.986914960230312,
          46.007164517786855
        ]
      },
      "properties": {
        "cluster_id": 20,
        "location": "montebre",
        "label": "Wrought-iron gate in Parco Ciani",
        "description": "An ornate wrought-iron gate flanked by stone pillars, offering a picturesque view of Lake Lugano and the surrounding mountains.",
        "photo_path": "foto/montebre/3722351563214988639_01.jpg",
        "cluster_size": 158
      }
    },
    {
      "type": "Feature",
      "geometry": {
        "type": "Point",
        "coordinates": [
          8.987272471600404,
          46.007262748831444
        ]
      },
      "properties": {
        "cluster_id": 20,
        "location": "montebre",
        "label": "Wrought-iron gate in Parco Ciani",
        "description": "An ornate wrought-iron gate flanked by stone pillars, offering a picturesque view of Lake Lugano and the surrounding mountains.",
        "photo_path": "foto/montebre/3169202259656676375_01.jpg",
        "cluster_size": 158
      }
    },
    {
      "type": "Feature",
      "geometry": {
        "type": "Point",
        "coordinates": [
          8.98715570977915,
          46.00717444325595
        ]
      },
      "properties": {
        "cluster_id": 20,
        "location": "montebre",
        "label": "Wrought-iron gate in Parco Ciani",
        "description": "An ornate wrought-iron gate flanked by stone pillars, offering a picturesque view of Lake Lugano and the surrounding mountains.",
        "photo_path": "foto/montebre/3454954372377114959_01.jpg",
        "cluster_size": 158
      }
    },
    {
      "type": "Feature",
      "geometry": {
        "type": "Point",
        "coordinates": [
          8.987153957717446,
          46.00712981182246
        ]
      },
      "properties": {
        "cluster_id": 20,
        "location": "montebre",
        "label": "Wrought-iron gate in Parco Ciani",
        "description": "An ornate wrought-iron gate flanked by stone pillars, offering a picturesque view of Lake Lugano and the surrounding mountains.",
        "photo_path": "foto/montebre/3678309015713264374_01.jpg",
        "cluster_size": 158
      }
    },
    {
      "type": "Feature",
      "geometry": {
        "type": "Point",
        "coordinates": [
          8.987538805250367,
          46.00701841156428
        ]
      },
      "properties": {
        "cluster_id": 20,
        "location": "montebre",
        "label": "Wrought-iron gate in Parco Ciani",
        "description": "An ornate wrought-iron gate flanked by stone pillars, offering a picturesque view of Lake Lugano and the surrounding mountains.",
        "photo_path": "foto/montebre/3684615018338502435_01.jpg",
        "cluster_size": 158
      }
    },
    {
      "type": "Feature",
      "geometry": {
        "type": "Point",
        "coordinates": [
          8.987318773769466,
          46.00705742837149
        ]
      },
      "properties": {
        "cluster_id": 20,
        "location": "montebre",
        "label": "Wrought-iron gate in Parco Ciani",
        "description": "An ornate wrought-iron gate flanked by stone pillars, offering a picturesque view of Lake Lugano and the surrounding mountains.",
        "photo_path": "foto/montebre/3411874040354217062_01.jpg",
        "cluster_size": 158
      }
    },
    {
      "type": "Feature",
      "geometry": {
        "type": "Point",
        "coordinates": [
          8.98735485982252,
          46.00715299144639
        ]
      },
      "properties": {
        "cluster_id": 20,
        "location": "montebre",
        "label": "Wrought-iron gate in Parco Ciani",
        "description": "An ornate wrought-iron gate flanked by stone pillars, offering a picturesque view of Lake Lugano and the surrounding mountains.",
        "photo_path": "foto/montebre/3679484590019463105_01.jpg",
        "cluster_size": 158
      }
    },
    {
      "type": "Feature",
      "geometry": {
        "type": "Point",
        "coordinates": [
          8.987337906659853,
          46.00708815821886
        ]
      },
      "properties": {
        "cluster_id": 20,
        "location": "montebre",
        "label": "Wrought-iron gate in Parco Ciani",
        "description": "An ornate wrought-iron gate flanked by stone pillars, offering a picturesque view of Lake Lugano and the surrounding mountains.",
        "photo_path": "foto/montebre/3726367727767285149_01.jpg",
        "cluster_size": 158
      }
    },
    {
      "type": "Feature",
      "geometry": {
        "type": "Point",
        "coordinates": [
          8.987283102379324,
          46.007291130892746
        ]
      },
      "properties": {
        "cluster_id": 20,
        "location": "montebre",
        "label": "Wrought-iron gate in Parco Ciani",
        "description": "An ornate wrought-iron gate flanked by stone pillars, offering a picturesque view of Lake Lugano and the surrounding mountains.",
        "photo_path": "foto/montebre/3722351563214988639_01.jpg",
        "cluster_size": 158
      }
    },
    {
      "type": "Feature",
      "geometry": {
        "type": "Point",
        "coordinates": [
          8.987426834084074,
          46.00709272399739
        ]
      },
      "properties": {
        "cluster_id": 20,
        "location": "montebre",
        "label": "Wrought-iron gate in Parco Ciani",
        "description": "An ornate wrought-iron gate flanked by stone pillars, offering a picturesque view of Lake Lugano and the surrounding mountains.",
        "photo_path": "foto/montebre/3169202259656676375_01.jpg",
        "cluster_size": 158
      }
    },
    {
      "type": "Feature",
      "geometry": {
        "type": "Point",
        "coordinates": [
          8.987444520645555,
          46.007174203897044
        ]
      },
      "properties": {
        "cluster_id": 20,
        "location": "montebre",
        "label": "Wrought-iron gate in Parco Ciani",
        "description": "An ornate wrought-iron gate flanked by stone pillars, offering a picturesque view of Lake Lugano and the surrounding mountains.",
        "photo_path": "foto/montebre/3454954372377114959_01.jpg",
        "cluster_size": 158
      }
    },
    {
      "type": "Feature",
      "geometry": {
        "type": "Point",
        "coordinates": [
          8.98714233889456,
          46.007132150229396
        ]
      },
      "properties": {
        "cluster_id": 20,
        "location": "montebre",
        "label": "Wrought-iron gate in Parco Ciani",
        "description": "An ornate wrought-iron gate flanked by stone pillars, offering a picturesque view of Lake Lugano and the surrounding mountains.",
        "photo_path": "foto/montebre/3678309015713264374_01.jpg",
        "cluster_size": 158
      }
    },
    {
      "type": "Feature",
      "geometry": {
        "type": "Point",
        "coordinates": [
          8.987141905668413,
          46.00722176296005
        ]
      },
      "properties": {
        "cluster_id": 20,
        "location": "montebre",
        "label": "Wrought-iron gate in Parco Ciani",
        "description": "An ornate wrought-iron gate flanked by stone pillars, offering a picturesque view of Lake Lugano and the surrounding mountains.",
        "photo_path": "foto/montebre/3684615018338502435_01.jpg",
        "cluster_size": 158
      }
    },
    {
      "type": "Feature",
      "geometry": {
        "type": "Point",
        "coordinates": [
          8.98719275308054,
          46.00710187142248
        ]
      },
      "properties": {
        "cluster_id": 20,
        "location": "montebre",
        "label": "Wrought-iron gate in Parco Ciani",
        "description": "An ornate wrought-iron gate flanked by stone pillars, offering a picturesque view of Lake Lugano and the surrounding mountains.",
        "photo_path": "foto/montebre/3411874040354217062_01.jpg",
        "cluster_size": 158
      }
    },
    {
      "type": "Feature",
      "geometry": {
        "type": "Point",
        "coordinates": [
          8.98733321207246,
          46.00706882873673
        ]
      },
      "properties": {
        "cluster_id": 20,
        "location": "montebre",
        "label": "Wrought-iron gate in Parco Ciani",
        "description": "An ornate wrought-iron gate flanked by stone pillars, offering a picturesque view of Lake Lugano and the surrounding mountains.",
        "photo_path": "foto/montebre/3679484590019463105_01.jpg",
        "cluster_size": 158
      }
    },
    {
      "type": "Feature",
      "geometry": {
        "type": "Point",
        "coordinates": [
          8.987345293757436,
          46.00710355806664
        ]
      },
      "properties": {
        "cluster_id": 20,
        "location": "montebre",
        "label": "Wrought-iron gate in Parco Ciani",
        "description": "An ornate wrought-iron gate flanked by stone pillars, offering a picturesque view of Lake Lugano and the surrounding mountains.",
        "photo_path": "foto/montebre/3726367727767285149_01.jpg",
        "cluster_size": 158
      }
    },
    {
      "type": "Feature",
      "geometry": {
        "type": "Point",
        "coordinates": [
          8.987349393711375,
          46.00721998635976
        ]
      },
      "properties": {
        "cluster_id": 20,
        "location": "montebre",
        "label": "Wrought-iron gate in Parco Ciani",
        "description": "An ornate wrought-iron gate flanked by stone pillars, offering a picturesque view of Lake Lugano and the surrounding mountains.",
        "photo_path": "foto/montebre/3722351563214988639_01.jpg",
        "cluster_size": 158
      }
    },
    {
      "type": "Feature",
      "geometry": {
        "type": "Point",
        "coordinates": [
          8.9874156071995,
          46.00705261087288
        ]
      },
      "properties": {
        "cluster_id": 20,
        "location": "montebre",
        "label": "Wrought-iron gate in Parco Ciani",
        "description": "An ornate wrought-iron gate flanked by stone pillars, offering a picturesque view of Lake Lugano and the surrounding mountains.",
        "photo_path": "foto/montebre/3169202259656676375_01.jpg",
        "cluster_size": 158
      }
    },
    {
      "type": "Feature",
      "geometry": {
        "type": "Point",
        "coordinates": [
          8.9871313667629,
          46.00718176646966
        ]
      },
      "properties": {
        "cluster_id": 20,
        "location": "montebre",
        "label": "Wrought-iron gate in Parco Ciani",
        "description": "An ornate wrought-iron gate flanked by stone pillars, offering a picturesque view of Lake Lugano and the surrounding mountains.",
        "photo_path": "foto/montebre/3454954372377114959_01.jpg",
        "cluster_size": 158
      }
    },
    {
      "type": "Feature",
      "geometry": {
        "type": "Point",
        "coordinates": [
          8.987381509885871,
          46.007128426792264
        ]
      },
      "properties": {
        "cluster_id": 20,
        "location": "montebre",
        "label": "Wrought-iron gate in Parco Ciani",
        "description": "An ornate wrought-iron gate flanked by stone pillars, offering a picturesque view of Lake Lugano and the surrounding mountains.",
        "photo_path": "foto/montebre/3678309015713264374_01.jpg",
        "cluster_size": 158
      }
    },
    {
      "type": "Feature",
      "geometry": {
        "type": "Point",
        "coordinates": [
          8.987468990060025,
          46.00704779944333
        ]
      },
      "properties": {
        "cluster_id": 20,
        "location": "montebre",
        "label": "Wrought-iron gate in Parco Ciani",
        "description": "An ornate wrought-iron gate flanked by stone pillars, offering a picturesque view of Lake Lugano and the surrounding mountains.",
        "photo_path": "foto/montebre/3684615018338502435_01.jpg",
        "cluster_size": 158
      }
    },
    {
      "type": "Feature",
      "geometry": {
        "type": "Point",
        "coordinates": [
          8.987306860930756,
          46.00706108844479
        ]
      },
      "properties": {
        "cluster_id": 20,
        "location": "montebre",
        "label": "Wrought-iron gate in Parco Ciani",
        "description": "An ornate wrought-iron gate flanked by stone pillars, offering a picturesque view of Lake Lugano and the surrounding mountains.",
        "photo_path": "foto/montebre/3411874040354217062_01.jpg",
        "cluster_size": 158
      }
    },
    {
      "type": "Feature",
      "geometry": {
        "type": "Point",
        "coordinates": [
          8.987292595391567,
          46.007059014909906
        ]
      },
      "properties": {
        "cluster_id": 20,
        "location": "montebre",
        "label": "Wrought-iron gate in Parco Ciani",
        "description": "An ornate wrought-iron gate flanked by stone pillars, offering a picturesque view of Lake Lugano and the surrounding mountains.",
        "photo_path": "foto/montebre/3679484590019463105_01.jpg",
        "cluster_size": 158
      }
    },
    {
      "type": "Feature",
      "geometry": {
        "type": "Point",
        "coordinates": [
          8.98710381506857,
          46.006975843444806
        ]
      },
      "properties": {
        "cluster_id": 20,
        "location": "montebre",
        "label": "Wrought-iron gate in Parco Ciani",
        "description": "An ornate wrought-iron gate flanked by stone pillars, offering a picturesque view of Lake Lugano and the surrounding mountains.",
        "photo_path": "foto/montebre/3726367727767285149_01.jpg",
        "cluster_size": 158
      }
    },
    {
      "type": "Feature",
      "geometry": {
        "type": "Point",
        "coordinates": [
          8.987180732718809,
          46.00721825607094
        ]
      },
      "properties": {
        "cluster_id": 20,
        "location": "montebre",
        "label": "Wrought-iron gate in Parco Ciani",
        "description": "An ornate wrought-iron gate flanked by stone pillars, offering a picturesque view of Lake Lugano and the surrounding mountains.",
        "photo_path": "foto/montebre/3722351563214988639_01.jpg",
        "cluster_size": 158
      }
    },
    {
      "type": "Feature",
      "geometry": {
        "type": "Point",
        "coordinates": [
          8.987011302261816,
          46.006985292340076
        ]
      },
      "properties": {
        "cluster_id": 20,
        "location": "montebre",
        "label": "Wrought-iron gate in Parco Ciani",
        "description": "An ornate wrought-iron gate flanked by stone pillars, offering a picturesque view of Lake Lugano and the surrounding mountains.",
        "photo_path": "foto/montebre/3169202259656676375_01.jpg",
        "cluster_size": 158
      }
    },
    {
      "type": "Feature",
      "geometry": {
        "type": "Point",
        "coordinates": [
          8.987118983726303,
          46.00701704284474
        ]
      },
      "properties": {
        "cluster_id": 20,
        "location": "montebre",
        "label": "Wrought-iron gate in Parco Ciani",
        "description": "An ornate wrought-iron gate flanked by stone pillars, offering a picturesque view of Lake Lugano and the surrounding mountains.",
        "photo_path": "foto/montebre/3454954372377114959_01.jpg",
        "cluster_size": 158
      }
    },
    {
      "type": "Feature",
      "geometry": {
        "type": "Point",
        "coordinates": [
          8.987421537902826,
          46.00722253625985
        ]
      },
      "properties": {
        "cluster_id": 20,
        "location": "montebre",
        "label": "Wrought-iron gate in Parco Ciani",
        "description": "An ornate wrought-iron gate flanked by stone pillars, offering a picturesque view of Lake Lugano and the surrounding mountains.",
        "photo_path": "foto/montebre/3678309015713264374_01.jpg",
        "cluster_size": 158
      }
    },
    {
      "type": "Feature",
      "geometry": {
        "type": "Point",
        "coordinates": [
          8.987555009904344,
          46.00708253057564
        ]
      },
      "properties": {
        "cluster_id": 24,
        "location": "montebre",
        "label": "Monte San Salvatore from Parco Ciani",
        "description": "The distinctive cone-shaped Monte San Salvatore mountain dominates the horizon across Lake Lugano. These views are captured from the lakeside promenade of Parco Ciani, typically featuring vibrant flower beds in the foreground.",
        "photo_path": "foto/montebre/3705697681424838008_01.jpg",
        "cluster_size": 63
      }
    },
    {
      "type": "Feature",
      "geometry": {
        "type": "Point",
        "coordinates": [
          8.987220764693886,
          46.0072329734434
        ]
      },
      "properties": {
        "cluster_id": 24,
        "location": "montebre",
        "label": "Monte San Salvatore from Parco Ciani",
        "description": "The distinctive cone-shaped Monte San Salvatore mountain dominates the horizon across Lake Lugano. These views are captured from the lakeside promenade of Parco Ciani, typically featuring vibrant flower beds in the foreground.",
        "photo_path": "foto/montebre/3697136673368596112_01.jpg",
        "cluster_size": 63
      }
    },
    {
      "type": "Feature",
      "geometry": {
        "type": "Point",
        "coordinates": [
          8.987560003838453,
          46.006919354416205
        ]
      },
      "properties": {
        "cluster_id": 24,
        "location": "montebre",
        "label": "Monte San Salvatore from Parco Ciani",
        "description": "The distinctive cone-shaped Monte San Salvatore mountain dominates the horizon across Lake Lugano. These views are captured from the lakeside promenade of Parco Ciani, typically featuring vibrant flower beds in the foreground.",
        "photo_path": "foto/montebre/3380927961798942196_01.jpg",
        "cluster_size": 63
      }
    },
    {
      "type": "Feature",
      "geometry": {
        "type": "Point",
        "coordinates": [
          8.987049500605231,
          46.007019339393516
        ]
      },
      "properties": {
        "cluster_id": 24,
        "location": "montebre",
        "label": "Monte San Salvatore from Parco Ciani",
        "description": "The distinctive cone-shaped Monte San Salvatore mountain dominates the horizon across Lake Lugano. These views are captured from the lakeside promenade of Parco Ciani, typically featuring vibrant flower beds in the foreground.",
        "photo_path": "foto/montebre/3138888883050659455_01.jpg",
        "cluster_size": 63
      }
    },
    {
      "type": "Feature",
      "geometry": {
        "type": "Point",
        "coordinates": [
          8.987579302952808,
          46.007236649564575
        ]
      },
      "properties": {
        "cluster_id": 24,
        "location": "montebre",
        "label": "Monte San Salvatore from Parco Ciani",
        "description": "The distinctive cone-shaped Monte San Salvatore mountain dominates the horizon across Lake Lugano. These views are captured from the lakeside promenade of Parco Ciani, typically featuring vibrant flower beds in the foreground.",
        "photo_path": "foto/montebre/3213200035816906915_01.jpg",
        "cluster_size": 63
      }
    },
    {
      "type": "Feature",
      "geometry": {
        "type": "Point",
        "coordinates": [
          8.9873360252528,
          46.00726923536516
        ]
      },
      "properties": {
        "cluster_id": 24,
        "location": "montebre",
        "label": "Monte San Salvatore from Parco Ciani",
        "description": "The distinctive cone-shaped Monte San Salvatore mountain dominates the horizon across Lake Lugano. These views are captured from the lakeside promenade of Parco Ciani, typically featuring vibrant flower beds in the foreground.",
        "photo_path": "foto/montebre/3151565288143055916_01.jpg",
        "cluster_size": 63
      }
    },
    {
      "type": "Feature",
      "geometry": {
        "type": "Point",
        "coordinates": [
          8.987373571278667,
          46.00719810757445
        ]
      },
      "properties": {
        "cluster_id": 24,
        "location": "montebre",
        "label": "Monte San Salvatore from Parco Ciani",
        "description": "The distinctive cone-shaped Monte San Salvatore mountain dominates the horizon across Lake Lugano. These views are captured from the lakeside promenade of Parco Ciani, typically featuring vibrant flower beds in the foreground.",
        "photo_path": "foto/montebre/3169867347774581522_01.jpg",
        "cluster_size": 63
      }
    },
    {
      "type": "Feature",
      "geometry": {
        "type": "Point",
        "coordinates": [
          8.98729935965746,
          46.00721289804726
        ]
      },
      "properties": {
        "cluster_id": 24,
        "location": "montebre",
        "label": "Monte San Salvatore from Parco Ciani",
        "description": "The distinctive cone-shaped Monte San Salvatore mountain dominates the horizon across Lake Lugano. These views are captured from the lakeside promenade of Parco Ciani, typically featuring vibrant flower beds in the foreground.",
        "photo_path": "foto/montebre/3668672482468227317_01.jpg",
        "cluster_size": 63
      }
    },
    {
      "type": "Feature",
      "geometry": {
        "type": "Point",
        "coordinates": [
          8.98725477431513,
          46.00715391358907
        ]
      },
      "properties": {
        "cluster_id": 24,
        "location": "montebre",
        "label": "Monte San Salvatore from Parco Ciani",
        "description": "The distinctive cone-shaped Monte San Salvatore mountain dominates the horizon across Lake Lugano. These views are captured from the lakeside promenade of Parco Ciani, typically featuring vibrant flower beds in the foreground.",
        "photo_path": "foto/montebre/3705697681424838008_01.jpg",
        "cluster_size": 63
      }
    },
    {
      "type": "Feature",
      "geometry": {
        "type": "Point",
        "coordinates": [
          8.987226491315507,
          46.007076601364496
        ]
      },
      "properties": {
        "cluster_id": 24,
        "location": "montebre",
        "label": "Monte San Salvatore from Parco Ciani",
        "description": "The distinctive cone-shaped Monte San Salvatore mountain dominates the horizon across Lake Lugano. These views are captured from the lakeside promenade of Parco Ciani, typically featuring vibrant flower beds in the foreground.",
        "photo_path": "foto/montebre/3697136673368596112_01.jpg",
        "cluster_size": 63
      }
    },
    {
      "type": "Feature",
      "geometry": {
        "type": "Point",
        "coordinates": [
          8.987250138359611,
          46.00699200747032
        ]
      },
      "properties": {
        "cluster_id": 24,
        "location": "montebre",
        "label": "Monte San Salvatore from Parco Ciani",
        "description": "The distinctive cone-shaped Monte San Salvatore mountain dominates the horizon across Lake Lugano. These views are captured from the lakeside promenade of Parco Ciani, typically featuring vibrant flower beds in the foreground.",
        "photo_path": "foto/montebre/3380927961798942196_01.jpg",
        "cluster_size": 63
      }
    },
    {
      "type": "Feature",
      "geometry": {
        "type": "Point",
        "coordinates": [
          8.98711976775008,
          46.007055463840324
        ]
      },
      "properties": {
        "cluster_id": 24,
        "location": "montebre",
        "label": "Monte San Salvatore from Parco Ciani",
        "description": "The distinctive cone-shaped Monte San Salvatore mountain dominates the horizon across Lake Lugano. These views are captured from the lakeside promenade of Parco Ciani, typically featuring vibrant flower beds in the foreground.",
        "photo_path": "foto/montebre/3138888883050659455_01.jpg",
        "cluster_size": 63
      }
    },
    {
      "type": "Feature",
      "geometry": {
        "type": "Point",
        "coordinates": [
          8.987443420471985,
          46.007160732782516
        ]
      },
      "properties": {
        "cluster_id": 24,
        "location": "montebre",
        "label": "Monte San Salvatore from Parco Ciani",
        "description": "The distinctive cone-shaped Monte San Salvatore mountain dominates the horizon across Lake Lugano. These views are captured from the lakeside promenade of Parco Ciani, typically featuring vibrant flower beds in the foreground.",
        "photo_path": "foto/montebre/3213200035816906915_01.jpg",
        "cluster_size": 63
      }
    },
    {
      "type": "Feature",
      "geometry": {
        "type": "Point",
        "coordinates": [
          8.98705921412884,
          46.007227257328
        ]
      },
      "properties": {
        "cluster_id": 24,
        "location": "montebre",
        "label": "Monte San Salvatore from Parco Ciani",
        "description": "The distinctive cone-shaped Monte San Salvatore mountain dominates the horizon across Lake Lugano. These views are captured from the lakeside promenade of Parco Ciani, typically featuring vibrant flower beds in the foreground.",
        "photo_path": "foto/montebre/3151565288143055916_01.jpg",
        "cluster_size": 63
      }
    },
    {
      "type": "Feature",
      "geometry": {
        "type": "Point",
        "coordinates": [
          8.987384900410856,
          46.00705537041425
        ]
      },
      "properties": {
        "cluster_id": 24,
        "location": "montebre",
        "label": "Monte San Salvatore from Parco Ciani",
        "description": "The distinctive cone-shaped Monte San Salvatore mountain dominates the horizon across Lake Lugano. These views are captured from the lakeside promenade of Parco Ciani, typically featuring vibrant flower beds in the foreground.",
        "photo_path": "foto/montebre/3169867347774581522_01.jpg",
        "cluster_size": 63
      }
    },
    {
      "type": "Feature",
      "geometry": {
        "type": "Point",
        "coordinates": [
          8.987233759380581,
          46.00705601372444
        ]
      },
      "properties": {
        "cluster_id": 24,
        "location": "montebre",
        "label": "Monte San Salvatore from Parco Ciani",
        "description": "The distinctive cone-shaped Monte San Salvatore mountain dominates the horizon across Lake Lugano. These views are captured from the lakeside promenade of Parco Ciani, typically featuring vibrant flower beds in the foreground.",
        "photo_path": "foto/montebre/3668672482468227317_01.jpg",
        "cluster_size": 63
      }
    },
    {
      "type": "Feature",
      "geometry": {
        "type": "Point",
        "coordinates": [
          8.9871373076263,
          46.007194080345386
        ]
      },
      "properties": {
        "cluster_id": 24,
        "location": "montebre",
        "label": "Monte San Salvatore from Parco Ciani",
        "description": "The distinctive cone-shaped Monte San Salvatore mountain dominates the horizon across Lake Lugano. These views are captured from the lakeside promenade of Parco Ciani, typically featuring vibrant flower beds in the foreground.",
        "photo_path": "foto/montebre/3705697681424838008_01.jpg",
        "cluster_size": 63
      }
    },
    {
      "type": "Feature",
      "geometry": {
        "type": "Point",
        "coordinates": [
          8.98708988253327,
          46.00715401939107
        ]
      },
      "properties": {
        "cluster_id": 24,
        "location": "montebre",
        "label": "Monte San Salvatore from Parco Ciani",
        "description": "The distinctive cone-shaped Monte San Salvatore mountain dominates the horizon across Lake Lugano. These views are captured from the lakeside promenade of Parco Ciani, typically featuring vibrant flower beds in the foreground.",
        "photo_path": "foto/montebre/3697136673368596112_01.jpg",
        "cluster_size": 63
      }
    },
    {
      "type": "Feature",
      "geometry": {
        "type": "Point",
        "coordinates": [
          8.987304364452172,
          46.00709034883701
        ]
      },
      "properties": {
        "cluster_id": 24,
        "location": "montebre",
        "label": "Monte San Salvatore from Parco Ciani",
        "description": "The distinctive cone-shaped Monte San Salvatore mountain dominates the horizon across Lake Lugano. These views are captured from the lakeside promenade of Parco Ciani, typically featuring vibrant flower beds in the foreground.",
        "photo_path": "foto/montebre/3380927961798942196_01.jpg",
        "cluster_size": 63
      }
    },
    {
      "type": "Feature",
      "geometry": {
        "type": "Point",
        "coordinates": [
          8.987320017075145,
          46.007001013153264
        ]
      },
      "properties": {
        "cluster_id": 24,
        "location": "montebre",
        "label": "Monte San Salvatore from Parco Ciani",
        "description": "The distinctive cone-shaped Monte San Salvatore mountain dominates the horizon across Lake Lugano. These views are captured from the lakeside promenade of Parco Ciani, typically featuring vibrant flower beds in the foreground.",
        "photo_path": "foto/montebre/3138888883050659455_01.jpg",
        "cluster_size": 63
      }
    },
    {
      "type": "Feature",
      "geometry": {
        "type": "Point",
        "coordinates": [
          8.987334544303739,
          46.00714275693116
        ]
      },
      "properties": {
        "cluster_id": 24,
        "location": "montebre",
        "label": "Monte San Salvatore from Parco Ciani",
        "description": "The distinctive cone-shaped Monte San Salvatore mountain dominates the horizon across Lake Lugano. These views are captured from the lakeside promenade of Parco Ciani, typically featuring vibrant flower beds in the foreground.",
        "photo_path": "foto/montebre/3213200035816906915_01.jpg",
        "cluster_size": 63
      }
    },
    {
      "type": "Feature",
      "geometry": {
        "type": "Point",
        "coordinates": [
          8.987439807074008,
          46.00716469854674
        ]
      },
      "properties": {
        "cluster_id": 24,
        "location": "montebre",
        "label": "Monte San Salvatore from Parco Ciani",
        "description": "The distinctive cone-shaped Monte San Salvatore mountain dominates the horizon across Lake Lugano. These views are captured from the lakeside promenade of Parco Ciani, typically featuring vibrant flower beds in the foreground.",
        "photo_path": "foto/montebre/3151565288143055916_01.jpg",
        "cluster_size": 63
      }
    },
    {
      "type": "Feature",
      "geometry": {
        "type": "Point",
        "coordinates": [
          8.987207202494565,
          46.00715580758896
        ]
      },
      "properties": {
        "cluster_id": 24,
        "location": "montebre",
        "label": "Monte San Salvatore from Parco Ciani",
        "description": "The distinctive cone-shaped Monte San Salvatore mountain dominates the horizon across Lake Lugano. These views are captured from the lakeside promenade of Parco Ciani, typically featuring vibrant flower beds in the foreground.",
        "photo_path": "foto/montebre/3169867347774581522_01.jpg",
        "cluster_size": 63
      }
    },
    {
      "type": "Feature",
      "geometry": {
        "type": "Point",
        "coordinates": [
          8.987333352204974,
          46.007155543895294
        ]
      },
      "properties": {
        "cluster_id": 24,
        "location": "montebre",
        "label": "Monte San Salvatore from Parco Ciani",
        "description": "The distinctive cone-shaped Monte San Salvatore mountain dominates the horizon across Lake Lugano. These views are captured from the lakeside promenade of Parco Ciani, typically featuring vibrant flower beds in the foreground.",
        "photo_path": "foto/montebre/3668672482468227317_01.jpg",
        "cluster_size": 63
      }
    },
    {
      "type": "Feature",
      "geometry": {
        "type": "Point",
        "coordinates": [
          8.987268156331448,
          46.007148927910364
        ]
      },
      "properties": {
        "cluster_id": 24,
        "location": "montebre",
        "label": "Monte San Salvatore from Parco Ciani",
        "description": "The distinctive cone-shaped Monte San Salvatore mountain dominates the horizon across Lake Lugano. These views are captured from the lakeside promenade of Parco Ciani, typically featuring vibrant flower beds in the foreground.",
        "photo_path": "foto/montebre/3705697681424838008_01.jpg",
        "cluster_size": 63
      }
    },
    {
      "type": "Feature",
      "geometry": {
        "type": "Point",
        "coordinates": [
          8.98717692053095,
          46.00708128360783
        ]
      },
      "properties": {
        "cluster_id": 24,
        "location": "montebre",
        "label": "Monte San Salvatore from Parco Ciani",
        "description": "The distinctive cone-shaped Monte San Salvatore mountain dominates the horizon across Lake Lugano. These views are captured from the lakeside promenade of Parco Ciani, typically featuring vibrant flower beds in the foreground.",
        "photo_path": "foto/montebre/3697136673368596112_01.jpg",
        "cluster_size": 63
      }
    },
    {
      "type": "Feature",
      "geometry": {
        "type": "Point",
        "coordinates": [
          8.987489794224034,
          46.007018165266935
        ]
      },
      "properties": {
        "cluster_id": 24,
        "location": "montebre",
        "label": "Monte San Salvatore from Parco Ciani",
        "description": "The distinctive cone-shaped Monte San Salvatore mountain dominates the horizon across Lake Lugano. These views are captured from the lakeside promenade of Parco Ciani, typically featuring vibrant flower beds in the foreground.",
        "photo_path": "foto/montebre/3380927961798942196_01.jpg",
        "cluster_size": 63
      }
    },
    {
      "type": "Feature",
      "geometry": {
        "type": "Point",
        "coordinates": [
          8.987173029282497,
          46.0070324663513
        ]
      },
      "properties": {
        "cluster_id": 24,
        "location": "montebre",
        "label": "Monte San Salvatore from Parco Ciani",
        "description": "The distinctive cone-shaped Monte San Salvatore mountain dominates the horizon across Lake Lugano. These views are captured from the lakeside promenade of Parco Ciani, typically featuring vibrant flower beds in the foreground.",
        "photo_path": "foto/montebre/3138888883050659455_01.jpg",
        "cluster_size": 63
      }
    },
    {
      "type": "Feature",
      "geometry": {
        "type": "Point",
        "coordinates": [
          8.987378954548094,
          46.007079804726956
        ]
      },
      "properties": {
        "cluster_id": 24,
        "location": "montebre",
        "label": "Monte San Salvatore from Parco Ciani",
        "description": "The distinctive cone-shaped Monte San Salvatore mountain dominates the horizon across Lake Lugano. These views are captured from the lakeside promenade of Parco Ciani, typically featuring vibrant flower beds in the foreground.",
        "photo_path": "foto/montebre/3213200035816906915_01.jpg",
        "cluster_size": 63
      }
    },
    {
      "type": "Feature",
      "geometry": {
        "type": "Point",
        "coordinates": [
          8.98742471139685,
          46.00711795405914
        ]
      },
      "properties": {
        "cluster_id": 24,
        "location": "montebre",
        "label": "Monte San Salvatore from Parco Ciani",
        "description": "The distinctive cone-shaped Monte San Salvatore mountain dominates the horizon across Lake Lugano. These views are captured from the lakeside promenade of Parco Ciani, typically featuring vibrant flower beds in the foreground.",
        "photo_path": "foto/montebre/3151565288143055916_01.jpg",
        "cluster_size": 63
      }
    },
    {
      "type": "Feature",
      "geometry": {
        "type": "Point",
        "coordinates": [
          8.987299074695072,
          46.00708385127122
        ]
      },
      "properties": {
        "cluster_id": 24,
        "location": "montebre",
        "label": "Monte San Salvatore from Parco Ciani",
        "description": "The distinctive cone-shaped Monte San Salvatore mountain dominates the horizon across Lake Lugano. These views are captured from the lakeside promenade of Parco Ciani, typically featuring vibrant flower beds in the foreground.",
        "photo_path": "foto/montebre/3169867347774581522_01.jpg",
        "cluster_size": 63
      }
    },
    {
      "type": "Feature",
      "geometry": {
        "type": "Point",
        "coordinates": [
          8.98754109591891,
          46.007069269610945
        ]
      },
      "properties": {
        "cluster_id": 24,
        "location": "montebre",
        "label": "Monte San Salvatore from Parco Ciani",
        "description": "The distinctive cone-shaped Monte San Salvatore mountain dominates the horizon across Lake Lugano. These views are captured from the lakeside promenade of Parco Ciani, typically featuring vibrant flower beds in the foreground.",
        "photo_path": "foto/montebre/3668672482468227317_01.jpg",
        "cluster_size": 63
      }
    },
    {
      "type": "Feature",
      "geometry": {
        "type": "Point",
        "coordinates": [
          8.987303072583249,
          46.007037535253666
        ]
      },
      "properties": {
        "cluster_id": 24,
        "location": "montebre",
        "label": "Monte San Salvatore from Parco Ciani",
        "description": "The distinctive cone-shaped Monte San Salvatore mountain dominates the horizon across Lake Lugano. These views are captured from the lakeside promenade of Parco Ciani, typically featuring vibrant flower beds in the foreground.",
        "photo_path": "foto/montebre/3705697681424838008_01.jpg",
        "cluster_size": 63
      }
    },
    {
      "type": "Feature",
      "geometry": {
        "type": "Point",
        "coordinates": [
          8.987316557517241,
          46.00720162311853
        ]
      },
      "properties": {
        "cluster_id": 24,
        "location": "montebre",
        "label": "Monte San Salvatore from Parco Ciani",
        "description": "The distinctive cone-shaped Monte San Salvatore mountain dominates the horizon across Lake Lugano. These views are captured from the lakeside promenade of Parco Ciani, typically featuring vibrant flower beds in the foreground.",
        "photo_path": "foto/montebre/3697136673368596112_01.jpg",
        "cluster_size": 63
      }
    },
    {
      "type": "Feature",
      "geometry": {
        "type": "Point",
        "coordinates": [
          8.98724605558624,
          46.00712783352035
        ]
      },
      "properties": {
        "cluster_id": 24,
        "location": "montebre",
        "label": "Monte San Salvatore from Parco Ciani",
        "description": "The distinctive cone-shaped Monte San Salvatore mountain dominates the horizon across Lake Lugano. These views are captured from the lakeside promenade of Parco Ciani, typically featuring vibrant flower beds in the foreground.",
        "photo_path": "foto/montebre/3380927961798942196_01.jpg",
        "cluster_size": 63
      }
    },
    {
      "type": "Feature",
      "geometry": {
        "type": "Point",
        "coordinates": [
          8.987243827347006,
          46.007148473081685
        ]
      },
      "properties": {
        "cluster_id": 24,
        "location": "montebre",
        "label": "Monte San Salvatore from Parco Ciani",
        "description": "The distinctive cone-shaped Monte San Salvatore mountain dominates the horizon across Lake Lugano. These views are captured from the lakeside promenade of Parco Ciani, typically featuring vibrant flower beds in the foreground.",
        "photo_path": "foto/montebre/3138888883050659455_01.jpg",
        "cluster_size": 63
      }
    },
    {
      "type": "Feature",
      "geometry": {
        "type": "Point",
        "coordinates": [
          8.987549574242115,
          46.0072313620587
        ]
      },
      "properties": {
        "cluster_id": 24,
        "location": "montebre",
        "label": "Monte San Salvatore from Parco Ciani",
        "description": "The distinctive cone-shaped Monte San Salvatore mountain dominates the horizon across Lake Lugano. These views are captured from the lakeside promenade of Parco Ciani, typically featuring vibrant flower beds in the foreground.",
        "photo_path": "foto/montebre/3213200035816906915_01.jpg",
        "cluster_size": 63
      }
    },
    {
      "type": "Feature",
      "geometry": {
        "type": "Point",
        "coordinates": [
          8.987085242559216,
          46.007094301617094
        ]
      },
      "properties": {
        "cluster_id": 24,
        "location": "montebre",
        "label": "Monte San Salvatore from Parco Ciani",
        "description": "The distinctive cone-shaped Monte San Salvatore mountain dominates the horizon across Lake Lugano. These views are captured from the lakeside promenade of Parco Ciani, typically featuring vibrant flower beds in the foreground.",
        "photo_path": "foto/montebre/3151565288143055916_01.jpg",
        "cluster_size": 63
      }
    },
    {
      "type": "Feature",
      "geometry": {
        "type": "Point",
        "coordinates": [
          8.987597453936207,
          46.007136572764544
        ]
      },
      "properties": {
        "cluster_id": 24,
        "location": "montebre",
        "label": "Monte San Salvatore from Parco Ciani",
        "description": "The distinctive cone-shaped Monte San Salvatore mountain dominates the horizon across Lake Lugano. These views are captured from the lakeside promenade of Parco Ciani, typically featuring vibrant flower beds in the foreground.",
        "photo_path": "foto/montebre/3169867347774581522_01.jpg",
        "cluster_size": 63
      }
    },
    {
      "type": "Feature",
      "geometry": {
        "type": "Point",
        "coordinates": [
          8.987475468699193,
          46.007072122988
        ]
      },
      "properties": {
        "cluster_id": 24,
        "location": "montebre",
        "label": "Monte San Salvatore from Parco Ciani",
        "description": "The distinctive cone-shaped Monte San Salvatore mountain dominates the horizon across Lake Lugano. These views are captured from the lakeside promenade of Parco Ciani, typically featuring vibrant flower beds in the foreground.",
        "photo_path": "foto/montebre/3668672482468227317_01.jpg",
        "cluster_size": 63
      }
    },
    {
      "type": "Feature",
      "geometry": {
        "type": "Point",
        "coordinates": [
          8.987191097267651,
          46.007295670319714
        ]
      },
      "properties": {
        "cluster_id": 24,
        "location": "montebre",
        "label": "Monte San Salvatore from Parco Ciani",
        "description": "The distinctive cone-shaped Monte San Salvatore mountain dominates the horizon across Lake Lugano. These views are captured from the lakeside promenade of Parco Ciani, typically featuring vibrant flower beds in the foreground.",
        "photo_path": "foto/montebre/3705697681424838008_01.jpg",
        "cluster_size": 63
      }
    },
    {
      "type": "Feature",
      "geometry": {
        "type": "Point",
        "coordinates": [
          8.987474078401124,
          46.007195785839095
        ]
      },
      "properties": {
        "cluster_id": 24,
        "location": "montebre",
        "label": "Monte San Salvatore from Parco Ciani",
        "description": "The distinctive cone-shaped Monte San Salvatore mountain dominates the horizon across Lake Lugano. These views are captured from the lakeside promenade of Parco Ciani, typically featuring vibrant flower beds in the foreground.",
        "photo_path": "foto/montebre/3697136673368596112_01.jpg",
        "cluster_size": 63
      }
    },
    {
      "type": "Feature",
      "geometry": {
        "type": "Point",
        "coordinates": [
          8.987236489712236,
          46.00711037044989
        ]
      },
      "properties": {
        "cluster_id": 24,
        "location": "montebre",
        "label": "Monte San Salvatore from Parco Ciani",
        "description": "The distinctive cone-shaped Monte San Salvatore mountain dominates the horizon across Lake Lugano. These views are captured from the lakeside promenade of Parco Ciani, typically featuring vibrant flower beds in the foreground.",
        "photo_path": "foto/montebre/3380927961798942196_01.jpg",
        "cluster_size": 63
      }
    },
    {
      "type": "Feature",
      "geometry": {
        "type": "Point",
        "coordinates": [
          8.987131288428536,
          46.00709212241629
        ]
      },
      "properties": {
        "cluster_id": 24,
        "location": "montebre",
        "label": "Monte San Salvatore from Parco Ciani",
        "description": "The distinctive cone-shaped Monte San Salvatore mountain dominates the horizon across Lake Lugano. These views are captured from the lakeside promenade of Parco Ciani, typically featuring vibrant flower beds in the foreground.",
        "photo_path": "foto/montebre/3138888883050659455_01.jpg",
        "cluster_size": 63
      }
    },
    {
      "type": "Feature",
      "geometry": {
        "type": "Point",
        "coordinates": [
          8.98710415946211,
          46.0070860326297
        ]
      },
      "properties": {
        "cluster_id": 24,
        "location": "montebre",
        "label": "Monte San Salvatore from Parco Ciani",
        "description": "The distinctive cone-shaped Monte San Salvatore mountain dominates the horizon across Lake Lugano. These views are captured from the lakeside promenade of Parco Ciani, typically featuring vibrant flower beds in the foreground.",
        "photo_path": "foto/montebre/3213200035816906915_01.jpg",
        "cluster_size": 63
      }
    },
    {
      "type": "Feature",
      "geometry": {
        "type": "Point",
        "coordinates": [
          8.987163034346345,
          46.00714759668496
        ]
      },
      "properties": {
        "cluster_id": 24,
        "location": "montebre",
        "label": "Monte San Salvatore from Parco Ciani",
        "description": "The distinctive cone-shaped Monte San Salvatore mountain dominates the horizon across Lake Lugano. These views are captured from the lakeside promenade of Parco Ciani, typically featuring vibrant flower beds in the foreground.",
        "photo_path": "foto/montebre/3151565288143055916_01.jpg",
        "cluster_size": 63
      }
    },
    {
      "type": "Feature",
      "geometry": {
        "type": "Point",
        "coordinates": [
          8.98706110824253,
          46.00716558789608
        ]
      },
      "properties": {
        "cluster_id": 24,
        "location": "montebre",
        "label": "Monte San Salvatore from Parco Ciani",
        "description": "The distinctive cone-shaped Monte San Salvatore mountain dominates the horizon across Lake Lugano. These views are captured from the lakeside promenade of Parco Ciani, typically featuring vibrant flower beds in the foreground.",
        "photo_path": "foto/montebre/3169867347774581522_01.jpg",
        "cluster_size": 63
      }
    },
    {
      "type": "Feature",
      "geometry": {
        "type": "Point",
        "coordinates": [
          8.987370992190288,
          46.00717433513216
        ]
      },
      "properties": {
        "cluster_id": 24,
        "location": "montebre",
        "label": "Monte San Salvatore from Parco Ciani",
        "description": "The distinctive cone-shaped Monte San Salvatore mountain dominates the horizon across Lake Lugano. These views are captured from the lakeside promenade of Parco Ciani, typically featuring vibrant flower beds in the foreground.",
        "photo_path": "foto/montebre/3668672482468227317_01.jpg",
        "cluster_size": 63
      }
    },
    {
      "type": "Feature",
      "geometry": {
        "type": "Point",
        "coordinates": [
          8.987311403317644,
          46.006964910278576
        ]
      },
      "properties": {
        "cluster_id": 24,
        "location": "montebre",
        "label": "Monte San Salvatore from Parco Ciani",
        "description": "The distinctive cone-shaped Monte San Salvatore mountain dominates the horizon across Lake Lugano. These views are captured from the lakeside promenade of Parco Ciani, typically featuring vibrant flower beds in the foreground.",
        "photo_path": "foto/montebre/3705697681424838008_01.jpg",
        "cluster_size": 63
      }
    },
    {
      "type": "Feature",
      "geometry": {
        "type": "Point",
        "coordinates": [
          8.987106013928422,
          46.00725512691236
        ]
      },
      "properties": {
        "cluster_id": 24,
        "location": "montebre",
        "label": "Monte San Salvatore from Parco Ciani",
        "description": "The distinctive cone-shaped Monte San Salvatore mountain dominates the horizon across Lake Lugano. These views are captured from the lakeside promenade of Parco Ciani, typically featuring vibrant flower beds in the foreground.",
        "photo_path": "foto/montebre/3697136673368596112_01.jpg",
        "cluster_size": 63
      }
    },
    {
      "type": "Feature",
      "geometry": {
        "type": "Point",
        "coordinates": [
          8.98731723448646,
          46.00729520829924
        ]
      },
      "properties": {
        "cluster_id": 24,
        "location": "montebre",
        "label": "Monte San Salvatore from Parco Ciani",
        "description": "The distinctive cone-shaped Monte San Salvatore mountain dominates the horizon across Lake Lugano. These views are captured from the lakeside promenade of Parco Ciani, typically featuring vibrant flower beds in the foreground.",
        "photo_path": "foto/montebre/3380927961798942196_01.jpg",
        "cluster_size": 63
      }
    },
    {
      "type": "Feature",
      "geometry": {
        "type": "Point",
        "coordinates": [
          8.987255659324694,
          46.00708101152063
        ]
      },
      "properties": {
        "cluster_id": 24,
        "location": "montebre",
        "label": "Monte San Salvatore from Parco Ciani",
        "description": "The distinctive cone-shaped Monte San Salvatore mountain dominates the horizon across Lake Lugano. These views are captured from the lakeside promenade of Parco Ciani, typically featuring vibrant flower beds in the foreground.",
        "photo_path": "foto/montebre/3138888883050659455_01.jpg",
        "cluster_size": 63
      }
    },
    {
      "type": "Feature",
      "geometry": {
        "type": "Point",
        "coordinates": [
          8.987272749126378,
          46.00719482582408
        ]
      },
      "properties": {
        "cluster_id": 24,
        "location": "montebre",
        "label": "Monte San Salvatore from Parco Ciani",
        "description": "The distinctive cone-shaped Monte San Salvatore mountain dominates the horizon across Lake Lugano. These views are captured from the lakeside promenade of Parco Ciani, typically featuring vibrant flower beds in the foreground.",
        "photo_path": "foto/montebre/3213200035816906915_01.jpg",
        "cluster_size": 63
      }
    },
    {
      "type": "Feature",
      "geometry": {
        "type": "Point",
        "coordinates": [
          8.9871434900498,
          46.00719306267813
        ]
      },
      "properties": {
        "cluster_id": 24,
        "location": "montebre",
        "label": "Monte San Salvatore from Parco Ciani",
        "description": "The distinctive cone-shaped Monte San Salvatore mountain dominates the horizon across Lake Lugano. These views are captured from the lakeside promenade of Parco Ciani, typically featuring vibrant flower beds in the foreground.",
        "photo_path": "foto/montebre/3151565288143055916_01.jpg",
        "cluster_size": 63
      }
    },
    {
      "type": "Feature",
      "geometry": {
        "type": "Point",
        "coordinates": [
          8.987079547684267,
          46.007159783834126
        ]
      },
      "properties": {
        "cluster_id": 24,
        "location": "montebre",
        "label": "Monte San Salvatore from Parco Ciani",
        "description": "The distinctive cone-shaped Monte San Salvatore mountain dominates the horizon across Lake Lugano. These views are captured from the lakeside promenade of Parco Ciani, typically featuring vibrant flower beds in the foreground.",
        "photo_path": "foto/montebre/3169867347774581522_01.jpg",
        "cluster_size": 63
      }
    },
    {
      "type": "Feature",
      "geometry": {
        "type": "Point",
        "coordinates": [
          8.987145664422348,
          46.007134505736346
        ]
      },
      "properties": {
        "cluster_id": 24,
        "location": "montebre",
        "label": "Monte San Salvatore from Parco Ciani",
        "description": "The distinctive cone-shaped Monte San Salvatore mountain dominates the horizon across Lake Lugano. These views are captured from the lakeside promenade of Parco Ciani, typically featuring vibrant flower beds in the foreground.",
        "photo_path": "foto/montebre/3668672482468227317_01.jpg",
        "cluster_size": 63
      }
    },
    {
      "type": "Feature",
      "geometry": {
        "type": "Point",
        "coordinates": [
          8.98742320065392,
          46.00707826214344
        ]
      },
      "properties": {
        "cluster_id": 24,
        "location": "montebre",
        "label": "Monte San Salvatore from Parco Ciani",
        "description": "The distinctive cone-shaped Monte San Salvatore mountain dominates the horizon across Lake Lugano. These views are captured from the lakeside promenade of Parco Ciani, typically featuring vibrant flower beds in the foreground.",
        "photo_path": "foto/montebre/3705697681424838008_01.jpg",
        "cluster_size": 63
      }
    },
    {
      "type": "Feature",
      "geometry": {
        "type": "Point",
        "coordinates": [
          8.987341890991894,
          46.00724284232931
        ]
      },
      "properties": {
        "cluster_id": 24,
        "location": "montebre",
        "label": "Monte San Salvatore from Parco Ciani",
        "description": "The distinctive cone-shaped Monte San Salvatore mountain dominates the horizon across Lake Lugano. These views are captured from the lakeside promenade of Parco Ciani, typically featuring vibrant flower beds in the foreground.",
        "photo_path": "foto/montebre/3697136673368596112_01.jpg",
        "cluster_size": 63
      }
    },
    {
      "type": "Feature",
      "geometry": {
        "type": "Point",
        "coordinates": [
          8.987221857062305,
          46.00704611954686
        ]
      },
      "properties": {
        "cluster_id": 24,
        "location": "montebre",
        "label": "Monte San Salvatore from Parco Ciani",
        "description": "The distinctive cone-shaped Monte San Salvatore mountain dominates the horizon across Lake Lugano. These views are captured from the lakeside promenade of Parco Ciani, typically featuring vibrant flower beds in the foreground.",
        "photo_path": "foto/montebre/3380927961798942196_01.jpg",
        "cluster_size": 63
      }
    },
    {
      "type": "Feature",
      "geometry": {
        "type": "Point",
        "coordinates": [
          8.98728127123913,
          46.00725381418331
        ]
      },
      "properties": {
        "cluster_id": 24,
        "location": "montebre",
        "label": "Monte San Salvatore from Parco Ciani",
        "description": "The distinctive cone-shaped Monte San Salvatore mountain dominates the horizon across Lake Lugano. These views are captured from the lakeside promenade of Parco Ciani, typically featuring vibrant flower beds in the foreground.",
        "photo_path": "foto/montebre/3138888883050659455_01.jpg",
        "cluster_size": 63
      }
    },
    {
      "type": "Feature",
      "geometry": {
        "type": "Point",
        "coordinates": [
          8.987313901307424,
          46.00735347470943
        ]
      },
      "properties": {
        "cluster_id": 24,
        "location": "montebre",
        "label": "Monte San Salvatore from Parco Ciani",
        "description": "The distinctive cone-shaped Monte San Salvatore mountain dominates the horizon across Lake Lugano. These views are captured from the lakeside promenade of Parco Ciani, typically featuring vibrant flower beds in the foreground.",
        "photo_path": "foto/montebre/3213200035816906915_01.jpg",
        "cluster_size": 63
      }
    },
    {
      "type": "Feature",
      "geometry": {
        "type": "Point",
        "coordinates": [
          8.987222802758287,
          46.00716182782444
        ]
      },
      "properties": {
        "cluster_id": 24,
        "location": "montebre",
        "label": "Monte San Salvatore from Parco Ciani",
        "description": "The distinctive cone-shaped Monte San Salvatore mountain dominates the horizon across Lake Lugano. These views are captured from the lakeside promenade of Parco Ciani, typically featuring vibrant flower beds in the foreground.",
        "photo_path": "foto/montebre/3151565288143055916_01.jpg",
        "cluster_size": 63
      }
    },
    {
      "type": "Feature",
      "geometry": {
        "type": "Point",
        "coordinates": [
          8.987243118224729,
          46.00715655681437
        ]
      },
      "properties": {
        "cluster_id": 24,
        "location": "montebre",
        "label": "Monte San Salvatore from Parco Ciani",
        "description": "The distinctive cone-shaped Monte San Salvatore mountain dominates the horizon across Lake Lugano. These views are captured from the lakeside promenade of Parco Ciani, typically featuring vibrant flower beds in the foreground.",
        "photo_path": "foto/montebre/3169867347774581522_01.jpg",
        "cluster_size": 63
      }
    },
    {
      "type": "Feature",
      "geometry": {
        "type": "Point",
        "coordinates": [
          8.987342765099633,
          46.007269157706254
        ]
      },
      "properties": {
        "cluster_id": 15,
        "location": "montebre",
        "label": "Sfera sculpture by Helidon Xhixha",
        "description": "A large, mirror-polished stainless steel sphere with a jagged, crystalline cutout, located in Parco Ciani overlooking Lake Lugano.",
        "photo_path": "foto/montebre/3222902808423116364_01.jpg",
        "cluster_size": 34
      }
    },
    {
      "type": "Feature",
      "geometry": {
        "type": "Point",
        "coordinates": [
          8.987046043281556,
          46.00713455427047
        ]
      },
      "properties": {
        "cluster_id": 15,
        "location": "montebre",
        "label": "Sfera sculpture by Helidon Xhixha",
        "description": "A large, mirror-polished stainless steel sphere with a jagged, crystalline cutout, located in Parco Ciani overlooking Lake Lugano.",
        "photo_path": "foto/montebre/3499142214054216598_01.jpg",
        "cluster_size": 34
      }
    },
    {
      "type": "Feature",
      "geometry": {
        "type": "Point",
        "coordinates": [
          8.987284571870815,
          46.00703994022429
        ]
      },
      "properties": {
        "cluster_id": 15,
        "location": "montebre",
        "label": "Sfera sculpture by Helidon Xhixha",
        "description": "A large, mirror-polished stainless steel sphere with a jagged, crystalline cutout, located in Parco Ciani overlooking Lake Lugano.",
        "photo_path": "foto/montebre/3701727462795198938_01.jpg",
        "cluster_size": 34
      }
    },
    {
      "type": "Feature",
      "geometry": {
        "type": "Point",
        "coordinates": [
          8.986939482684427,
          46.00710596173482
        ]
      },
      "properties": {
        "cluster_id": 15,
        "location": "montebre",
        "label": "Sfera sculpture by Helidon Xhixha",
        "description": "A large, mirror-polished stainless steel sphere with a jagged, crystalline cutout, located in Parco Ciani overlooking Lake Lugano.",
        "photo_path": "foto/montebre/3489067179980372909_01.jpg",
        "cluster_size": 34
      }
    },
    {
      "type": "Feature",
      "geometry": {
        "type": "Point",
        "coordinates": [
          8.987542007143055,
          46.007240371213264
        ]
      },
      "properties": {
        "cluster_id": 15,
        "location": "montebre",
        "label": "Sfera sculpture by Helidon Xhixha",
        "description": "A large, mirror-polished stainless steel sphere with a jagged, crystalline cutout, located in Parco Ciani overlooking Lake Lugano.",
        "photo_path": "foto/montebre/3339513303824304537_01.jpg",
        "cluster_size": 34
      }
    },
    {
      "type": "Feature",
      "geometry": {
        "type": "Point",
        "coordinates": [
          8.98732743427091,
          46.00720481720281
        ]
      },
      "properties": {
        "cluster_id": 15,
        "location": "montebre",
        "label": "Sfera sculpture by Helidon Xhixha",
        "description": "A large, mirror-polished stainless steel sphere with a jagged, crystalline cutout, located in Parco Ciani overlooking Lake Lugano.",
        "photo_path": "foto/montebre/3279354167166130377_01.jpg",
        "cluster_size": 34
      }
    },
    {
      "type": "Feature",
      "geometry": {
        "type": "Point",
        "coordinates": [
          8.987205865611024,
          46.00721273614606
        ]
      },
      "properties": {
        "cluster_id": 15,
        "location": "montebre",
        "label": "Sfera sculpture by Helidon Xhixha",
        "description": "A large, mirror-polished stainless steel sphere with a jagged, crystalline cutout, located in Parco Ciani overlooking Lake Lugano.",
        "photo_path": "foto/montebre/3242425931862826220_01.jpg",
        "cluster_size": 34
      }
    },
    {
      "type": "Feature",
      "geometry": {
        "type": "Point",
        "coordinates": [
          8.987181044946933,
          46.00728816381493
        ]
      },
      "properties": {
        "cluster_id": 15,
        "location": "montebre",
        "label": "Sfera sculpture by Helidon Xhixha",
        "description": "A large, mirror-polished stainless steel sphere with a jagged, crystalline cutout, located in Parco Ciani overlooking Lake Lugano.",
        "photo_path": "foto/montebre/3533836799563898642_01.jpg",
        "cluster_size": 34
      }
    },
    {
      "type": "Feature",
      "geometry": {
        "type": "Point",
        "coordinates": [
          8.987260411505407,
          46.00722945352944
        ]
      },
      "properties": {
        "cluster_id": 15,
        "location": "montebre",
        "label": "Sfera sculpture by Helidon Xhixha",
        "description": "A large, mirror-polished stainless steel sphere with a jagged, crystalline cutout, located in Parco Ciani overlooking Lake Lugano.",
        "photo_path": "foto/montebre/3222902808423116364_01.jpg",
        "cluster_size": 34
      }
    },
    {
      "type": "Feature",
      "geometry": {
        "type": "Point",
        "coordinates": [
          8.987347348340647,
          46.00714517580262
        ]
      },
      "properties": {
        "cluster_id": 15,
        "location": "montebre",
        "label": "Sfera sculpture by Helidon Xhixha",
        "description": "A large, mirror-polished stainless steel sphere with a jagged, crystalline cutout, located in Parco Ciani overlooking Lake Lugano.",
        "photo_path": "foto/montebre/3499142214054216598_01.jpg",
        "cluster_size": 34
      }
    },
    {
      "type": "Feature",
      "geometry": {
        "type": "Point",
        "coordinates": [
          8.987120678166008,
          46.007189601991534
        ]
      },
      "properties": {
        "cluster_id": 15,
        "location": "montebre",
        "label": "Sfera sculpture by Helidon Xhixha",
        "description": "A large, mirror-polished stainless steel sphere with a jagged, crystalline cutout, located in Parco Ciani overlooking Lake Lugano.",
        "photo_path": "foto/montebre/3701727462795198938_01.jpg",
        "cluster_size": 34
      }
    },
    {
      "type": "Feature",
      "geometry": {
        "type": "Point",
        "coordinates": [
          8.987102168474818,
          46.00725369835192
        ]
      },
      "properties": {
        "cluster_id": 15,
        "location": "montebre",
        "label": "Sfera sculpture by Helidon Xhixha",
        "description": "A large, mirror-polished stainless steel sphere with a jagged, crystalline cutout, located in Parco Ciani overlooking Lake Lugano.",
        "photo_path": "foto/montebre/3489067179980372909_01.jpg",
        "cluster_size": 34
      }
    },
    {
      "type": "Feature",
      "geometry": {
        "type": "Point",
        "coordinates": [
          8.987217507947573,
          46.007207902974784
        ]
      },
      "properties": {
        "cluster_id": 15,
        "location": "montebre",
        "label": "Sfera sculpture by Helidon Xhixha",
        "description": "A large, mirror-polished stainless steel sphere with a jagged, crystalline cutout, located in Parco Ciani overlooking Lake Lugano.",
        "photo_path": "foto/montebre/3339513303824304537_01.jpg",
        "cluster_size": 34
      }
    },
    {
      "type": "Feature",
      "geometry": {
        "type": "Point",
        "coordinates": [
          8.987280254096829,
          46.00730319256113
        ]
      },
      "properties": {
        "cluster_id": 15,
        "location": "montebre",
        "label": "Sfera sculpture by Helidon Xhixha",
        "description": "A large, mirror-polished stainless steel sphere with a jagged, crystalline cutout, located in Parco Ciani overlooking Lake Lugano.",
        "photo_path": "foto/montebre/3279354167166130377_01.jpg",
        "cluster_size": 34
      }
    },
    {
      "type": "Feature",
      "geometry": {
        "type": "Point",
        "coordinates": [
          8.987324746518308,
          46.00720310945081
        ]
      },
      "properties": {
        "cluster_id": 15,
        "location": "montebre",
        "label": "Sfera sculpture by Helidon Xhixha",
        "description": "A large, mirror-polished stainless steel sphere with a jagged, crystalline cutout, located in Parco Ciani overlooking Lake Lugano.",
        "photo_path": "foto/montebre/3242425931862826220_01.jpg",
        "cluster_size": 34
      }
    },
    {
      "type": "Feature",
      "geometry": {
        "type": "Point",
        "coordinates": [
          8.987291032883217,
          46.00733060805511
        ]
      },
      "properties": {
        "cluster_id": 15,
        "location": "montebre",
        "label": "Sfera sculpture by Helidon Xhixha",
        "description": "A large, mirror-polished stainless steel sphere with a jagged, crystalline cutout, located in Parco Ciani overlooking Lake Lugano.",
        "photo_path": "foto/montebre/3533836799563898642_01.jpg",
        "cluster_size": 34
      }
    },
    {
      "type": "Feature",
      "geometry": {
        "type": "Point",
        "coordinates": [
          8.98704855883803,
          46.007206296800234
        ]
      },
      "properties": {
        "cluster_id": 15,
        "location": "montebre",
        "label": "Sfera sculpture by Helidon Xhixha",
        "description": "A large, mirror-polished stainless steel sphere with a jagged, crystalline cutout, located in Parco Ciani overlooking Lake Lugano.",
        "photo_path": "foto/montebre/3222902808423116364_01.jpg",
        "cluster_size": 34
      }
    },
    {
      "type": "Feature",
      "geometry": {
        "type": "Point",
        "coordinates": [
          8.987179106063975,
          46.00710940794592
        ]
      },
      "properties": {
        "cluster_id": 15,
        "location": "montebre",
        "label": "Sfera sculpture by Helidon Xhixha",
        "description": "A large, mirror-polished stainless steel sphere with a jagged, crystalline cutout, located in Parco Ciani overlooking Lake Lugano.",
        "photo_path": "foto/montebre/3499142214054216598_01.jpg",
        "cluster_size": 34
      }
    },
    {
      "type": "Feature",
      "geometry": {
        "type": "Point",
        "coordinates": [
          8.987194442321385,
          46.00715045312258
        ]
      },
      "properties": {
        "cluster_id": 15,
        "location": "montebre",
        "label": "Sfera sculpture by Helidon Xhixha",
        "description": "A large, mirror-polished stainless steel sphere with a jagged, crystalline cutout, located in Parco Ciani overlooking Lake Lugano.",
        "photo_path": "foto/montebre/3701727462795198938_01.jpg",
        "cluster_size": 34
      }
    },
    {
      "type": "Feature",
      "geometry": {
        "type": "Point",
        "coordinates": [
          8.98728738632413,
          46.00721046772861
        ]
      },
      "properties": {
        "cluster_id": 15,
        "location": "montebre",
        "label": "Sfera sculpture by Helidon Xhixha",
        "description": "A large, mirror-polished stainless steel sphere with a jagged, crystalline cutout, located in Parco Ciani overlooking Lake Lugano.",
        "photo_path": "foto/montebre/3489067179980372909_01.jpg",
        "cluster_size": 34
      }
    },
    {
      "type": "Feature",
      "geometry": {
        "type": "Point",
        "coordinates": [
          8.98728178487858,
          46.00719901289051
        ]
      },
      "properties": {
        "cluster_id": 15,
        "location": "montebre",
        "label": "Sfera sculpture by Helidon Xhixha",
        "description": "A large, mirror-polished stainless steel sphere with a jagged, crystalline cutout, located in Parco Ciani overlooking Lake Lugano.",
        "photo_path": "foto/montebre/3339513303824304537_01.jpg",
        "cluster_size": 34
      }
    },
    {
      "type": "Feature",
      "geometry": {
        "type": "Point",
        "coordinates": [
          8.986962492767109,
          46.00721117263762
        ]
      },
      "properties": {
        "cluster_id": 15,
        "location": "montebre",
        "label": "Sfera sculpture by Helidon Xhixha",
        "description": "A large, mirror-polished stainless steel sphere with a jagged, crystalline cutout, located in Parco Ciani overlooking Lake Lugano.",
        "photo_path": "foto/montebre/3279354167166130377_01.jpg",
        "cluster_size": 34
      }
    },
    {
      "type": "Feature",
      "geometry": {
        "type": "Point",
        "coordinates": [
          8.987200003905063,
          46.00712073932152
        ]
      },
      "properties": {
        "cluster_id": 15,
        "location": "montebre",
        "label": "Sfera sculpture by Helidon Xhixha",
        "description": "A large, mirror-polished stainless steel sphere with a jagged, crystalline cutout, located in Parco Ciani overlooking Lake Lugano.",
        "photo_path": "foto/montebre/3242425931862826220_01.jpg",
        "cluster_size": 34
      }
    },
    {
      "type": "Feature",
      "geometry": {
        "type": "Point",
        "coordinates": [
          8.987296495212243,
          46.007096382623416
        ]
      },
      "properties": {
        "cluster_id": 15,
        "location": "montebre",
        "label": "Sfera sculpture by Helidon Xhixha",
        "description": "A large, mirror-polished stainless steel sphere with a jagged, crystalline cutout, located in Parco Ciani overlooking Lake Lugano.",
        "photo_path": "foto/montebre/3533836799563898642_01.jpg",
        "cluster_size": 34
      }
    },
    {
      "type": "Feature",
      "geometry": {
        "type": "Point",
        "coordinates": [
          8.987376751542628,
          46.00734326961217
        ]
      },
      "properties": {
        "cluster_id": 15,
        "location": "montebre",
        "label": "Sfera sculpture by Helidon Xhixha",
        "description": "A large, mirror-polished stainless steel sphere with a jagged, crystalline cutout, located in Parco Ciani overlooking Lake Lugano.",
        "photo_path": "foto/montebre/3222902808423116364_01.jpg",
        "cluster_size": 34
      }
    },
    {
      "type": "Feature",
      "geometry": {
        "type": "Point",
        "coordinates": [
          8.987412022530487,
          46.00718613504431
        ]
      },
      "properties": {
        "cluster_id": 15,
        "location": "montebre",
        "label": "Sfera sculpture by Helidon Xhixha",
        "description": "A large, mirror-polished stainless steel sphere with a jagged, crystalline cutout, located in Parco Ciani overlooking Lake Lugano.",
        "photo_path": "foto/montebre/3499142214054216598_01.jpg",
        "cluster_size": 34
      }
    },
    {
      "type": "Feature",
      "geometry": {
        "type": "Point",
        "coordinates": [
          8.98717497398335,
          46.00721875759639
        ]
      },
      "properties": {
        "cluster_id": 15,
        "location": "montebre",
        "label": "Sfera sculpture by Helidon Xhixha",
        "description": "A large, mirror-polished stainless steel sphere with a jagged, crystalline cutout, located in Parco Ciani overlooking Lake Lugano.",
        "photo_path": "foto/montebre/3701727462795198938_01.jpg",
        "cluster_size": 34
      }
    },
    {
      "type": "Feature",
      "geometry": {
        "type": "Point",
        "coordinates": [
          8.987179463361631,
          46.00715010263056
        ]
      },
      "properties": {
        "cluster_id": 15,
        "location": "montebre",
        "label": "Sfera sculpture by Helidon Xhixha",
        "description": "A large, mirror-polished stainless steel sphere with a jagged, crystalline cutout, located in Parco Ciani overlooking Lake Lugano.",
        "photo_path": "foto/montebre/3489067179980372909_01.jpg",
        "cluster_size": 34
      }
    },
    {
      "type": "Feature",
      "geometry": {
        "type": "Point",
        "coordinates": [
          8.987240791830333,
          46.00717039324722
        ]
      },
      "properties": {
        "cluster_id": 15,
        "location": "montebre",
        "label": "Sfera sculpture by Helidon Xhixha",
        "description": "A large, mirror-polished stainless steel sphere with a jagged, crystalline cutout, located in Parco Ciani overlooking Lake Lugano.",
        "photo_path": "foto/montebre/3339513303824304537_01.jpg",
        "cluster_size": 34
      }
    },
    {
      "type": "Feature",
      "geometry": {
        "type": "Point",
        "coordinates": [
          8.987219085625906,
          46.0072198302562
        ]
      },
      "properties": {
        "cluster_id": 15,
        "location": "montebre",
        "label": "Sfera sculpture by Helidon Xhixha",
        "description": "A large, mirror-polished stainless steel sphere with a jagged, crystalline cutout, located in Parco Ciani overlooking Lake Lugano.",
        "photo_path": "foto/montebre/3279354167166130377_01.jpg",
        "cluster_size": 34
      }
    },
    {
      "type": "Feature",
      "geometry": {
        "type": "Point",
        "coordinates": [
          8.98737310523969,
          46.00724472793085
        ]
      },
      "properties": {
        "cluster_id": 15,
        "location": "montebre",
        "label": "Sfera sculpture by Helidon Xhixha",
        "description": "A large, mirror-polished stainless steel sphere with a jagged, crystalline cutout, located in Parco Ciani overlooking Lake Lugano.",
        "photo_path": "foto/montebre/3242425931862826220_01.jpg",
        "cluster_size": 34
      }
    },
    {
      "type": "Feature",
      "geometry": {
        "type": "Point",
        "coordinates": [
          8.987026114499834,
          46.00729090954938
        ]
      },
      "properties": {
        "cluster_id": 15,
        "location": "montebre",
        "label": "Sfera sculpture by Helidon Xhixha",
        "description": "A large, mirror-polished stainless steel sphere with a jagged, crystalline cutout, located in Parco Ciani overlooking Lake Lugano.",
        "photo_path": "foto/montebre/3533836799563898642_01.jpg",
        "cluster_size": 34
      }
    },
    {
      "type": "Feature",
      "geometry": {
        "type": "Point",
        "coordinates": [
          8.987339862330419,
          46.00697528114665
        ]
      },
      "properties": {
        "cluster_id": 15,
        "location": "montebre",
        "label": "Sfera sculpture by Helidon Xhixha",
        "description": "A large, mirror-polished stainless steel sphere with a jagged, crystalline cutout, located in Parco Ciani overlooking Lake Lugano.",
        "photo_path": "foto/montebre/3222902808423116364_01.jpg",
        "cluster_size": 34
      }
    },
    {
      "type": "Feature",
      "geometry": {
        "type": "Point",
        "coordinates": [
          8.987189540813075,
          46.00708222190669
        ]
      },
      "properties": {
        "cluster_id": 15,
        "location": "montebre",
        "label": "Sfera sculpture by Helidon Xhixha",
        "description": "A large, mirror-polished stainless steel sphere with a jagged, crystalline cutout, located in Parco Ciani overlooking Lake Lugano.",
        "photo_path": "foto/montebre/3499142214054216598_01.jpg",
        "cluster_size": 34
      }
    },
    {
      "type": "Feature",
      "geometry": {
        "type": "Point",
        "coordinates": [
          8.986927049594962,
          46.00714788278972
        ]
      },
      "properties": {
        "cluster_id": 7,
        "location": "montebre",
        "label": "Live music performance",
        "description": "Musicians and bands performing on an outdoor stage under vibrant concert lighting during a festival.",
        "photo_path": "foto/montebre/3221292500092656884_01.jpg",
        "cluster_size": 18
      }
    },
    {
      "type": "Feature",
      "geometry": {
        "type": "Point",
        "coordinates": [
          8.987259202702964,
          46.00730207880361
        ]
      },
      "properties": {
        "cluster_id": 7,
        "location": "montebre",
        "label": "Live music performance",
        "description": "Musicians and bands performing on an outdoor stage under vibrant concert lighting during a festival.",
        "photo_path": "foto/montebre/3221292509384789008_01.jpg",
        "cluster_size": 18
      }
    },
    {
      "type": "Feature",
      "geometry": {
        "type": "Point",
        "coordinates": [
          8.986824716337944,
          46.00720136050371
        ]
      },
      "properties": {
        "cluster_id": 7,
        "location": "montebre",
        "label": "Live music performance",
        "description": "Musicians and bands performing on an outdoor stage under vibrant concert lighting during a festival.",
        "photo_path": "foto/montebre/3410011700281693574_01.jpg",
        "cluster_size": 18
      }
    },
    {
      "type": "Feature",
      "geometry": {
        "type": "Point",
        "coordinates": [
          8.98721156101311,
          46.007204087166095
        ]
      },
      "properties": {
        "cluster_id": 7,
        "location": "montebre",
        "label": "Live music performance",
        "description": "Musicians and bands performing on an outdoor stage under vibrant concert lighting during a festival.",
        "photo_path": "foto/montebre/3680436863592719710_01.jpg",
        "cluster_size": 18
      }
    },
    {
      "type": "Feature",
      "geometry": {
        "type": "Point",
        "coordinates": [
          8.987184527945848,
          46.00712006310118
        ]
      },
      "properties": {
        "cluster_id": 7,
        "location": "montebre",
        "label": "Live music performance",
        "description": "Musicians and bands performing on an outdoor stage under vibrant concert lighting during a festival.",
        "photo_path": "foto/montebre/3747443264417805218_01.jpg",
        "cluster_size": 18
      }
    },
    {
      "type": "Feature",
      "geometry": {
        "type": "Point",
        "coordinates": [
          8.987235876224675,
          46.00725191911196
        ]
      },
      "properties": {
        "cluster_id": 7,
        "location": "montebre",
        "label": "Live music performance",
        "description": "Musicians and bands performing on an outdoor stage under vibrant concert lighting during a festival.",
        "photo_path": "foto/montebre/3221292550391508982_01.jpg",
        "cluster_size": 18
      }
    },
    {
      "type": "Feature",
      "geometry": {
        "type": "Point",
        "coordinates": [
          8.987034550943237,
          46.00726407138381
        ]
      },
      "properties": {
        "cluster_id": 7,
        "location": "montebre",
        "label": "Live music performance",
        "description": "Musicians and bands performing on an outdoor stage under vibrant concert lighting during a festival.",
        "photo_path": "foto/montebre/3721659663377772847_01.jpg",
        "cluster_size": 18
      }
    },
    {
      "type": "Feature",
      "geometry": {
        "type": "Point",
        "coordinates": [
          8.987140188373308,
          46.00736109761203
        ]
      },
      "properties": {
        "cluster_id": 7,
        "location": "montebre",
        "label": "Live music performance",
        "description": "Musicians and bands performing on an outdoor stage under vibrant concert lighting during a festival.",
        "photo_path": "foto/montebre/3219843156945556069_01.jpg",
        "cluster_size": 18
      }
    },
    {
      "type": "Feature",
      "geometry": {
        "type": "Point",
        "coordinates": [
          8.987039712723746,
          46.00725083850922
        ]
      },
      "properties": {
        "cluster_id": 7,
        "location": "montebre",
        "label": "Live music performance",
        "description": "Musicians and bands performing on an outdoor stage under vibrant concert lighting during a festival.",
        "photo_path": "foto/montebre/3221292500092656884_01.jpg",
        "cluster_size": 18
      }
    },
    {
      "type": "Feature",
      "geometry": {
        "type": "Point",
        "coordinates": [
          8.987045998170634,
          46.0072133630397
        ]
      },
      "properties": {
        "cluster_id": 7,
        "location": "montebre",
        "label": "Live music performance",
        "description": "Musicians and bands performing on an outdoor stage under vibrant concert lighting during a festival.",
        "photo_path": "foto/montebre/3221292509384789008_01.jpg",
        "cluster_size": 18
      }
    },
    {
      "type": "Feature",
      "geometry": {
        "type": "Point",
        "coordinates": [
          8.987382739131874,
          46.00723771765153
        ]
      },
      "properties": {
        "cluster_id": 7,
        "location": "montebre",
        "label": "Live music performance",
        "description": "Musicians and bands performing on an outdoor stage under vibrant concert lighting during a festival.",
        "photo_path": "foto/montebre/3410011700281693574_01.jpg",
        "cluster_size": 18
      }
    },
    {
      "type": "Feature",
      "geometry": {
        "type": "Point",
        "coordinates": [
          8.986951485618459,
          46.007129703680086
        ]
      },
      "properties": {
        "cluster_id": 7,
        "location": "montebre",
        "label": "Live music performance",
        "description": "Musicians and bands performing on an outdoor stage under vibrant concert lighting during a festival.",
        "photo_path": "foto/montebre/3680436863592719710_01.jpg",
        "cluster_size": 18
      }
    },
    {
      "type": "Feature",
      "geometry": {
        "type": "Point",
        "coordinates": [
          8.987133600897202,
          46.00738583624499
        ]
      },
      "properties": {
        "cluster_id": 7,
        "location": "montebre",
        "label": "Live music performance",
        "description": "Musicians and bands performing on an outdoor stage under vibrant concert lighting during a festival.",
        "photo_path": "foto/montebre/3747443264417805218_01.jpg",
        "cluster_size": 18
      }
    },
    {
      "type": "Feature",
      "geometry": {
        "type": "Point",
        "coordinates": [
          8.987295613046902,
          46.00719302155434
        ]
      },
      "properties": {
        "cluster_id": 7,
        "location": "montebre",
        "label": "Live music performance",
        "description": "Musicians and bands performing on an outdoor stage under vibrant concert lighting during a festival.",
        "photo_path": "foto/montebre/3221292550391508982_01.jpg",
        "cluster_size": 18
      }
    },
    {
      "type": "Feature",
      "geometry": {
        "type": "Point",
        "coordinates": [
          8.9873975628335,
          46.00719873841911
        ]
      },
      "properties": {
        "cluster_id": 7,
        "location": "montebre",
        "label": "Live music performance",
        "description": "Musicians and bands performing on an outdoor stage under vibrant concert lighting during a festival.",
        "photo_path": "foto/montebre/3721659663377772847_01.jpg",
        "cluster_size": 18
      }
    },
    {
      "type": "Feature",
      "geometry": {
        "type": "Point",
        "coordinates": [
          8.98709747091612,
          46.00731437278047
        ]
      },
      "properties": {
        "cluster_id": 7,
        "location": "montebre",
        "label": "Live music performance",
        "description": "Musicians and bands performing on an outdoor stage under vibrant concert lighting during a festival.",
        "photo_path": "foto/montebre/3219843156945556069_01.jpg",
        "cluster_size": 18
      }
    },
    {
      "type": "Feature",
      "geometry": {
        "type": "Point",
        "coordinates": [
          8.98708219300439,
          46.00744765046893
        ]
      },
      "properties": {
        "cluster_id": 7,
        "location": "montebre",
        "label": "Live music performance",
        "description": "Musicians and bands performing on an outdoor stage under vibrant concert lighting during a festival.",
        "photo_path": "foto/montebre/3221292500092656884_01.jpg",
        "cluster_size": 18
      }
    },
    {
      "type": "Feature",
      "geometry": {
        "type": "Point",
        "coordinates": [
          8.987199563226907,
          46.007320153816565
        ]
      },
      "properties": {
        "cluster_id": 7,
        "location": "montebre",
        "label": "Live music performance",
        "description": "Musicians and bands performing on an outdoor stage under vibrant concert lighting during a festival.",
        "photo_path": "foto/montebre/3221292509384789008_01.jpg",
        "cluster_size": 18
      }
    },
    {
      "type": "Feature",
      "geometry": {
        "type": "Point",
        "coordinates": [
          8.987295217139298,
          46.00740259094492
        ]
      },
      "properties": {
        "cluster_id": 19,
        "location": "montebre",
        "label": "Poppies at Parco Ciani",
        "description": "White and yellow Iceland poppies in the foreground with views across Lake Lugano toward Monte San Salvatore.",
        "photo_path": "foto/montebre/3595326649830453270_01.jpg",
        "cluster_size": 18
      }
    },
    {
      "type": "Feature",
      "geometry": {
        "type": "Point",
        "coordinates": [
          8.986994994501707,
          46.007288200211555
        ]
      },
      "properties": {
        "cluster_id": 19,
        "location": "montebre",
        "label": "Poppies at Parco Ciani",
        "description": "White and yellow Iceland poppies in the foreground with views across Lake Lugano toward Monte San Salvatore.",
        "photo_path": "foto/montebre/3591239181960531183_01.jpg",
        "cluster_size": 18
      }
    },
    {
      "type": "Feature",
      "geometry": {
        "type": "Point",
        "coordinates": [
          8.987004812342228,
          46.00732675588668
        ]
      },
      "properties": {
        "cluster_id": 19,
        "location": "montebre",
        "label": "Poppies at Parco Ciani",
        "description": "White and yellow Iceland poppies in the foreground with views across Lake Lugano toward Monte San Salvatore.",
        "photo_path": "foto/montebre/3632449633893312756_01.jpg",
        "cluster_size": 18
      }
    },
    {
      "type": "Feature",
      "geometry": {
        "type": "Point",
        "coordinates": [
          8.987110412335136,
          46.0074667031934
        ]
      },
      "properties": {
        "cluster_id": 19,
        "location": "montebre",
        "label": "Poppies at Parco Ciani",
        "description": "White and yellow Iceland poppies in the foreground with views across Lake Lugano toward Monte San Salvatore.",
        "photo_path": "foto/montebre/3607651065599829861_01.jpg",
        "cluster_size": 18
      }
    },
    {
      "type": "Feature",
      "geometry": {
        "type": "Point",
        "coordinates": [
          8.987116656246245,
          46.007252405103415
        ]
      },
      "properties": {
        "cluster_id": 19,
        "location": "montebre",
        "label": "Poppies at Parco Ciani",
        "description": "White and yellow Iceland poppies in the foreground with views across Lake Lugano toward Monte San Salvatore.",
        "photo_path": "foto/montebre/3617442763859690479_01.jpg",
        "cluster_size": 18
      }
    },
    {
      "type": "Feature",
      "geometry": {
        "type": "Point",
        "coordinates": [
          8.986966696689022,
          46.0071639542261
        ]
      },
      "properties": {
        "cluster_id": 19,
        "location": "montebre",
        "label": "Poppies at Parco Ciani",
        "description": "White and yellow Iceland poppies in the foreground with views across Lake Lugano toward Monte San Salvatore.",
        "photo_path": "foto/montebre/3604729476542370094_01.jpg",
        "cluster_size": 18
      }
    },
    {
      "type": "Feature",
      "geometry": {
        "type": "Point",
        "coordinates": [
          8.987007512624878,
          46.007393462352
        ]
      },
      "properties": {
        "cluster_id": 19,
        "location": "montebre",
        "label": "Poppies at Parco Ciani",
        "description": "White and yellow Iceland poppies in the foreground with views across Lake Lugano toward Monte San Salvatore.",
        "photo_path": "foto/montebre/3602672527743508930_01.jpg",
        "cluster_size": 18
      }
    },
    {
      "type": "Feature",
      "geometry": {
        "type": "Point",
        "coordinates": [
          8.987162303474836,
          46.00719100065014
        ]
      },
      "properties": {
        "cluster_id": 19,
        "location": "montebre",
        "label": "Poppies at Parco Ciani",
        "description": "White and yellow Iceland poppies in the foreground with views across Lake Lugano toward Monte San Salvatore.",
        "photo_path": "foto/montebre/3602673918390206451_01.jpg",
        "cluster_size": 18
      }
    },
    {
      "type": "Feature",
      "geometry": {
        "type": "Point",
        "coordinates": [
          8.987185945993813,
          46.007392137149
        ]
      },
      "properties": {
        "cluster_id": 19,
        "location": "montebre",
        "label": "Poppies at Parco Ciani",
        "description": "White and yellow Iceland poppies in the foreground with views across Lake Lugano toward Monte San Salvatore.",
        "photo_path": "foto/montebre/3595326649830453270_01.jpg",
        "cluster_size": 18
      }
    },
    {
      "type": "Feature",
      "geometry": {
        "type": "Point",
        "coordinates": [
          8.986994556511023,
          46.007375050980635
        ]
      },
      "properties": {
        "cluster_id": 19,
        "location": "montebre",
        "label": "Poppies at Parco Ciani",
        "description": "White and yellow Iceland poppies in the foreground with views across Lake Lugano toward Monte San Salvatore.",
        "photo_path": "foto/montebre/3591239181960531183_01.jpg",
        "cluster_size": 18
      }
    },
    {
      "type": "Feature",
      "geometry": {
        "type": "Point",
        "coordinates": [
          8.987287412726856,
          46.007157225903825
        ]
      },
      "properties": {
        "cluster_id": 19,
        "location": "montebre",
        "label": "Poppies at Parco Ciani",
        "description": "White and yellow Iceland poppies in the foreground with views across Lake Lugano toward Monte San Salvatore.",
        "photo_path": "foto/montebre/3632449633893312756_01.jpg",
        "cluster_size": 18
      }
    },
    {
      "type": "Feature",
      "geometry": {
        "type": "Point",
        "coordinates": [
          8.987060174620007,
          46.007256246699136
        ]
      },
      "properties": {
        "cluster_id": 19,
        "location": "montebre",
        "label": "Poppies at Parco Ciani",
        "description": "White and yellow Iceland poppies in the foreground with views across Lake Lugano toward Monte San Salvatore.",
        "photo_path": "foto/montebre/3607651065599829861_01.jpg",
        "cluster_size": 18
      }
    },
    {
      "type": "Feature",
      "geometry": {
        "type": "Point",
        "coordinates": [
          8.98716484244494,
          46.00740497408478
        ]
      },
      "properties": {
        "cluster_id": 19,
        "location": "montebre",
        "label": "Poppies at Parco Ciani",
        "description": "White and yellow Iceland poppies in the foreground with views across Lake Lugano toward Monte San Salvatore.",
        "photo_path": "foto/montebre/3617442763859690479_01.jpg",
        "cluster_size": 18
      }
    },
    {
      "type": "Feature",
      "geometry": {
        "type": "Point",
        "coordinates": [
          8.987373483772538,
          46.007326387925346
        ]
      },
      "properties": {
        "cluster_id": 19,
        "location": "montebre",
        "label": "Poppies at Parco Ciani",
        "description": "White and yellow Iceland poppies in the foreground with views across Lake Lugano toward Monte San Salvatore.",
        "photo_path": "foto/montebre/3604729476542370094_01.jpg",
        "cluster_size": 18
      }
    },
    {
      "type": "Feature",
      "geometry": {
        "type": "Point",
        "coordinates": [
          8.987213036478863,
          46.00722734233953
        ]
      },
      "properties": {
        "cluster_id": 19,
        "location": "montebre",
        "label": "Poppies at Parco Ciani",
        "description": "White and yellow Iceland poppies in the foreground with views across Lake Lugano toward Monte San Salvatore.",
        "photo_path": "foto/montebre/3602672527743508930_01.jpg",
        "cluster_size": 18
      }
    },
    {
      "type": "Feature",
      "geometry": {
        "type": "Point",
        "coordinates": [
          8.987127538771423,
          46.00729045327245
        ]
      },
      "properties": {
        "cluster_id": 19,
        "location": "montebre",
        "label": "Poppies at Parco Ciani",
        "description": "White and yellow Iceland poppies in the foreground with views across Lake Lugano toward Monte San Salvatore.",
        "photo_path": "foto/montebre/3602673918390206451_01.jpg",
        "cluster_size": 18
      }
    },
    {
      "type": "Feature",
      "geometry": {
        "type": "Point",
        "coordinates": [
          8.98715856620498,
          46.00742301681312
        ]
      },
      "properties": {
        "cluster_id": 19,
        "location": "montebre",
        "label": "Poppies at Parco Ciani",
        "description": "White and yellow Iceland poppies in the foreground with views across Lake Lugano toward Monte San Salvatore.",
        "photo_path": "foto/montebre/3595326649830453270_01.jpg",
        "cluster_size": 18
      }
    },
    {
      "type": "Feature",
      "geometry": {
        "type": "Point",
        "coordinates": [
          8.987231798337161,
          46.007333812097144
        ]
      },
      "properties": {
        "cluster_id": 19,
        "location": "montebre",
        "label": "Poppies at Parco Ciani",
        "description": "White and yellow Iceland poppies in the foreground with views across Lake Lugano toward Monte San Salvatore.",
        "photo_path": "foto/montebre/3591239181960531183_01.jpg",
        "cluster_size": 18
      }
    },
    {
      "type": "Feature",
      "geometry": {
        "type": "Point",
        "coordinates": [
          8.986910000240117,
          46.00726652939424
        ]
      },
      "properties": {
        "cluster_id": 3,
        "location": "montebre",
        "label": "Modified BMW E36 cars",
        "description": "A collection of customized BMW 3 Series (E36 generation) vehicles, including coupe, touring, and convertible variants, parked at a scenic mountain pass location.",
        "photo_path": "foto/montebre/3387294393890900344_01.jpg",
        "cluster_size": 17
      }
    },
    {
      "type": "Feature",
      "geometry": {
        "type": "Point",
        "coordinates": [
          8.986763820805635,
          46.00720528106411
        ]
      },
      "properties": {
        "cluster_id": 3,
        "location": "montebre",
        "label": "Modified BMW E36 cars",
        "description": "A collection of customized BMW 3 Series (E36 generation) vehicles, including coupe, touring, and convertible variants, parked at a scenic mountain pass location.",
        "photo_path": "foto/montebre/3383942402938539205_01.jpg",
        "cluster_size": 17
      }
    },
    {
      "type": "Feature",
      "geometry": {
        "type": "Point",
        "coordinates": [
          8.98687576230744,
          46.00748465190411
        ]
      },
      "properties": {
        "cluster_id": 3,
        "location": "montebre",
        "label": "Modified BMW E36 cars",
        "description": "A collection of customized BMW 3 Series (E36 generation) vehicles, including coupe, touring, and convertible variants, parked at a scenic mountain pass location.",
        "photo_path": "foto/montebre/3389753274890048513_01.jpg",
        "cluster_size": 17
      }
    },
    {
      "type": "Feature",
      "geometry": {
        "type": "Point",
        "coordinates": [
          8.986982937300352,
          46.007279475259644
        ]
      },
      "properties": {
        "cluster_id": 3,
        "location": "montebre",
        "label": "Modified BMW E36 cars",
        "description": "A collection of customized BMW 3 Series (E36 generation) vehicles, including coupe, touring, and convertible variants, parked at a scenic mountain pass location.",
        "photo_path": "foto/montebre/3387577908306060873_01.jpg",
        "cluster_size": 17
      }
    },
    {
      "type": "Feature",
      "geometry": {
        "type": "Point",
        "coordinates": [
          8.98712462993414,
          46.00732710231563
        ]
      },
      "properties": {
        "cluster_id": 3,
        "location": "montebre",
        "label": "Modified BMW E36 cars",
        "description": "A collection of customized BMW 3 Series (E36 generation) vehicles, including coupe, touring, and convertible variants, parked at a scenic mountain pass location.",
        "photo_path": "foto/montebre/3386567945221297656_01.jpg",
        "cluster_size": 17
      }
    },
    {
      "type": "Feature",
      "geometry": {
        "type": "Point",
        "coordinates": [
          8.986943217972092,
          46.00737692815261
        ]
      },
      "properties": {
        "cluster_id": 3,
        "location": "montebre",
        "label": "Modified BMW E36 cars",
        "description": "A collection of customized BMW 3 Series (E36 generation) vehicles, including coupe, touring, and convertible variants, parked at a scenic mountain pass location.",
        "photo_path": "foto/montebre/3385254252104064029_01.jpg",
        "cluster_size": 17
      }
    },
    {
      "type": "Feature",
      "geometry": {
        "type": "Point",
        "coordinates": [
          8.987055484887001,
          46.00728435200828
        ]
      },
      "properties": {
        "cluster_id": 3,
        "location": "montebre",
        "label": "Modified BMW E36 cars",
        "description": "A collection of customized BMW 3 Series (E36 generation) vehicles, including coupe, touring, and convertible variants, parked at a scenic mountain pass location.",
        "photo_path": "foto/montebre/3386137895093497315_01.jpg",
        "cluster_size": 17
      }
    },
    {
      "type": "Feature",
      "geometry": {
        "type": "Point",
        "coordinates": [
          8.987227293447337,
          46.00727700341256
        ]
      },
      "properties": {
        "cluster_id": 3,
        "location": "montebre",
        "label": "Modified BMW E36 cars",
        "description": "A collection of customized BMW 3 Series (E36 generation) vehicles, including coupe, touring, and convertible variants, parked at a scenic mountain pass location.",
        "photo_path": "foto/montebre/3384623412166125727_01.jpg",
        "cluster_size": 17
      }
    },
    {
      "type": "Feature",
      "geometry": {
        "type": "Point",
        "coordinates": [
          8.987114143293041,
          46.00734363999615
        ]
      },
      "properties": {
        "cluster_id": 3,
        "location": "montebre",
        "label": "Modified BMW E36 cars",
        "description": "A collection of customized BMW 3 Series (E36 generation) vehicles, including coupe, touring, and convertible variants, parked at a scenic mountain pass location.",
        "photo_path": "foto/montebre/3387294393890900344_01.jpg",
        "cluster_size": 17
      }
    },
    {
      "type": "Feature",
      "geometry": {
        "type": "Point",
        "coordinates": [
          8.987171024720329,
          46.007359127051735
        ]
      },
      "properties": {
        "cluster_id": 3,
        "location": "montebre",
        "label": "Modified BMW E36 cars",
        "description": "A collection of customized BMW 3 Series (E36 generation) vehicles, including coupe, touring, and convertible variants, parked at a scenic mountain pass location.",
        "photo_path": "foto/montebre/3383942402938539205_01.jpg",
        "cluster_size": 17
      }
    },
    {
      "type": "Feature",
      "geometry": {
        "type": "Point",
        "coordinates": [
          8.986850651307977,
          46.00731571626706
        ]
      },
      "properties": {
        "cluster_id": 3,
        "location": "montebre",
        "label": "Modified BMW E36 cars",
        "description": "A collection of customized BMW 3 Series (E36 generation) vehicles, including coupe, touring, and convertible variants, parked at a scenic mountain pass location.",
        "photo_path": "foto/montebre/3389753274890048513_01.jpg",
        "cluster_size": 17
      }
    },
    {
      "type": "Feature",
      "geometry": {
        "type": "Point",
        "coordinates": [
          8.986934362824679,
          46.00733541594211
        ]
      },
      "properties": {
        "cluster_id": 3,
        "location": "montebre",
        "label": "Modified BMW E36 cars",
        "description": "A collection of customized BMW 3 Series (E36 generation) vehicles, including coupe, touring, and convertible variants, parked at a scenic mountain pass location.",
        "photo_path": "foto/montebre/3387577908306060873_01.jpg",
        "cluster_size": 17
      }
    },
    {
      "type": "Feature",
      "geometry": {
        "type": "Point",
        "coordinates": [
          8.98709488257548,
          46.007251784894045
        ]
      },
      "properties": {
        "cluster_id": 3,
        "location": "montebre",
        "label": "Modified BMW E36 cars",
        "description": "A collection of customized BMW 3 Series (E36 generation) vehicles, including coupe, touring, and convertible variants, parked at a scenic mountain pass location.",
        "photo_path": "foto/montebre/3386567945221297656_01.jpg",
        "cluster_size": 17
      }
    },
    {
      "type": "Feature",
      "geometry": {
        "type": "Point",
        "coordinates": [
          8.98702159586193,
          46.00741096505199
        ]
      },
      "properties": {
        "cluster_id": 3,
        "location": "montebre",
        "label": "Modified BMW E36 cars",
        "description": "A collection of customized BMW 3 Series (E36 generation) vehicles, including coupe, touring, and convertible variants, parked at a scenic mountain pass location.",
        "photo_path": "foto/montebre/3385254252104064029_01.jpg",
        "cluster_size": 17
      }
    },
    {
      "type": "Feature",
      "geometry": {
        "type": "Point",
        "coordinates": [
          8.987239597034723,
          46.00732723081245
        ]
      },
      "properties": {
        "cluster_id": 3,
        "location": "montebre",
        "label": "Modified BMW E36 cars",
        "description": "A collection of customized BMW 3 Series (E36 generation) vehicles, including coupe, touring, and convertible variants, parked at a scenic mountain pass location.",
        "photo_path": "foto/montebre/3386137895093497315_01.jpg",
        "cluster_size": 17
      }
    },
    {
      "type": "Feature",
      "geometry": {
        "type": "Point",
        "coordinates": [
          8.987356248862259,
          46.007321097494156
        ]
      },
      "properties": {
        "cluster_id": 3,
        "location": "montebre",
        "label": "Modified BMW E36 cars",
        "description": "A collection of customized BMW 3 Series (E36 generation) vehicles, including coupe, touring, and convertible variants, parked at a scenic mountain pass location.",
        "photo_path": "foto/montebre/3384623412166125727_01.jpg",
        "cluster_size": 17
      }
    },
    {
      "type": "Feature",
      "geometry": {
        "type": "Point",
        "coordinates": [
          8.986790484223906,
          46.00735035483345
        ]
      },
      "properties": {
        "cluster_id": 3,
        "location": "montebre",
        "label": "Modified BMW E36 cars",
        "description": "A collection of customized BMW 3 Series (E36 generation) vehicles, including coupe, touring, and convertible variants, parked at a scenic mountain pass location.",
        "photo_path": "foto/montebre/3387294393890900344_01.jpg",
        "cluster_size": 17
      }
    },
    {
      "type": "Feature",
      "geometry": {
        "type": "Point",
        "coordinates": [
          8.986993217952074,
          46.00736255478973
        ]
      },
      "properties": {
        "cluster_id": 1,
        "location": "montebre",
        "label": "Outdoor community painting workshop",
        "description": "A group of people, primarily youth, participating in a collaborative painting project on a large scale in an outdoor park setting. They are using brushes, paints, and markers to create a communal artwork on long sheets of paper.",
        "photo_path": "foto/montebre/3188069086474453750_01.jpg",
        "cluster_size": 16
      }
    },
    {
      "type": "Feature",
      "geometry": {
        "type": "Point",
        "coordinates": [
          8.987031090345857,
          46.00741088011702
        ]
      },
      "properties": {
        "cluster_id": 1,
        "location": "montebre",
        "label": "Outdoor community painting workshop",
        "description": "A group of people, primarily youth, participating in a collaborative painting project on a large scale in an outdoor park setting. They are using brushes, paints, and markers to create a communal artwork on long sheets of paper.",
        "photo_path": "foto/montebre/3188069137091359902_01.jpg",
        "cluster_size": 16
      }
    },
    {
      "type": "Feature",
      "geometry": {
        "type": "Point",
        "coordinates": [
          8.986785006638733,
          46.00728221266314
        ]
      },
      "properties": {
        "cluster_id": 1,
        "location": "montebre",
        "label": "Outdoor community painting workshop",
        "description": "A group of people, primarily youth, participating in a collaborative painting project on a large scale in an outdoor park setting. They are using brushes, paints, and markers to create a communal artwork on long sheets of paper.",
        "photo_path": "foto/montebre/3188069138878151323_01.jpg",
        "cluster_size": 16
      }
    },
    {
      "type": "Feature",
      "geometry": {
        "type": "Point",
        "coordinates": [
          8.986833481796442,
          46.00727585525114
        ]
      },
      "properties": {
        "cluster_id": 1,
        "location": "montebre",
        "label": "Outdoor community painting workshop",
        "description": "A group of people, primarily youth, participating in a collaborative painting project on a large scale in an outdoor park setting. They are using brushes, paints, and markers to create a communal artwork on long sheets of paper.",
        "photo_path": "foto/montebre/3194617057542276940_01.jpg",
        "cluster_size": 16
      }
    },
    {
      "type": "Feature",
      "geometry": {
        "type": "Point",
        "coordinates": [
          8.987020118208433,
          46.00724238676532
        ]
      },
      "properties": {
        "cluster_id": 1,
        "location": "montebre",
        "label": "Outdoor community painting workshop",
        "description": "A group of people, primarily youth, participating in a collaborative painting project on a large scale in an outdoor park setting. They are using brushes, paints, and markers to create a communal artwork on long sheets of paper.",
        "photo_path": "foto/montebre/3188222436889163144_01.jpg",
        "cluster_size": 16
      }
    },
    {
      "type": "Feature",
      "geometry": {
        "type": "Point",
        "coordinates": [
          8.986994970468848,
          46.007445128022454
        ]
      },
      "properties": {
        "cluster_id": 1,
        "location": "montebre",
        "label": "Outdoor community painting workshop",
        "description": "A group of people, primarily youth, participating in a collaborative painting project on a large scale in an outdoor park setting. They are using brushes, paints, and markers to create a communal artwork on long sheets of paper.",
        "photo_path": "foto/montebre/3188222484955834313_01.jpg",
        "cluster_size": 16
      }
    },
    {
      "type": "Feature",
      "geometry": {
        "type": "Point",
        "coordinates": [
          8.987001446027119,
          46.00718694896242
        ]
      },
      "properties": {
        "cluster_id": 1,
        "location": "montebre",
        "label": "Outdoor community painting workshop",
        "description": "A group of people, primarily youth, participating in a collaborative painting project on a large scale in an outdoor park setting. They are using brushes, paints, and markers to create a communal artwork on long sheets of paper.",
        "photo_path": "foto/montebre/3188222486398679267_01.jpg",
        "cluster_size": 16
      }
    },
    {
      "type": "Feature",
      "geometry": {
        "type": "Point",
        "coordinates": [
          8.986864702995925,
          46.007402490813654
        ]
      },
      "properties": {
        "cluster_id": 1,
        "location": "montebre",
        "label": "Outdoor community painting workshop",
        "description": "A group of people, primarily youth, participating in a collaborative painting project on a large scale in an outdoor park setting. They are using brushes, paints, and markers to create a communal artwork on long sheets of paper.",
        "photo_path": "foto/montebre/3656485416782391791_01.jpg",
        "cluster_size": 16
      }
    },
    {
      "type": "Feature",
      "geometry": {
        "type": "Point",
        "coordinates": [
          8.986945690514343,
          46.007282612556594
        ]
      },
      "properties": {
        "cluster_id": 1,
        "location": "montebre",
        "label": "Outdoor community painting workshop",
        "description": "A group of people, primarily youth, participating in a collaborative painting project on a large scale in an outdoor park setting. They are using brushes, paints, and markers to create a communal artwork on long sheets of paper.",
        "photo_path": "foto/montebre/3188069086474453750_01.jpg",
        "cluster_size": 16
      }
    },
    {
      "type": "Feature",
      "geometry": {
        "type": "Point",
        "coordinates": [
          8.987027860951395,
          46.00722397461548
        ]
      },
      "properties": {
        "cluster_id": 1,
        "location": "montebre",
        "label": "Outdoor community painting workshop",
        "description": "A group of people, primarily youth, participating in a collaborative painting project on a large scale in an outdoor park setting. They are using brushes, paints, and markers to create a communal artwork on long sheets of paper.",
        "photo_path": "foto/montebre/3188069137091359902_01.jpg",
        "cluster_size": 16
      }
    },
    {
      "type": "Feature",
      "geometry": {
        "type": "Point",
        "coordinates": [
          8.986998194675284,
          46.00728378994561
        ]
      },
      "properties": {
        "cluster_id": 1,
        "location": "montebre",
        "label": "Outdoor community painting workshop",
        "description": "A group of people, primarily youth, participating in a collaborative painting project on a large scale in an outdoor park setting. They are using brushes, paints, and markers to create a communal artwork on long sheets of paper.",
        "photo_path": "foto/montebre/3188069138878151323_01.jpg",
        "cluster_size": 16
      }
    },
    {
      "type": "Feature",
      "geometry": {
        "type": "Point",
        "coordinates": [
          8.986887051735621,
          46.00721473192496
        ]
      },
      "properties": {
        "cluster_id": 1,
        "location": "montebre",
        "label": "Outdoor community painting workshop",
        "description": "A group of people, primarily youth, participating in a collaborative painting project on a large scale in an outdoor park setting. They are using brushes, paints, and markers to create a communal artwork on long sheets of paper.",
        "photo_path": "foto/montebre/3194617057542276940_01.jpg",
        "cluster_size": 16
      }
    },
    {
      "type": "Feature",
      "geometry": {
        "type": "Point",
        "coordinates": [
          8.986895432956771,
          46.00735976557682
        ]
      },
      "properties": {
        "cluster_id": 1,
        "location": "montebre",
        "label": "Outdoor community painting workshop",
        "description": "A group of people, primarily youth, participating in a collaborative painting project on a large scale in an outdoor park setting. They are using brushes, paints, and markers to create a communal artwork on long sheets of paper.",
        "photo_path": "foto/montebre/3188222436889163144_01.jpg",
        "cluster_size": 16
      }
    },
    {
      "type": "Feature",
      "geometry": {
        "type": "Point",
        "coordinates": [
          8.986891956877294,
          46.00745026850415
        ]
      },
      "properties": {
        "cluster_id": 1,
        "location": "montebre",
        "label": "Outdoor community painting workshop",
        "description": "A group of people, primarily youth, participating in a collaborative painting project on a large scale in an outdoor park setting. They are using brushes, paints, and markers to create a communal artwork on long sheets of paper.",
        "photo_path": "foto/montebre/3188222484955834313_01.jpg",
        "cluster_size": 16
      }
    },
    {
      "type": "Feature",
      "geometry": {
        "type": "Point",
        "coordinates": [
          8.987064733103898,
          46.0073149280424
        ]
      },
      "properties": {
        "cluster_id": 1,
        "location": "montebre",
        "label": "Outdoor community painting workshop",
        "description": "A group of people, primarily youth, participating in a collaborative painting project on a large scale in an outdoor park setting. They are using brushes, paints, and markers to create a communal artwork on long sheets of paper.",
        "photo_path": "foto/montebre/3188222486398679267_01.jpg",
        "cluster_size": 16
      }
    },
    {
      "type": "Feature",
      "geometry": {
        "type": "Point",
        "coordinates": [
          8.986715426701092,
          46.007166905478556
        ]
      },
      "properties": {
        "cluster_id": 1,
        "location": "montebre",
        "label": "Outdoor community painting workshop",
        "description": "A group of people, primarily youth, participating in a collaborative painting project on a large scale in an outdoor park setting. They are using brushes, paints, and markers to create a communal artwork on long sheets of paper.",
        "photo_path": "foto/montebre/3656485416782391791_01.jpg",
        "cluster_size": 16
      }
    },
    {
      "type": "Feature",
      "geometry": {
        "type": "Point",
        "coordinates": [
          8.987036010465046,
          46.00713400160091
        ]
      },
      "properties": {
        "cluster_id": 18,
        "location": "montebre",
        "label": "Monte San Salvatore mountain view",
        "description": "A scenic view of the cone-shaped Monte San Salvatore mountain across Lake Lugano, framed by colorful spring flower beds in Parco Ciani.",
        "photo_path": "foto/montebre/3332112272837500692_01.jpg",
        "cluster_size": 16
      }
    },
    {
      "type": "Feature",
      "geometry": {
        "type": "Point",
        "coordinates": [
          8.987204038510852,
          46.00722173116566
        ]
      },
      "properties": {
        "cluster_id": 18,
        "location": "montebre",
        "label": "Monte San Salvatore mountain view",
        "description": "A scenic view of the cone-shaped Monte San Salvatore mountain across Lake Lugano, framed by colorful spring flower beds in Parco Ciani.",
        "photo_path": "foto/montebre/3349806580485883769_01.jpg",
        "cluster_size": 16
      }
    },
    {
      "type": "Feature",
      "geometry": {
        "type": "Point",
        "coordinates": [
          8.986896200630136,
          46.007220614998744
        ]
      },
      "properties": {
        "cluster_id": 18,
        "location": "montebre",
        "label": "Monte San Salvatore mountain view",
        "description": "A scenic view of the cone-shaped Monte San Salvatore mountain across Lake Lugano, framed by colorful spring flower beds in Parco Ciani.",
        "photo_path": "foto/montebre/3330247920128069241_01.jpg",
        "cluster_size": 16
      }
    },
    {
      "type": "Feature",
      "geometry": {
        "type": "Point",
        "coordinates": [
          8.987132435954535,
          46.00741037694029
        ]
      },
      "properties": {
        "cluster_id": 18,
        "location": "montebre",
        "label": "Monte San Salvatore mountain view",
        "description": "A scenic view of the cone-shaped Monte San Salvatore mountain across Lake Lugano, framed by colorful spring flower beds in Parco Ciani.",
        "photo_path": "foto/montebre/3443393728158783026_01.jpg",
        "cluster_size": 16
      }
    },
    {
      "type": "Feature",
      "geometry": {
        "type": "Point",
        "coordinates": [
          8.987028978961137,
          46.00745716915868
        ]
      },
      "properties": {
        "cluster_id": 18,
        "location": "montebre",
        "label": "Monte San Salvatore mountain view",
        "description": "A scenic view of the cone-shaped Monte San Salvatore mountain across Lake Lugano, framed by colorful spring flower beds in Parco Ciani.",
        "photo_path": "foto/montebre/3347775583230896001_01.jpg",
        "cluster_size": 16
      }
    },
    {
      "type": "Feature",
      "geometry": {
        "type": "Point",
        "coordinates": [
          8.986949110901236,
          46.007363706000945
        ]
      },
      "properties": {
        "cluster_id": 18,
        "location": "montebre",
        "label": "Monte San Salvatore mountain view",
        "description": "A scenic view of the cone-shaped Monte San Salvatore mountain across Lake Lugano, framed by colorful spring flower beds in Parco Ciani.",
        "photo_path": "foto/montebre/3343989007229152725_01.jpg",
        "cluster_size": 16
      }
    },
    {
      "type": "Feature",
      "geometry": {
        "type": "Point",
        "coordinates": [
          8.986800783059154,
          46.007341570735214
        ]
      },
      "properties": {
        "cluster_id": 18,
        "location": "montebre",
        "label": "Monte San Salvatore mountain view",
        "description": "A scenic view of the cone-shaped Monte San Salvatore mountain across Lake Lugano, framed by colorful spring flower beds in Parco Ciani.",
        "photo_path": "foto/montebre/3340455909694808281_01.jpg",
        "cluster_size": 16
      }
    },
    {
      "type": "Feature",
      "geometry": {
        "type": "Point",
        "coordinates": [
          8.986871828579897,
          46.007197736504615
        ]
      },
      "properties": {
        "cluster_id": 18,
        "location": "montebre",
        "label": "Monte San Salvatore mountain view",
        "description": "A scenic view of the cone-shaped Monte San Salvatore mountain across Lake Lugano, framed by colorful spring flower beds in Parco Ciani.",
        "photo_path": "foto/montebre/3331042044498327015_01.jpg",
        "cluster_size": 16
      }
    },
    {
      "type": "Feature",
      "geometry": {
        "type": "Point",
        "coordinates": [
          8.986813487167275,
          46.00725611616776
        ]
      },
      "properties": {
        "cluster_id": 18,
        "location": "montebre",
        "label": "Monte San Salvatore mountain view",
        "description": "A scenic view of the cone-shaped Monte San Salvatore mountain across Lake Lugano, framed by colorful spring flower beds in Parco Ciani.",
        "photo_path": "foto/montebre/3332112272837500692_01.jpg",
        "cluster_size": 16
      }
    },
    {
      "type": "Feature",
      "geometry": {
        "type": "Point",
        "coordinates": [
          8.986996159533282,
          46.007334185723614
        ]
      },
      "properties": {
        "cluster_id": 18,
        "location": "montebre",
        "label": "Monte San Salvatore mountain view",
        "description": "A scenic view of the cone-shaped Monte San Salvatore mountain across Lake Lugano, framed by colorful spring flower beds in Parco Ciani.",
        "photo_path": "foto/montebre/3349806580485883769_01.jpg",
        "cluster_size": 16
      }
    },
    {
      "type": "Feature",
      "geometry": {
        "type": "Point",
        "coordinates": [
          8.987063886761241,
          46.007279412700086
        ]
      },
      "properties": {
        "cluster_id": 18,
        "location": "montebre",
        "label": "Monte San Salvatore mountain view",
        "description": "A scenic view of the cone-shaped Monte San Salvatore mountain across Lake Lugano, framed by colorful spring flower beds in Parco Ciani.",
        "photo_path": "foto/montebre/3330247920128069241_01.jpg",
        "cluster_size": 16
      }
    },
    {
      "type": "Feature",
      "geometry": {
        "type": "Point",
        "coordinates": [
          8.986847150560182,
          46.00716859324059
        ]
      },
      "properties": {
        "cluster_id": 18,
        "location": "montebre",
        "label": "Monte San Salvatore mountain view",
        "description": "A scenic view of the cone-shaped Monte San Salvatore mountain across Lake Lugano, framed by colorful spring flower beds in Parco Ciani.",
        "photo_path": "foto/montebre/3443393728158783026_01.jpg",
        "cluster_size": 16
      }
    },
    {
      "type": "Feature",
      "geometry": {
        "type": "Point",
        "coordinates": [
          8.98663019549239,
          46.0072068695283
        ]
      },
      "properties": {
        "cluster_id": 18,
        "location": "montebre",
        "label": "Monte San Salvatore mountain view",
        "description": "A scenic view of the cone-shaped Monte San Salvatore mountain across Lake Lugano, framed by colorful spring flower beds in Parco Ciani.",
        "photo_path": "foto/montebre/3347775583230896001_01.jpg",
        "cluster_size": 16
      }
    },
    {
      "type": "Feature",
      "geometry": {
        "type": "Point",
        "coordinates": [
          8.986856476805155,
          46.0072639994053
        ]
      },
      "properties": {
        "cluster_id": 18,
        "location": "montebre",
        "label": "Monte San Salvatore mountain view",
        "description": "A scenic view of the cone-shaped Monte San Salvatore mountain across Lake Lugano, framed by colorful spring flower beds in Parco Ciani.",
        "photo_path": "foto/montebre/3343989007229152725_01.jpg",
        "cluster_size": 16
      }
    },
    {
      "type": "Feature",
      "geometry": {
        "type": "Point",
        "coordinates": [
          8.986954076040078,
          46.00740779493945
        ]
      },
      "properties": {
        "cluster_id": 18,
        "location": "montebre",
        "label": "Monte San Salvatore mountain view",
        "description": "A scenic view of the cone-shaped Monte San Salvatore mountain across Lake Lugano, framed by colorful spring flower beds in Parco Ciani.",
        "photo_path": "foto/montebre/3340455909694808281_01.jpg",
        "cluster_size": 16
      }
    },
    {
      "type": "Feature",
      "geometry": {
        "type": "Point",
        "coordinates": [
          8.98711272306649,
          46.00717917903246
        ]
      },
      "properties": {
        "cluster_id": 18,
        "location": "montebre",
        "label": "Monte San Salvatore mountain view",
        "description": "A scenic view of the cone-shaped Monte San Salvatore mountain across Lake Lugano, framed by colorful spring flower beds in Parco Ciani.",
        "photo_path": "foto/montebre/3331042044498327015_01.jpg",
        "cluster_size": 16
      }
    },
    {
      "type": "Feature",
      "geometry": {
        "type": "Point",
        "coordinates": [
          8.986884264925212,
          46.00734115700846
        ]
      },
      "properties": {
        "cluster_id": 4,
        "location": "montebre",
        "label": "BMW E36 front wheel profile",
        "description": "A series of identical compositions featuring the front wheel, fender, and headlight of different BMW E36 cars with a Swiss alpine background.",
        "photo_path": "foto/montebre/3387372591464438528_01.jpg",
        "cluster_size": 16
      }
    },
    {
      "type": "Feature",
      "geometry": {
        "type": "Point",
        "coordinates": [
          8.986684343341128,
          46.00721074999996
        ]
      },
      "properties": {
        "cluster_id": 4,
        "location": "montebre",
        "label": "BMW E36 front wheel profile",
        "description": "A series of identical compositions featuring the front wheel, fender, and headlight of different BMW E36 cars with a Swiss alpine background.",
        "photo_path": "foto/montebre/3385059150020153380_01.jpg",
        "cluster_size": 16
      }
    },
    {
      "type": "Feature",
      "geometry": {
        "type": "Point",
        "coordinates": [
          8.986949972370237,
          46.00719762183084
        ]
      },
      "properties": {
        "cluster_id": 4,
        "location": "montebre",
        "label": "BMW E36 front wheel profile",
        "description": "A series of identical compositions featuring the front wheel, fender, and headlight of different BMW E36 cars with a Swiss alpine background.",
        "photo_path": "foto/montebre/3386617546909168217_01.jpg",
        "cluster_size": 16
      }
    },
    {
      "type": "Feature",
      "geometry": {
        "type": "Point",
        "coordinates": [
          8.987008915714188,
          46.00740093652291
        ]
      },
      "properties": {
        "cluster_id": 4,
        "location": "montebre",
        "label": "BMW E36 front wheel profile",
        "description": "A series of identical compositions featuring the front wheel, fender, and headlight of different BMW E36 cars with a Swiss alpine background.",
        "photo_path": "foto/montebre/3389009921412095336_01.jpg",
        "cluster_size": 16
      }
    },
    {
      "type": "Feature",
      "geometry": {
        "type": "Point",
        "coordinates": [
          8.986663569866321,
          46.007187113484385
        ]
      },
      "properties": {
        "cluster_id": 4,
        "location": "montebre",
        "label": "BMW E36 front wheel profile",
        "description": "A series of identical compositions featuring the front wheel, fender, and headlight of different BMW E36 cars with a Swiss alpine background.",
        "photo_path": "foto/montebre/3391126689995699514_01.jpg",
        "cluster_size": 16
      }
    },
    {
      "type": "Feature",
      "geometry": {
        "type": "Point",
        "coordinates": [
          8.986579424293739,
          46.00724384642751
        ]
      },
      "properties": {
        "cluster_id": 4,
        "location": "montebre",
        "label": "BMW E36 front wheel profile",
        "description": "A series of identical compositions featuring the front wheel, fender, and headlight of different BMW E36 cars with a Swiss alpine background.",
        "photo_path": "foto/montebre/3386015263786518706_01.jpg",
        "cluster_size": 16
      }
    },
    {
      "type": "Feature",
      "geometry": {
        "type": "Point",
        "coordinates": [
          8.986789630256375,
          46.00726026818132
        ]
      },
      "properties": {
        "cluster_id": 4,
        "location": "montebre",
        "label": "BMW E36 front wheel profile",
        "description": "A series of identical compositions featuring the front wheel, fender, and headlight of different BMW E36 cars with a Swiss alpine background.",
        "photo_path": "foto/montebre/3387971894505949604_01.jpg",
        "cluster_size": 16
      }
    },
    {
      "type": "Feature",
      "geometry": {
        "type": "Point",
        "coordinates": [
          8.986601956115756,
          46.007189168702396
        ]
      },
      "properties": {
        "cluster_id": 4,
        "location": "montebre",
        "label": "BMW E36 front wheel profile",
        "description": "A series of identical compositions featuring the front wheel, fender, and headlight of different BMW E36 cars with a Swiss alpine background.",
        "photo_path": "foto/montebre/3390310870990562033_01.jpg",
        "cluster_size": 16
      }
    },
    {
      "type": "Feature",
      "geometry": {
        "type": "Point",
        "coordinates": [
          8.986739686949255,
          46.007277424252706
        ]
      },
      "properties": {
        "cluster_id": 4,
        "location": "montebre",
        "label": "BMW E36 front wheel profile",
        "description": "A series of identical compositions featuring the front wheel, fender, and headlight of different BMW E36 cars with a Swiss alpine background.",
        "photo_path": "foto/montebre/3387372591464438528_01.jpg",
        "cluster_size": 16
      }
    },
    {
      "type": "Feature",
      "geometry": {
        "type": "Point",
        "coordinates": [
          8.986436269753286,
          46.00712575605971
        ]
      },
      "properties": {
        "cluster_id": 4,
        "location": "montebre",
        "label": "BMW E36 front wheel profile",
        "description": "A series of identical compositions featuring the front wheel, fender, and headlight of different BMW E36 cars with a Swiss alpine background.",
        "photo_path": "foto/montebre/3385059150020153380_01.jpg",
        "cluster_size": 16
      }
    },
    {
      "type": "Feature",
      "geometry": {
        "type": "Point",
        "coordinates": [
          8.987038615719818,
          46.007228675152554
        ]
      },
      "properties": {
        "cluster_id": 4,
        "location": "montebre",
        "label": "BMW E36 front wheel profile",
        "description": "A series of identical compositions featuring the front wheel, fender, and headlight of different BMW E36 cars with a Swiss alpine background.",
        "photo_path": "foto/montebre/3386617546909168217_01.jpg",
        "cluster_size": 16
      }
    },
    {
      "type": "Feature",
      "geometry": {
        "type": "Point",
        "coordinates": [
          8.986749492090876,
          46.00738081696513
        ]
      },
      "properties": {
        "cluster_id": 4,
        "location": "montebre",
        "label": "BMW E36 front wheel profile",
        "description": "A series of identical compositions featuring the front wheel, fender, and headlight of different BMW E36 cars with a Swiss alpine background.",
        "photo_path": "foto/montebre/3389009921412095336_01.jpg",
        "cluster_size": 16
      }
    },
    {
      "type": "Feature",
      "geometry": {
        "type": "Point",
        "coordinates": [
          8.98686956803244,
          46.00717690063406
        ]
      },
      "properties": {
        "cluster_id": 4,
        "location": "montebre",
        "label": "BMW E36 front wheel profile",
        "description": "A series of identical compositions featuring the front wheel, fender, and headlight of different BMW E36 cars with a Swiss alpine background.",
        "photo_path": "foto/montebre/3391126689995699514_01.jpg",
        "cluster_size": 16
      }
    },
    {
      "type": "Feature",
      "geometry": {
        "type": "Point",
        "coordinates": [
          8.986847912127669,
          46.00714120933867
        ]
      },
      "properties": {
        "cluster_id": 4,
        "location": "montebre",
        "label": "BMW E36 front wheel profile",
        "description": "A series of identical compositions featuring the front wheel, fender, and headlight of different BMW E36 cars with a Swiss alpine background.",
        "photo_path": "foto/montebre/3386015263786518706_01.jpg",
        "cluster_size": 16
      }
    },
    {
      "type": "Feature",
      "geometry": {
        "type": "Point",
        "coordinates": [
          8.986967893500925,
          46.00730017021413
        ]
      },
      "properties": {
        "cluster_id": 4,
        "location": "montebre",
        "label": "BMW E36 front wheel profile",
        "description": "A series of identical compositions featuring the front wheel, fender, and headlight of different BMW E36 cars with a Swiss alpine background.",
        "photo_path": "foto/montebre/3387971894505949604_01.jpg",
        "cluster_size": 16
      }
    },
    {
      "type": "Feature",
      "geometry": {
        "type": "Point",
        "coordinates": [
          8.98678235839956,
          46.00722213108306
        ]
      },
      "properties": {
        "cluster_id": 4,
        "location": "montebre",
        "label": "BMW E36 front wheel profile",
        "description": "A series of identical compositions featuring the front wheel, fender, and headlight of different BMW E36 cars with a Swiss alpine background.",
        "photo_path": "foto/montebre/3390310870990562033_01.jpg",
        "cluster_size": 16
      }
    },
    {
      "type": "Feature",
      "geometry": {
        "type": "Point",
        "coordinates": [
          8.986650056971856,
          46.00709723804535
        ]
      },
      "properties": {
        "cluster_id": 2,
        "location": "montebre",
        "label": "BMW E36 rear view",
        "description": "A series of photos capturing the rear profile of various BMW 3-series (E36) models, including coupes and convertibles, parked at a scenic mountain location.",
        "photo_path": "foto/montebre/3385146399009116089_01.jpg",
        "cluster_size": 16
      }
    },
    {
      "type": "Feature",
      "geometry": {
        "type": "Point",
        "coordinates": [
          8.986804938452838,
          46.00715593207191
        ]
      },
      "properties": {
        "cluster_id": 2,
        "location": "montebre",
        "label": "BMW E36 rear view",
        "description": "A series of photos capturing the rear profile of various BMW 3-series (E36) models, including coupes and convertibles, parked at a scenic mountain location.",
        "photo_path": "foto/montebre/3385357679967944658_01.jpg",
        "cluster_size": 16
      }
    },
    {
      "type": "Feature",
      "geometry": {
        "type": "Point",
        "coordinates": [
          8.986653130801603,
          46.00725864049697
        ]
      },
      "properties": {
        "cluster_id": 2,
        "location": "montebre",
        "label": "BMW E36 rear view",
        "description": "A series of photos capturing the rear profile of various BMW 3-series (E36) models, including coupes and convertibles, parked at a scenic mountain location.",
        "photo_path": "foto/montebre/3393386601685636441_01.jpg",
        "cluster_size": 16
      }
    },
    {
      "type": "Feature",
      "geometry": {
        "type": "Point",
        "coordinates": [
          8.986722132941965,
          46.00731081202334
        ]
      },
      "properties": {
        "cluster_id": 2,
        "location": "montebre",
        "label": "BMW E36 rear view",
        "description": "A series of photos capturing the rear profile of various BMW 3-series (E36) models, including coupes and convertibles, parked at a scenic mountain location.",
        "photo_path": "foto/montebre/3387461145887084923_01.jpg",
        "cluster_size": 16
      }
    },
    {
      "type": "Feature",
      "geometry": {
        "type": "Point",
        "coordinates": [
          8.986660389184642,
          46.00717441059421
        ]
      },
      "properties": {
        "cluster_id": 2,
        "location": "montebre",
        "label": "BMW E36 rear view",
        "description": "A series of photos capturing the rear profile of various BMW 3-series (E36) models, including coupes and convertibles, parked at a scenic mountain location.",
        "photo_path": "foto/montebre/3391731432497488551_01.jpg",
        "cluster_size": 16
      }
    },
    {
      "type": "Feature",
      "geometry": {
        "type": "Point",
        "coordinates": [
          8.986871946553189,
          46.00695793555224
        ]
      },
      "properties": {
        "cluster_id": 2,
        "location": "montebre",
        "label": "BMW E36 rear view",
        "description": "A series of photos capturing the rear profile of various BMW 3-series (E36) models, including coupes and convertibles, parked at a scenic mountain location.",
        "photo_path": "foto/montebre/3390474375932814687_01.jpg",
        "cluster_size": 16
      }
    },
    {
      "type": "Feature",
      "geometry": {
        "type": "Point",
        "coordinates": [
          8.986720809593162,
          46.00724271790876
        ]
      },
      "properties": {
        "cluster_id": 2,
        "location": "montebre",
        "label": "BMW E36 rear view",
        "description": "A series of photos capturing the rear profile of various BMW 3-series (E36) models, including coupes and convertibles, parked at a scenic mountain location.",
        "photo_path": "foto/montebre/3385896379444021447_01.jpg",
        "cluster_size": 16
      }
    },
    {
      "type": "Feature",
      "geometry": {
        "type": "Point",
        "coordinates": [
          8.98682420694447,
          46.00718237077544
        ]
      },
      "properties": {
        "cluster_id": 2,
        "location": "montebre",
        "label": "BMW E36 rear view",
        "description": "A series of photos capturing the rear profile of various BMW 3-series (E36) models, including coupes and convertibles, parked at a scenic mountain location.",
        "photo_path": "foto/montebre/3386529122340695725_01.jpg",
        "cluster_size": 16
      }
    },
    {
      "type": "Feature",
      "geometry": {
        "type": "Point",
        "coordinates": [
          8.98668868217723,
          46.00703556567867
        ]
      },
      "properties": {
        "cluster_id": 2,
        "location": "montebre",
        "label": "BMW E36 rear view",
        "description": "A series of photos capturing the rear profile of various BMW 3-series (E36) models, including coupes and convertibles, parked at a scenic mountain location.",
        "photo_path": "foto/montebre/3385146399009116089_01.jpg",
        "cluster_size": 16
      }
    },
    {
      "type": "Feature",
      "geometry": {
        "type": "Point",
        "coordinates": [
          8.986594626384417,
          46.00724789095223
        ]
      },
      "properties": {
        "cluster_id": 2,
        "location": "montebre",
        "label": "BMW E36 rear view",
        "description": "A series of photos capturing the rear profile of various BMW 3-series (E36) models, including coupes and convertibles, parked at a scenic mountain location.",
        "photo_path": "foto/montebre/3385357679967944658_01.jpg",
        "cluster_size": 16
      }
    },
    {
      "type": "Feature",
      "geometry": {
        "type": "Point",
        "coordinates": [
          8.98658136010814,
          46.00720278223624
        ]
      },
      "properties": {
        "cluster_id": 2,
        "location": "montebre",
        "label": "BMW E36 rear view",
        "description": "A series of photos capturing the rear profile of various BMW 3-series (E36) models, including coupes and convertibles, parked at a scenic mountain location.",
        "photo_path": "foto/montebre/3393386601685636441_01.jpg",
        "cluster_size": 16
      }
    },
    {
      "type": "Feature",
      "geometry": {
        "type": "Point",
        "coordinates": [
          8.986752672565748,
          46.00721835629482
        ]
      },
      "properties": {
        "cluster_id": 2,
        "location": "montebre",
        "label": "BMW E36 rear view",
        "description": "A series of photos capturing the rear profile of various BMW 3-series (E36) models, including coupes and convertibles, parked at a scenic mountain location.",
        "photo_path": "foto/montebre/3387461145887084923_01.jpg",
        "cluster_size": 16
      }
    },
    {
      "type": "Feature",
      "geometry": {
        "type": "Point",
        "coordinates": [
          8.986908349690397,
          46.00703082820488
        ]
      },
      "properties": {
        "cluster_id": 2,
        "location": "montebre",
        "label": "BMW E36 rear view",
        "description": "A series of photos capturing the rear profile of various BMW 3-series (E36) models, including coupes and convertibles, parked at a scenic mountain location.",
        "photo_path": "foto/montebre/3391731432497488551_01.jpg",
        "cluster_size": 16
      }
    },
    {
      "type": "Feature",
      "geometry": {
        "type": "Point",
        "coordinates": [
          8.986652213442728,
          46.007110156154354
        ]
      },
      "properties": {
        "cluster_id": 2,
        "location": "montebre",
        "label": "BMW E36 rear view",
        "description": "A series of photos capturing the rear profile of various BMW 3-series (E36) models, including coupes and convertibles, parked at a scenic mountain location.",
        "photo_path": "foto/montebre/3390474375932814687_01.jpg",
        "cluster_size": 16
      }
    },
    {
      "type": "Feature",
      "geometry": {
        "type": "Point",
        "coordinates": [
          8.986906261424934,
          46.007194404872735
        ]
      },
      "properties": {
        "cluster_id": 2,
        "location": "montebre",
        "label": "BMW E36 rear view",
        "description": "A series of photos capturing the rear profile of various BMW 3-series (E36) models, including coupes and convertibles, parked at a scenic mountain location.",
        "photo_path": "foto/montebre/3385896379444021447_01.jpg",
        "cluster_size": 16
      }
    },
    {
      "type": "Feature",
      "geometry": {
        "type": "Point",
        "coordinates": [
          8.986765294147743,
          46.0070848200965
        ]
      },
      "properties": {
        "cluster_id": 2,
        "location": "montebre",
        "label": "BMW E36 rear view",
        "description": "A series of photos capturing the rear profile of various BMW 3-series (E36) models, including coupes and convertibles, parked at a scenic mountain location.",
        "photo_path": "foto/montebre/3386529122340695725_01.jpg",
        "cluster_size": 16
      }
    },
    {
      "type": "Feature",
      "geometry": {
        "type": "Point",
        "coordinates": [
          8.986810955766808,
          46.00714906948295
        ]
      },
      "properties": {
        "cluster_id": 22,
        "location": "montebre",
        "label": "Cloud-pruned tree overlooking Lake Lugano",
        "description": "A Niwaki-style Japanese cypress tree in Parco Ciani, positioned in front of a view of Lake Lugano and Monte San Salvatore.",
        "photo_path": "foto/montebre/3139684671418443046_01.jpg",
        "cluster_size": 15
      }
    },
    {
      "type": "Feature",
      "geometry": {
        "type": "Point",
        "coordinates": [
          8.986673467295136,
          46.007126333001416
        ]
      },
      "properties": {
        "cluster_id": 22,
        "location": "montebre",
        "label": "Cloud-pruned tree overlooking Lake Lugano",
        "description": "A Niwaki-style Japanese cypress tree in Parco Ciani, positioned in front of a view of Lake Lugano and Monte San Salvatore.",
        "photo_path": "foto/montebre/3411881086013351714_01.jpg",
        "cluster_size": 15
      }
    },
    {
      "type": "Feature",
      "geometry": {
        "type": "Point",
        "coordinates": [
          8.986732239035332,
          46.00703587968827
        ]
      },
      "properties": {
        "cluster_id": 22,
        "location": "montebre",
        "label": "Cloud-pruned tree overlooking Lake Lugano",
        "description": "A Niwaki-style Japanese cypress tree in Parco Ciani, positioned in front of a view of Lake Lugano and Monte San Salvatore.",
        "photo_path": "foto/montebre/3665597586648440938_01.jpg",
        "cluster_size": 15
      }
    },
    {
      "type": "Feature",
      "geometry": {
        "type": "Point",
        "coordinates": [
          8.986342197757562,
          46.00701384826562
        ]
      },
      "properties": {
        "cluster_id": 22,
        "location": "montebre",
        "label": "Cloud-pruned tree overlooking Lake Lugano",
        "description": "A Niwaki-style Japanese cypress tree in Parco Ciani, positioned in front of a view of Lake Lugano and Monte San Salvatore.",
        "photo_path": "foto/montebre/3408469977310969509_01.jpg",
        "cluster_size": 15
      }
    },
    {
      "type": "Feature",
      "geometry": {
        "type": "Point",
        "coordinates": [
          8.986838298163413,
          46.00714976707789
        ]
      },
      "properties": {
        "cluster_id": 22,
        "location": "montebre",
        "label": "Cloud-pruned tree overlooking Lake Lugano",
        "description": "A Niwaki-style Japanese cypress tree in Parco Ciani, positioned in front of a view of Lake Lugano and Monte San Salvatore.",
        "photo_path": "foto/montebre/3612224241920259432_01.jpg",
        "cluster_size": 15
      }
    },
    {
      "type": "Feature",
      "geometry": {
        "type": "Point",
        "coordinates": [
          8.986590115302953,
          46.00689756056981
        ]
      },
      "properties": {
        "cluster_id": 22,
        "location": "montebre",
        "label": "Cloud-pruned tree overlooking Lake Lugano",
        "description": "A Niwaki-style Japanese cypress tree in Parco Ciani, positioned in front of a view of Lake Lugano and Monte San Salvatore.",
        "photo_path": "foto/montebre/3244849124400592213_01.jpg",
        "cluster_size": 15
      }
    },
    {
      "type": "Feature",
      "geometry": {
        "type": "Point",
        "coordinates": [
          8.986987903185646,
          46.00716621702896
        ]
      },
      "properties": {
        "cluster_id": 22,
        "location": "montebre",
        "label": "Cloud-pruned tree overlooking Lake Lugano",
        "description": "A Niwaki-style Japanese cypress tree in Parco Ciani, positioned in front of a view of Lake Lugano and Monte San Salvatore.",
        "photo_path": "foto/montebre/3694011694565228593_01.jpg",
        "cluster_size": 15
      }
    },
    {
      "type": "Feature",
      "geometry": {
        "type": "Point",
        "coordinates": [
          8.98662665251415,
          46.0071123106728
        ]
      },
      "properties": {
        "cluster_id": 22,
        "location": "montebre",
        "label": "Cloud-pruned tree overlooking Lake Lugano",
        "description": "A Niwaki-style Japanese cypress tree in Parco Ciani, positioned in front of a view of Lake Lugano and Monte San Salvatore.",
        "photo_path": "foto/montebre/3280991321836327319_01.jpg",
        "cluster_size": 15
      }
    },
    {
      "type": "Feature",
      "geometry": {
        "type": "Point",
        "coordinates": [
          8.986899374472284,
          46.00709396020895
        ]
      },
      "properties": {
        "cluster_id": 22,
        "location": "montebre",
        "label": "Cloud-pruned tree overlooking Lake Lugano",
        "description": "A Niwaki-style Japanese cypress tree in Parco Ciani, positioned in front of a view of Lake Lugano and Monte San Salvatore.",
        "photo_path": "foto/montebre/3139684671418443046_01.jpg",
        "cluster_size": 15
      }
    },
    {
      "type": "Feature",
      "geometry": {
        "type": "Point",
        "coordinates": [
          8.986617420020035,
          46.007052242394714
        ]
      },
      "properties": {
        "cluster_id": 22,
        "location": "montebre",
        "label": "Cloud-pruned tree overlooking Lake Lugano",
        "description": "A Niwaki-style Japanese cypress tree in Parco Ciani, positioned in front of a view of Lake Lugano and Monte San Salvatore.",
        "photo_path": "foto/montebre/3411881086013351714_01.jpg",
        "cluster_size": 15
      }
    },
    {
      "type": "Feature",
      "geometry": {
        "type": "Point",
        "coordinates": [
          8.986597430078339,
          46.007066946958396
        ]
      },
      "properties": {
        "cluster_id": 22,
        "location": "montebre",
        "label": "Cloud-pruned tree overlooking Lake Lugano",
        "description": "A Niwaki-style Japanese cypress tree in Parco Ciani, positioned in front of a view of Lake Lugano and Monte San Salvatore.",
        "photo_path": "foto/montebre/3665597586648440938_01.jpg",
        "cluster_size": 15
      }
    },
    {
      "type": "Feature",
      "geometry": {
        "type": "Point",
        "coordinates": [
          8.986931771243393,
          46.007121488745625
        ]
      },
      "properties": {
        "cluster_id": 22,
        "location": "montebre",
        "label": "Cloud-pruned tree overlooking Lake Lugano",
        "description": "A Niwaki-style Japanese cypress tree in Parco Ciani, positioned in front of a view of Lake Lugano and Monte San Salvatore.",
        "photo_path": "foto/montebre/3408469977310969509_01.jpg",
        "cluster_size": 15
      }
    },
    {
      "type": "Feature",
      "geometry": {
        "type": "Point",
        "coordinates": [
          8.986688339384479,
          46.00713954360663
        ]
      },
      "properties": {
        "cluster_id": 22,
        "location": "montebre",
        "label": "Cloud-pruned tree overlooking Lake Lugano",
        "description": "A Niwaki-style Japanese cypress tree in Parco Ciani, positioned in front of a view of Lake Lugano and Monte San Salvatore.",
        "photo_path": "foto/montebre/3612224241920259432_01.jpg",
        "cluster_size": 15
      }
    },
    {
      "type": "Feature",
      "geometry": {
        "type": "Point",
        "coordinates": [
          8.986518337184743,
          46.0070841480623
        ]
      },
      "properties": {
        "cluster_id": 22,
        "location": "montebre",
        "label": "Cloud-pruned tree overlooking Lake Lugano",
        "description": "A Niwaki-style Japanese cypress tree in Parco Ciani, positioned in front of a view of Lake Lugano and Monte San Salvatore.",
        "photo_path": "foto/montebre/3244849124400592213_01.jpg",
        "cluster_size": 15
      }
    },
    {
      "type": "Feature",
      "geometry": {
        "type": "Point",
        "coordinates": [
          8.986710972365406,
          46.00718999680519
        ]
      },
      "properties": {
        "cluster_id": 22,
        "location": "montebre",
        "label": "Cloud-pruned tree overlooking Lake Lugano",
        "description": "A Niwaki-style Japanese cypress tree in Parco Ciani, positioned in front of a view of Lake Lugano and Monte San Salvatore.",
        "photo_path": "foto/montebre/3694011694565228593_01.jpg",
        "cluster_size": 15
      }
    },
    {
      "type": "Feature",
      "geometry": {
        "type": "Point",
        "coordinates": [
          8.98711647900231,
          46.00702134051839
        ]
      },
      "properties": {
        "cluster_id": 12,
        "location": "montebre",
        "label": "Villa Ciani in Lugano",
        "description": "A neoclassical peach-colored villa featuring a distinctive green-domed cupola, situated within the manicured gardens of Parco Ciani.",
        "photo_path": "foto/montebre/3331041712267373582_01.jpg",
        "cluster_size": 13
      }
    },
    {
      "type": "Feature",
      "geometry": {
        "type": "Point",
        "coordinates": [
          8.986604865974957,
          46.0070645146465
        ]
      },
      "properties": {
        "cluster_id": 12,
        "location": "montebre",
        "label": "Villa Ciani in Lugano",
        "description": "A neoclassical peach-colored villa featuring a distinctive green-domed cupola, situated within the manicured gardens of Parco Ciani.",
        "photo_path": "foto/montebre/3432084782714034658_01.jpg",
        "cluster_size": 13
      }
    },
    {
      "type": "Feature",
      "geometry": {
        "type": "Point",
        "coordinates": [
          8.986851307259073,
          46.00699918937582
        ]
      },
      "properties": {
        "cluster_id": 12,
        "location": "montebre",
        "label": "Villa Ciani in Lugano",
        "description": "A neoclassical peach-colored villa featuring a distinctive green-domed cupola, situated within the manicured gardens of Parco Ciani.",
        "photo_path": "foto/montebre/3188968785644351915_01.jpg",
        "cluster_size": 13
      }
    },
    {
      "type": "Feature",
      "geometry": {
        "type": "Point",
        "coordinates": [
          8.9865158356374,
          46.00704780451156
        ]
      },
      "properties": {
        "cluster_id": 12,
        "location": "montebre",
        "label": "Villa Ciani in Lugano",
        "description": "A neoclassical peach-colored villa featuring a distinctive green-domed cupola, situated within the manicured gardens of Parco Ciani.",
        "photo_path": "foto/montebre/3556047113524719498_01.jpg",
        "cluster_size": 13
      }
    },
    {
      "type": "Feature",
      "geometry": {
        "type": "Point",
        "coordinates": [
          8.98661571413125,
          46.0071204133876
        ]
      },
      "properties": {
        "cluster_id": 12,
        "location": "montebre",
        "label": "Villa Ciani in Lugano",
        "description": "A neoclassical peach-colored villa featuring a distinctive green-domed cupola, situated within the manicured gardens of Parco Ciani.",
        "photo_path": "foto/montebre/3683901254165227127_01.jpg",
        "cluster_size": 13
      }
    },
    {
      "type": "Feature",
      "geometry": {
        "type": "Point",
        "coordinates": [
          8.98684243678385,
          46.007206365535495
        ]
      },
      "properties": {
        "cluster_id": 12,
        "location": "montebre",
        "label": "Villa Ciani in Lugano",
        "description": "A neoclassical peach-colored villa featuring a distinctive green-domed cupola, situated within the manicured gardens of Parco Ciani.",
        "photo_path": "foto/montebre/3699156068298001429_01.jpg",
        "cluster_size": 13
      }
    },
    {
      "type": "Feature",
      "geometry": {
        "type": "Point",
        "coordinates": [
          8.986868500317616,
          46.00699730070019
        ]
      },
      "properties": {
        "cluster_id": 12,
        "location": "montebre",
        "label": "Villa Ciani in Lugano",
        "description": "A neoclassical peach-colored villa featuring a distinctive green-domed cupola, situated within the manicured gardens of Parco Ciani.",
        "photo_path": "foto/montebre/3683276848305856038_01.jpg",
        "cluster_size": 13
      }
    },
    {
      "type": "Feature",
      "geometry": {
        "type": "Point",
        "coordinates": [
          8.986812961618512,
          46.00704371307913
        ]
      },
      "properties": {
        "cluster_id": 12,
        "location": "montebre",
        "label": "Villa Ciani in Lugano",
        "description": "A neoclassical peach-colored villa featuring a distinctive green-domed cupola, situated within the manicured gardens of Parco Ciani.",
        "photo_path": "foto/montebre/3440082837686609778_01.jpg",
        "cluster_size": 13
      }
    },
    {
      "type": "Feature",
      "geometry": {
        "type": "Point",
        "coordinates": [
          8.98659260178262,
          46.00708126959325
        ]
      },
      "properties": {
        "cluster_id": 12,
        "location": "montebre",
        "label": "Villa Ciani in Lugano",
        "description": "A neoclassical peach-colored villa featuring a distinctive green-domed cupola, situated within the manicured gardens of Parco Ciani.",
        "photo_path": "foto/montebre/3331041712267373582_01.jpg",
        "cluster_size": 13
      }
    },
    {
      "type": "Feature",
      "geometry": {
        "type": "Point",
        "coordinates": [
          8.986835940979741,
          46.0069796225077
        ]
      },
      "properties": {
        "cluster_id": 12,
        "location": "montebre",
        "label": "Villa Ciani in Lugano",
        "description": "A neoclassical peach-colored villa featuring a distinctive green-domed cupola, situated within the manicured gardens of Parco Ciani.",
        "photo_path": "foto/montebre/3432084782714034658_01.jpg",
        "cluster_size": 13
      }
    },
    {
      "type": "Feature",
      "geometry": {
        "type": "Point",
        "coordinates": [
          8.986650016509879,
          46.007007440030236
        ]
      },
      "properties": {
        "cluster_id": 12,
        "location": "montebre",
        "label": "Villa Ciani in Lugano",
        "description": "A neoclassical peach-colored villa featuring a distinctive green-domed cupola, situated within the manicured gardens of Parco Ciani.",
        "photo_path": "foto/montebre/3188968785644351915_01.jpg",
        "cluster_size": 13
      }
    },
    {
      "type": "Feature",
      "geometry": {
        "type": "Point",
        "coordinates": [
          8.98675730205853,
          46.00695155289085
        ]
      },
      "properties": {
        "cluster_id": 12,
        "location": "montebre",
        "label": "Villa Ciani in Lugano",
        "description": "A neoclassical peach-colored villa featuring a distinctive green-domed cupola, situated within the manicured gardens of Parco Ciani.",
        "photo_path": "foto/montebre/3556047113524719498_01.jpg",
        "cluster_size": 13
      }
    },
    {
      "type": "Feature",
      "geometry": {
        "type": "Point",
        "coordinates": [
          8.98656391748258,
          46.007223413025855
        ]
      },
      "properties": {
        "cluster_id": 12,
        "location": "montebre",
        "label": "Villa Ciani in Lugano",
        "description": "A neoclassical peach-colored villa featuring a distinctive green-domed cupola, situated within the manicured gardens of Parco Ciani.",
        "photo_path": "foto/montebre/3683901254165227127_01.jpg",
        "cluster_size": 13
      }
    },
    {
      "type": "Feature",
      "geometry": {
        "type": "Point",
        "coordinates": [
          8.986885516160411,
          46.00696458196296
        ]
      },
      "properties": {
        "cluster_id": 16,
        "location": "montebre",
        "label": "Digital Nomad metal sculpture",
        "description": "A contemporary sculpture in Parco Ciani depicting a person sitting cross-legged while using a laptop, constructed from layered metal plates.",
        "photo_path": "foto/montebre/3487563064231425770_01.jpg",
        "cluster_size": 13
      }
    },
    {
      "type": "Feature",
      "geometry": {
        "type": "Point",
        "coordinates": [
          8.986761033587591,
          46.006955225129815
        ]
      },
      "properties": {
        "cluster_id": 16,
        "location": "montebre",
        "label": "Digital Nomad metal sculpture",
        "description": "A contemporary sculpture in Parco Ciani depicting a person sitting cross-legged while using a laptop, constructed from layered metal plates.",
        "photo_path": "foto/montebre/3578815851970988992_01.jpg",
        "cluster_size": 13
      }
    },
    {
      "type": "Feature",
      "geometry": {
        "type": "Point",
        "coordinates": [
          8.986757912642107,
          46.00686668890126
        ]
      },
      "properties": {
        "cluster_id": 16,
        "location": "montebre",
        "label": "Digital Nomad metal sculpture",
        "description": "A contemporary sculpture in Parco Ciani depicting a person sitting cross-legged while using a laptop, constructed from layered metal plates.",
        "photo_path": "foto/montebre/3821703853247354291_01.jpg",
        "cluster_size": 13
      }
    },
    {
      "type": "Feature",
      "geometry": {
        "type": "Point",
        "coordinates": [
          8.986830204694254,
          46.00694554018623
        ]
      },
      "properties": {
        "cluster_id": 16,
        "location": "montebre",
        "label": "Digital Nomad metal sculpture",
        "description": "A contemporary sculpture in Parco Ciani depicting a person sitting cross-legged while using a laptop, constructed from layered metal plates.",
        "photo_path": "foto/montebre/3664277646140787478_01.jpg",
        "cluster_size": 13
      }
    },
    {
      "type": "Feature",
      "geometry": {
        "type": "Point",
        "coordinates": [
          8.987038205524348,
          46.00706937174628
        ]
      },
      "properties": {
        "cluster_id": 16,
        "location": "montebre",
        "label": "Digital Nomad metal sculpture",
        "description": "A contemporary sculpture in Parco Ciani depicting a person sitting cross-legged while using a laptop, constructed from layered metal plates.",
        "photo_path": "foto/montebre/3591877206683761897_01.jpg",
        "cluster_size": 13
      }
    },
    {
      "type": "Feature",
      "geometry": {
        "type": "Point",
        "coordinates": [
          8.986744618041689,
          46.007014619234724
        ]
      },
      "properties": {
        "cluster_id": 16,
        "location": "montebre",
        "label": "Digital Nomad metal sculpture",
        "description": "A contemporary sculpture in Parco Ciani depicting a person sitting cross-legged while using a laptop, constructed from layered metal plates.",
        "photo_path": "foto/montebre/3598225267425209964_01.jpg",
        "cluster_size": 13
      }
    },
    {
      "type": "Feature",
      "geometry": {
        "type": "Point",
        "coordinates": [
          8.986656563531373,
          46.00697991212917
        ]
      },
      "properties": {
        "cluster_id": 16,
        "location": "montebre",
        "label": "Digital Nomad metal sculpture",
        "description": "A contemporary sculpture in Parco Ciani depicting a person sitting cross-legged while using a laptop, constructed from layered metal plates.",
        "photo_path": "foto/montebre/3706045149698590689_01.jpg",
        "cluster_size": 13
      }
    },
    {
      "type": "Feature",
      "geometry": {
        "type": "Point",
        "coordinates": [
          8.986664055046202,
          46.00699289406988
        ]
      },
      "properties": {
        "cluster_id": 16,
        "location": "montebre",
        "label": "Digital Nomad metal sculpture",
        "description": "A contemporary sculpture in Parco Ciani depicting a person sitting cross-legged while using a laptop, constructed from layered metal plates.",
        "photo_path": "foto/montebre/3497429820155133473_01.jpg",
        "cluster_size": 13
      }
    },
    {
      "type": "Feature",
      "geometry": {
        "type": "Point",
        "coordinates": [
          8.986873244521947,
          46.00697757669445
        ]
      },
      "properties": {
        "cluster_id": 16,
        "location": "montebre",
        "label": "Digital Nomad metal sculpture",
        "description": "A contemporary sculpture in Parco Ciani depicting a person sitting cross-legged while using a laptop, constructed from layered metal plates.",
        "photo_path": "foto/montebre/3487563064231425770_01.jpg",
        "cluster_size": 13
      }
    },
    {
      "type": "Feature",
      "geometry": {
        "type": "Point",
        "coordinates": [
          8.986850196187538,
          46.00687172051954
        ]
      },
      "properties": {
        "cluster_id": 16,
        "location": "montebre",
        "label": "Digital Nomad metal sculpture",
        "description": "A contemporary sculpture in Parco Ciani depicting a person sitting cross-legged while using a laptop, constructed from layered metal plates.",
        "photo_path": "foto/montebre/3578815851970988992_01.jpg",
        "cluster_size": 13
      }
    },
    {
      "type": "Feature",
      "geometry": {
        "type": "Point",
        "coordinates": [
          8.986687053308511,
          46.007081059045
        ]
      },
      "properties": {
        "cluster_id": 16,
        "location": "montebre",
        "label": "Digital Nomad metal sculpture",
        "description": "A contemporary sculpture in Parco Ciani depicting a person sitting cross-legged while using a laptop, constructed from layered metal plates.",
        "photo_path": "foto/montebre/3821703853247354291_01.jpg",
        "cluster_size": 13
      }
    },
    {
      "type": "Feature",
      "geometry": {
        "type": "Point",
        "coordinates": [
          8.986623537290827,
          46.00677124193092
        ]
      },
      "properties": {
        "cluster_id": 16,
        "location": "montebre",
        "label": "Digital Nomad metal sculpture",
        "description": "A contemporary sculpture in Parco Ciani depicting a person sitting cross-legged while using a laptop, constructed from layered metal plates.",
        "photo_path": "foto/montebre/3664277646140787478_01.jpg",
        "cluster_size": 13
      }
    },
    {
      "type": "Feature",
      "geometry": {
        "type": "Point",
        "coordinates": [
          8.986699399835675,
          46.00707924638547
        ]
      },
      "properties": {
        "cluster_id": 16,
        "location": "montebre",
        "label": "Digital Nomad metal sculpture",
        "description": "A contemporary sculpture in Parco Ciani depicting a person sitting cross-legged while using a laptop, constructed from layered metal plates.",
        "photo_path": "foto/montebre/3591877206683761897_01.jpg",
        "cluster_size": 13
      }
    },
    {
      "type": "Feature",
      "geometry": {
        "type": "Point",
        "coordinates": [
          8.986655602906586,
          46.00679953540606
        ]
      },
      "properties": {
        "cluster_id": 5,
        "location": "montebre",
        "label": "Event posters for Parco Ciani",
        "description": "Graphic promotional materials and posters for various cultural events, festivals, and community activities hosted within Parco Ciani in Lugano.",
        "photo_path": "foto/montebre/3149506616726276893_01.jpg",
        "cluster_size": 11
      }
    },
    {
      "type": "Feature",
      "geometry": {
        "type": "Point",
        "coordinates": [
          8.986791972809508,
          46.00696529416811
        ]
      },
      "properties": {
        "cluster_id": 5,
        "location": "montebre",
        "label": "Event posters for Parco Ciani",
        "description": "Graphic promotional materials and posters for various cultural events, festivals, and community activities hosted within Parco Ciani in Lugano.",
        "photo_path": "foto/montebre/3175732976363406934_01.jpg",
        "cluster_size": 11
      }
    },
    {
      "type": "Feature",
      "geometry": {
        "type": "Point",
        "coordinates": [
          8.986673493677573,
          46.00686803721985
        ]
      },
      "properties": {
        "cluster_id": 5,
        "location": "montebre",
        "label": "Event posters for Parco Ciani",
        "description": "Graphic promotional materials and posters for various cultural events, festivals, and community activities hosted within Parco Ciani in Lugano.",
        "photo_path": "foto/montebre/3143002584876602285_01.jpg",
        "cluster_size": 11
      }
    },
    {
      "type": "Feature",
      "geometry": {
        "type": "Point",
        "coordinates": [
          8.986601439881863,
          46.00685426910725
        ]
      },
      "properties": {
        "cluster_id": 5,
        "location": "montebre",
        "label": "Event posters for Parco Ciani",
        "description": "Graphic promotional materials and posters for various cultural events, festivals, and community activities hosted within Parco Ciani in Lugano.",
        "photo_path": "foto/montebre/3438078663540877029_01.jpg",
        "cluster_size": 11
      }
    },
    {
      "type": "Feature",
      "geometry": {
        "type": "Point",
        "coordinates": [
          8.986679265384025,
          46.00703509197559
        ]
      },
      "properties": {
        "cluster_id": 5,
        "location": "montebre",
        "label": "Event posters for Parco Ciani",
        "description": "Graphic promotional materials and posters for various cultural events, festivals, and community activities hosted within Parco Ciani in Lugano.",
        "photo_path": "foto/montebre/3602564042271923096_01.jpg",
        "cluster_size": 11
      }
    },
    {
      "type": "Feature",
      "geometry": {
        "type": "Point",
        "coordinates": [
          8.9869183661958,
          46.00699921655499
        ]
      },
      "properties": {
        "cluster_id": 5,
        "location": "montebre",
        "label": "Event posters for Parco Ciani",
        "description": "Graphic promotional materials and posters for various cultural events, festivals, and community activities hosted within Parco Ciani in Lugano.",
        "photo_path": "foto/montebre/3187185817213577131_01.jpg",
        "cluster_size": 11
      }
    },
    {
      "type": "Feature",
      "geometry": {
        "type": "Point",
        "coordinates": [
          8.986665090311549,
          46.006979500552944
        ]
      },
      "properties": {
        "cluster_id": 5,
        "location": "montebre",
        "label": "Event posters for Parco Ciani",
        "description": "Graphic promotional materials and posters for various cultural events, festivals, and community activities hosted within Parco Ciani in Lugano.",
        "photo_path": "foto/montebre/3184625458242485223_01.jpg",
        "cluster_size": 11
      }
    },
    {
      "type": "Feature",
      "geometry": {
        "type": "Point",
        "coordinates": [
          8.986717929131403,
          46.0069259347144
        ]
      },
      "properties": {
        "cluster_id": 5,
        "location": "montebre",
        "label": "Event posters for Parco Ciani",
        "description": "Graphic promotional materials and posters for various cultural events, festivals, and community activities hosted within Parco Ciani in Lugano.",
        "photo_path": "foto/montebre/3587300815069916176_01.jpg",
        "cluster_size": 11
      }
    },
    {
      "type": "Feature",
      "geometry": {
        "type": "Point",
        "coordinates": [
          8.986763133137584,
          46.006808148052144
        ]
      },
      "properties": {
        "cluster_id": 5,
        "location": "montebre",
        "label": "Event posters for Parco Ciani",
        "description": "Graphic promotional materials and posters for various cultural events, festivals, and community activities hosted within Parco Ciani in Lugano.",
        "photo_path": "foto/montebre/3149506616726276893_01.jpg",
        "cluster_size": 11
      }
    },
    {
      "type": "Feature",
      "geometry": {
        "type": "Point",
        "coordinates": [
          8.986875096930868,
          46.00678334283319
        ]
      },
      "properties": {
        "cluster_id": 5,
        "location": "montebre",
        "label": "Event posters for Parco Ciani",
        "description": "Graphic promotional materials and posters for various cultural events, festivals, and community activities hosted within Parco Ciani in Lugano.",
        "photo_path": "foto/montebre/3175732976363406934_01.jpg",
        "cluster_size": 11
      }
    },
    {
      "type": "Feature",
      "geometry": {
        "type": "Point",
        "coordinates": [
          8.986747155405416,
          46.006847705220025
        ]
      },
      "properties": {
        "cluster_id": 5,
        "location": "montebre",
        "label": "Event posters for Parco Ciani",
        "description": "Graphic promotional materials and posters for various cultural events, festivals, and community activities hosted within Parco Ciani in Lugano.",
        "photo_path": "foto/montebre/3143002584876602285_01.jpg",
        "cluster_size": 11
      }
    },
    {
      "type": "Feature",
      "geometry": {
        "type": "Point",
        "coordinates": [
          8.986723717573035,
          46.00684918585418
        ]
      },
      "properties": {
        "cluster_id": 11,
        "location": "montebre",
        "label": "Monte San Salvatore above fog",
        "description": "The photos depict the iconic peak of Monte San Salvatore rising above a dense sea of clouds in the Lugano region.",
        "photo_path": "foto/montebre/3576616937757874459_01.jpg",
        "cluster_size": 10
      }
    },
    {
      "type": "Feature",
      "geometry": {
        "type": "Point",
        "coordinates": [
          8.986695704751725,
          46.00687651972174
        ]
      },
      "properties": {
        "cluster_id": 11,
        "location": "montebre",
        "label": "Monte San Salvatore above fog",
        "description": "The photos depict the iconic peak of Monte San Salvatore rising above a dense sea of clouds in the Lugano region.",
        "photo_path": "foto/montebre/3576618344141632239_01.jpg",
        "cluster_size": 10
      }
    },
    {
      "type": "Feature",
      "geometry": {
        "type": "Point",
        "coordinates": [
          8.9865827350953,
          46.006902159676336
        ]
      },
      "properties": {
        "cluster_id": 11,
        "location": "montebre",
        "label": "Monte San Salvatore above fog",
        "description": "The photos depict the iconic peak of Monte San Salvatore rising above a dense sea of clouds in the Lugano region.",
        "photo_path": "foto/montebre/3791941866028299635_01.jpg",
        "cluster_size": 10
      }
    },
    {
      "type": "Feature",
      "geometry": {
        "type": "Point",
        "coordinates": [
          8.987008754173802,
          46.00683504997202
        ]
      },
      "properties": {
        "cluster_id": 11,
        "location": "montebre",
        "label": "Monte San Salvatore above fog",
        "description": "The photos depict the iconic peak of Monte San Salvatore rising above a dense sea of clouds in the Lugano region.",
        "photo_path": "foto/montebre/3009710343802396212_01.jpg",
        "cluster_size": 10
      }
    },
    {
      "type": "Feature",
      "geometry": {
        "type": "Point",
        "coordinates": [
          8.986669398306686,
          46.00673354448516
        ]
      },
      "properties": {
        "cluster_id": 11,
        "location": "montebre",
        "label": "Monte San Salvatore above fog",
        "description": "The photos depict the iconic peak of Monte San Salvatore rising above a dense sea of clouds in the Lugano region.",
        "photo_path": "foto/montebre/3576616046896246344_01.jpg",
        "cluster_size": 10
      }
    },
    {
      "type": "Feature",
      "geometry": {
        "type": "Point",
        "coordinates": [
          8.986780584823183,
          46.00686996242879
        ]
      },
      "properties": {
        "cluster_id": 11,
        "location": "montebre",
        "label": "Monte San Salvatore above fog",
        "description": "The photos depict the iconic peak of Monte San Salvatore rising above a dense sea of clouds in the Lugano region.",
        "photo_path": "foto/montebre/3791942277036549244_01.jpg",
        "cluster_size": 10
      }
    },
    {
      "type": "Feature",
      "geometry": {
        "type": "Point",
        "coordinates": [
          8.986820737472165,
          46.00685525272154
        ]
      },
      "properties": {
        "cluster_id": 11,
        "location": "montebre",
        "label": "Monte San Salvatore above fog",
        "description": "The photos depict the iconic peak of Monte San Salvatore rising above a dense sea of clouds in the Lugano region.",
        "photo_path": "foto/montebre/3791941419972475331_01.jpg",
        "cluster_size": 10
      }
    },
    {
      "type": "Feature",
      "geometry": {
        "type": "Point",
        "coordinates": [
          8.98690121162822,
          46.00688084653859
        ]
      },
      "properties": {
        "cluster_id": 11,
        "location": "montebre",
        "label": "Monte San Salvatore above fog",
        "description": "The photos depict the iconic peak of Monte San Salvatore rising above a dense sea of clouds in the Lugano region.",
        "photo_path": "foto/montebre/3010477219197641490_01.jpg",
        "cluster_size": 10
      }
    },
    {
      "type": "Feature",
      "geometry": {
        "type": "Point",
        "coordinates": [
          8.986726006249937,
          46.006860585024036
        ]
      },
      "properties": {
        "cluster_id": 11,
        "location": "montebre",
        "label": "Monte San Salvatore above fog",
        "description": "The photos depict the iconic peak of Monte San Salvatore rising above a dense sea of clouds in the Lugano region.",
        "photo_path": "foto/montebre/3576616937757874459_01.jpg",
        "cluster_size": 10
      }
    },
    {
      "type": "Feature",
      "geometry": {
        "type": "Point",
        "coordinates": [
          8.987003690168706,
          46.00688425664964
        ]
      },
      "properties": {
        "cluster_id": 11,
        "location": "montebre",
        "label": "Monte San Salvatore above fog",
        "description": "The photos depict the iconic peak of Monte San Salvatore rising above a dense sea of clouds in the Lugano region.",
        "photo_path": "foto/montebre/3576618344141632239_01.jpg",
        "cluster_size": 10
      }
    },
    {
      "type": "Feature",
      "geometry": {
        "type": "Point",
        "coordinates": [
          8.986682386313563,
          46.006756897041
        ]
      },
      "properties": {
        "cluster_id": 10,
        "location": "montebre",
        "label": "Festival Info Point shipping container",
        "description": "A red shipping container repurposed as an information booth for the LongLake Festival in Parco Ciani. It is surrounded by lawn areas with blue deckchairs, umbrellas, and string lights.",
        "photo_path": "foto/montebre/3148016943793358636_01.jpg",
        "cluster_size": 9
      }
    },
    {
      "type": "Feature",
      "geometry": {
        "type": "Point",
        "coordinates": [
          8.986793160596605,
          46.0068685830244
        ]
      },
      "properties": {
        "cluster_id": 10,
        "location": "montebre",
        "label": "Festival Info Point shipping container",
        "description": "A red shipping container repurposed as an information booth for the LongLake Festival in Parco Ciani. It is surrounded by lawn areas with blue deckchairs, umbrellas, and string lights.",
        "photo_path": "foto/montebre/3148876201216797359_01.jpg",
        "cluster_size": 9
      }
    },
    {
      "type": "Feature",
      "geometry": {
        "type": "Point",
        "coordinates": [
          8.986918674732548,
          46.00657311003203
        ]
      },
      "properties": {
        "cluster_id": 10,
        "location": "montebre",
        "label": "Festival Info Point shipping container",
        "description": "A red shipping container repurposed as an information booth for the LongLake Festival in Parco Ciani. It is surrounded by lawn areas with blue deckchairs, umbrellas, and string lights.",
        "photo_path": "foto/montebre/3152654072032999599_01.jpg",
        "cluster_size": 9
      }
    },
    {
      "type": "Feature",
      "geometry": {
        "type": "Point",
        "coordinates": [
          8.98679703156176,
          46.00672061826266
        ]
      },
      "properties": {
        "cluster_id": 10,
        "location": "montebre",
        "label": "Festival Info Point shipping container",
        "description": "A red shipping container repurposed as an information booth for the LongLake Festival in Parco Ciani. It is surrounded by lawn areas with blue deckchairs, umbrellas, and string lights.",
        "photo_path": "foto/montebre/3149492921711319770_01.jpg",
        "cluster_size": 9
      }
    },
    {
      "type": "Feature",
      "geometry": {
        "type": "Point",
        "coordinates": [
          8.98683347866432,
          46.006798754165054
        ]
      },
      "properties": {
        "cluster_id": 10,
        "location": "montebre",
        "label": "Festival Info Point shipping container",
        "description": "A red shipping container repurposed as an information booth for the LongLake Festival in Parco Ciani. It is surrounded by lawn areas with blue deckchairs, umbrellas, and string lights.",
        "photo_path": "foto/montebre/3152505358245087535_01.jpg",
        "cluster_size": 9
      }
    },
    {
      "type": "Feature",
      "geometry": {
        "type": "Point",
        "coordinates": [
          8.986752294672204,
          46.006832760605285
        ]
      },
      "properties": {
        "cluster_id": 10,
        "location": "montebre",
        "label": "Festival Info Point shipping container",
        "description": "A red shipping container repurposed as an information booth for the LongLake Festival in Parco Ciani. It is surrounded by lawn areas with blue deckchairs, umbrellas, and string lights.",
        "photo_path": "foto/montebre/3152511019817232019_01.jpg",
        "cluster_size": 9
      }
    },
    {
      "type": "Feature",
      "geometry": {
        "type": "Point",
        "coordinates": [
          8.986775112251989,
          46.006815071774746
        ]
      },
      "properties": {
        "cluster_id": 10,
        "location": "montebre",
        "label": "Festival Info Point shipping container",
        "description": "A red shipping container repurposed as an information booth for the LongLake Festival in Parco Ciani. It is surrounded by lawn areas with blue deckchairs, umbrellas, and string lights.",
        "photo_path": "foto/montebre/3174136313580479564_01.jpg",
        "cluster_size": 9
      }
    },
    {
      "type": "Feature",
      "geometry": {
        "type": "Point",
        "coordinates": [
          8.986888579675677,
          46.00683540552995
        ]
      },
      "properties": {
        "cluster_id": 10,
        "location": "montebre",
        "label": "Festival Info Point shipping container",
        "description": "A red shipping container repurposed as an information booth for the LongLake Festival in Parco Ciani. It is surrounded by lawn areas with blue deckchairs, umbrellas, and string lights.",
        "photo_path": "foto/montebre/3151666513618284339_01.jpg",
        "cluster_size": 9
      }
    },
    {
      "type": "Feature",
      "geometry": {
        "type": "Point",
        "coordinates": [
          8.986949613583008,
          46.006684572270224
        ]
      },
      "properties": {
        "cluster_id": 10,
        "location": "montebre",
        "label": "Festival Info Point shipping container",
        "description": "A red shipping container repurposed as an information booth for the LongLake Festival in Parco Ciani. It is surrounded by lawn areas with blue deckchairs, umbrellas, and string lights.",
        "photo_path": "foto/montebre/3148016943793358636_01.jpg",
        "cluster_size": 9
      }
    },
    {
      "type": "Feature",
      "geometry": {
        "type": "Point",
        "coordinates": [
          8.98697706304928,
          46.006680266889205
        ]
      },
      "properties": {
        "cluster_id": 9,
        "location": "montebre",
        "label": "Historic alleys of Gandria",
        "description": "Picturesque cobblestone streets and traditional stone masonry buildings in the village of Gandria, featuring a notable bronze statue of a woman.",
        "photo_path": "foto/montebre/3078798470919637724_01.jpg",
        "cluster_size": 7
      }
    },
    {
      "type": "Feature",
      "geometry": {
        "type": "Point",
        "coordinates": [
          8.987110659846131,
          46.006761640831414
        ]
      },
      "properties": {
        "cluster_id": 9,
        "location": "montebre",
        "label": "Historic alleys of Gandria",
        "description": "Picturesque cobblestone streets and traditional stone masonry buildings in the village of Gandria, featuring a notable bronze statue of a woman.",
        "photo_path": "foto/montebre/3235885376481192987_01.jpg",
        "cluster_size": 7
      }
    },
    {
      "type": "Feature",
      "geometry": {
        "type": "Point",
        "coordinates": [
          8.986826963394671,
          46.006708419813776
        ]
      },
      "properties": {
        "cluster_id": 9,
        "location": "montebre",
        "label": "Historic alleys of Gandria",
        "description": "Picturesque cobblestone streets and traditional stone masonry buildings in the village of Gandria, featuring a notable bronze statue of a woman.",
        "photo_path": "foto/montebre/3191142649057372986_01.jpg",
        "cluster_size": 7
      }
    },
    {
      "type": "Feature",
      "geometry": {
        "type": "Point",
        "coordinates": [
          8.986832946893697,
          46.00672680237022
        ]
      },
      "properties": {
        "cluster_id": 9,
        "location": "montebre",
        "label": "Historic alleys of Gandria",
        "description": "Picturesque cobblestone streets and traditional stone masonry buildings in the village of Gandria, featuring a notable bronze statue of a woman.",
        "photo_path": "foto/montebre/3067761401325534919_01.jpg",
        "cluster_size": 7
      }
    },
    {
      "type": "Feature",
      "geometry": {
        "type": "Point",
        "coordinates": [
          8.986662647247988,
          46.006800618722274
        ]
      },
      "properties": {
        "cluster_id": 9,
        "location": "montebre",
        "label": "Historic alleys of Gandria",
        "description": "Picturesque cobblestone streets and traditional stone masonry buildings in the village of Gandria, featuring a notable bronze statue of a woman.",
        "photo_path": "foto/montebre/3604021473152388343_01.jpg",
        "cluster_size": 7
      }
    },
    {
      "type": "Feature",
      "geometry": {
        "type": "Point",
        "coordinates": [
          8.986733783088315,
          46.00663362554019
        ]
      },
      "properties": {
        "cluster_id": 9,
        "location": "montebre",
        "label": "Historic alleys of Gandria",
        "description": "Picturesque cobblestone streets and traditional stone masonry buildings in the village of Gandria, featuring a notable bronze statue of a woman.",
        "photo_path": "foto/montebre/3754835734730438974_01.jpg",
        "cluster_size": 7
      }
    },
    {
      "type": "Feature",
      "geometry": {
        "type": "Point",
        "coordinates": [
          8.987094115281655,
          46.006814165180835
        ]
      },
      "properties": {
        "cluster_id": 9,
        "location": "montebre",
        "label": "Historic alleys of Gandria",
        "description": "Picturesque cobblestone streets and traditional stone masonry buildings in the village of Gandria, featuring a notable bronze statue of a woman.",
        "photo_path": "foto/montebre/3235363472249768000_01.jpg",
        "cluster_size": 7
      }
    },
    {
      "type": "Feature",
      "geometry": {
        "type": "Point",
        "coordinates": [
          8.986921891153765,
          46.006695903985275
        ]
      },
      "properties": {
        "cluster_id": 0,
        "location": "montebre",
        "label": "Monte Br\u00e8 Funicular railway",
        "description": "A historic red cable railway in Lugano that ascends Monte Br\u00e8, featuring vintage-style carriages with wooden seating. It provides a scenic transport link between the city and panoramic viewpoints overlooking Lake Lugano.",
        "photo_path": "foto/montebre/3077354691776326443_01.jpg",
        "cluster_size": 7
      }
    },
    {
      "type": "Feature",
      "geometry": {
        "type": "Point",
        "coordinates": [
          8.987094469345154,
          46.006711624830466
        ]
      },
      "properties": {
        "cluster_id": 0,
        "location": "montebre",
        "label": "Monte Br\u00e8 Funicular railway",
        "description": "A historic red cable railway in Lugano that ascends Monte Br\u00e8, featuring vintage-style carriages with wooden seating. It provides a scenic transport link between the city and panoramic viewpoints overlooking Lake Lugano.",
        "photo_path": "foto/montebre/3709941812803948803_01.jpg",
        "cluster_size": 7
      }
    },
    {
      "type": "Feature",
      "geometry": {
        "type": "Point",
        "coordinates": [
          8.98697469962616,
          46.006621768497375
        ]
      },
      "properties": {
        "cluster_id": 0,
        "location": "montebre",
        "label": "Monte Br\u00e8 Funicular railway",
        "description": "A historic red cable railway in Lugano that ascends Monte Br\u00e8, featuring vintage-style carriages with wooden seating. It provides a scenic transport link between the city and panoramic viewpoints overlooking Lake Lugano.",
        "photo_path": "foto/montebre/3333663628027391295_01.jpg",
        "cluster_size": 7
      }
    },
    {
      "type": "Feature",
      "geometry": {
        "type": "Point",
        "coordinates": [
          8.987008772397454,
          46.0067931694671
        ]
      },
      "properties": {
        "cluster_id": 0,
        "location": "montebre",
        "label": "Monte Br\u00e8 Funicular railway",
        "description": "A historic red cable railway in Lugano that ascends Monte Br\u00e8, featuring vintage-style carriages with wooden seating. It provides a scenic transport link between the city and panoramic viewpoints overlooking Lake Lugano.",
        "photo_path": "foto/montebre/3738328141845530110_01.jpg",
        "cluster_size": 7
      }
    },
    {
      "type": "Feature",
      "geometry": {
        "type": "Point",
        "coordinates": [
          8.987073611051484,
          46.0067223932497
        ]
      },
      "properties": {
        "cluster_id": 0,
        "location": "montebre",
        "label": "Monte Br\u00e8 Funicular railway",
        "description": "A historic red cable railway in Lugano that ascends Monte Br\u00e8, featuring vintage-style carriages with wooden seating. It provides a scenic transport link between the city and panoramic viewpoints overlooking Lake Lugano.",
        "photo_path": "foto/montebre/3785253478378263895_01.jpg",
        "cluster_size": 7
      }
    },
    {
      "type": "Feature",
      "geometry": {
        "type": "Point",
        "coordinates": [
          8.987031699105561,
          46.00646177938397
        ]
      },
      "properties": {
        "cluster_id": 0,
        "location": "montebre",
        "label": "Monte Br\u00e8 Funicular railway",
        "description": "A historic red cable railway in Lugano that ascends Monte Br\u00e8, featuring vintage-style carriages with wooden seating. It provides a scenic transport link between the city and panoramic viewpoints overlooking Lake Lugano.",
        "photo_path": "foto/montebre/3174413249365148799_01.jpg",
        "cluster_size": 7
      }
    },
    {
      "type": "Feature",
      "geometry": {
        "type": "Point",
        "coordinates": [
          8.986706371231001,
          46.00664638808756
        ]
      },
      "properties": {
        "cluster_id": 0,
        "location": "montebre",
        "label": "Monte Br\u00e8 Funicular railway",
        "description": "A historic red cable railway in Lugano that ascends Monte Br\u00e8, featuring vintage-style carriages with wooden seating. It provides a scenic transport link between the city and panoramic viewpoints overlooking Lake Lugano.",
        "photo_path": "foto/montebre/3764073770877751842_01.jpg",
        "cluster_size": 7
      }
    },
    {
      "type": "Feature",
      "geometry": {
        "type": "Point",
        "coordinates": [
          8.987196986628101,
          46.00674664626972
        ]
      },
      "properties": {
        "cluster_id": 13,
        "location": "montebre",
        "label": "View of Monte Br\u00e8",
        "description": "The silhouette of Monte Br\u00e8 with residential buildings scattered across its slopes, viewed from Lugano under various lighting and cloud conditions.",
        "photo_path": "foto/montebre/3213182049468272156_01.jpg",
        "cluster_size": 7
      }
    },
    {
      "type": "Feature",
      "geometry": {
        "type": "Point",
        "coordinates": [
          8.987142415244675,
          46.00668820923241
        ]
      },
      "properties": {
        "cluster_id": 13,
        "location": "montebre",
        "label": "View of Monte Br\u00e8",
        "description": "The silhouette of Monte Br\u00e8 with residential buildings scattered across its slopes, viewed from Lugano under various lighting and cloud conditions.",
        "photo_path": "foto/montebre/3117927475661194673_01.jpg",
        "cluster_size": 7
      }
    },
    {
      "type": "Feature",
      "geometry": {
        "type": "Point",
        "coordinates": [
          8.987189368119886,
          46.006845842274984
        ]
      },
      "properties": {
        "cluster_id": 13,
        "location": "montebre",
        "label": "View of Monte Br\u00e8",
        "description": "The silhouette of Monte Br\u00e8 with residential buildings scattered across its slopes, viewed from Lugano under various lighting and cloud conditions.",
        "photo_path": "foto/montebre/3157857993919793303_01.jpg",
        "cluster_size": 7
      }
    },
    {
      "type": "Feature",
      "geometry": {
        "type": "Point",
        "coordinates": [
          8.987115083505678,
          46.006848336533665
        ]
      },
      "properties": {
        "cluster_id": 13,
        "location": "montebre",
        "label": "View of Monte Br\u00e8",
        "description": "The silhouette of Monte Br\u00e8 with residential buildings scattered across its slopes, viewed from Lugano under various lighting and cloud conditions.",
        "photo_path": "foto/montebre/3716927377789170065_01.jpg",
        "cluster_size": 7
      }
    },
    {
      "type": "Feature",
      "geometry": {
        "type": "Point",
        "coordinates": [
          8.986811078564799,
          46.006707387804795
        ]
      },
      "properties": {
        "cluster_id": 13,
        "location": "montebre",
        "label": "View of Monte Br\u00e8",
        "description": "The silhouette of Monte Br\u00e8 with residential buildings scattered across its slopes, viewed from Lugano under various lighting and cloud conditions.",
        "photo_path": "foto/montebre/3081409581574099801_01.jpg",
        "cluster_size": 7
      }
    },
    {
      "type": "Feature",
      "geometry": {
        "type": "Point",
        "coordinates": [
          8.986909476691823,
          46.006678424189744
        ]
      },
      "properties": {
        "cluster_id": 13,
        "location": "montebre",
        "label": "View of Monte Br\u00e8",
        "description": "The silhouette of Monte Br\u00e8 with residential buildings scattered across its slopes, viewed from Lugano under various lighting and cloud conditions.",
        "photo_path": "foto/montebre/3671653647562282551_01.jpg",
        "cluster_size": 7
      }
    },
    {
      "type": "Feature",
      "geometry": {
        "type": "Point",
        "coordinates": [
          8.98699602656383,
          46.00689617240647
        ]
      },
      "properties": {
        "cluster_id": 13,
        "location": "montebre",
        "label": "View of Monte Br\u00e8",
        "description": "The silhouette of Monte Br\u00e8 with residential buildings scattered across its slopes, viewed from Lugano under various lighting and cloud conditions.",
        "photo_path": "foto/montebre/3535017916081847540_01.jpg",
        "cluster_size": 7
      }
    },
    {
      "type": "Feature",
      "geometry": {
        "type": "Point",
        "coordinates": [
          8.987164227114492,
          46.006725782577256
        ]
      },
      "properties": {
        "cluster_id": 8,
        "location": "montebre",
        "label": "Iconic red park benches",
        "description": "Distinctive bright red slatted benches found throughout Parco Ciani in Lugano, frequently used as a resting spot and photo backdrop.",
        "photo_path": "foto/montebre/3110718217177505080_01.jpg",
        "cluster_size": 7
      }
    },
    {
      "type": "Feature",
      "geometry": {
        "type": "Point",
        "coordinates": [
          8.987312535892029,
          46.006718611193435
        ]
      },
      "properties": {
        "cluster_id": 8,
        "location": "montebre",
        "label": "Iconic red park benches",
        "description": "Distinctive bright red slatted benches found throughout Parco Ciani in Lugano, frequently used as a resting spot and photo backdrop.",
        "photo_path": "foto/montebre/3573724713810217569_01.jpg",
        "cluster_size": 7
      }
    },
    {
      "type": "Feature",
      "geometry": {
        "type": "Point",
        "coordinates": [
          8.987117943696047,
          46.00665858850802
        ]
      },
      "properties": {
        "cluster_id": 8,
        "location": "montebre",
        "label": "Iconic red park benches",
        "description": "Distinctive bright red slatted benches found throughout Parco Ciani in Lugano, frequently used as a resting spot and photo backdrop.",
        "photo_path": "foto/montebre/3271263262317422643_01.jpg",
        "cluster_size": 7
      }
    },
    {
      "type": "Feature",
      "geometry": {
        "type": "Point",
        "coordinates": [
          8.986921511671422,
          46.006647793803154
        ]
      },
      "properties": {
        "cluster_id": 8,
        "location": "montebre",
        "label": "Iconic red park benches",
        "description": "Distinctive bright red slatted benches found throughout Parco Ciani in Lugano, frequently used as a resting spot and photo backdrop.",
        "photo_path": "foto/montebre/3149055206805043225_01.jpg",
        "cluster_size": 7
      }
    },
    {
      "type": "Feature",
      "geometry": {
        "type": "Point",
        "coordinates": [
          8.987087901804314,
          46.0066595687126
        ]
      },
      "properties": {
        "cluster_id": 8,
        "location": "montebre",
        "label": "Iconic red park benches",
        "description": "Distinctive bright red slatted benches found throughout Parco Ciani in Lugano, frequently used as a resting spot and photo backdrop.",
        "photo_path": "foto/montebre/3432087637164569159_01.jpg",
        "cluster_size": 7
      }
    },
    {
      "type": "Feature",
      "geometry": {
        "type": "Point",
        "coordinates": [
          8.987002905174911,
          46.00667600716903
        ]
      },
      "properties": {
        "cluster_id": 8,
        "location": "montebre",
        "label": "Iconic red park benches",
        "description": "Distinctive bright red slatted benches found throughout Parco Ciani in Lugano, frequently used as a resting spot and photo backdrop.",
        "photo_path": "foto/montebre/3208213336581785498_01.jpg",
        "cluster_size": 7
      }
    },
    {
      "type": "Feature",
      "geometry": {
        "type": "Point",
        "coordinates": [
          8.98708192715502,
          46.00658798777811
        ]
      },
      "properties": {
        "cluster_id": 8,
        "location": "montebre",
        "label": "Iconic red park benches",
        "description": "Distinctive bright red slatted benches found throughout Parco Ciani in Lugano, frequently used as a resting spot and photo backdrop.",
        "photo_path": "foto/montebre/3490360083188249354_01.jpg",
        "cluster_size": 7
      }
    },
    {
      "type": "Feature",
      "geometry": {
        "type": "Point",
        "coordinates": [
          8.987259319527954,
          46.00661114122829
        ]
      },
      "properties": {
        "cluster_id": 21,
        "location": "montebre",
        "label": "Parco Ciani lakeside flower beds",
        "description": "Vibrant flower beds at the edge of Parco Ciani in Lugano, overlooking Lake Lugano with Monte San Salvatore in the background.",
        "photo_path": "foto/montebre/3142538868355683668_01.jpg",
        "cluster_size": 6
      }
    },
    {
      "type": "Feature",
      "geometry": {
        "type": "Point",
        "coordinates": [
          8.986971718507602,
          46.006754128627115
        ]
      },
      "properties": {
        "cluster_id": 21,
        "location": "montebre",
        "label": "Parco Ciani lakeside flower beds",
        "description": "Vibrant flower beds at the edge of Parco Ciani in Lugano, overlooking Lake Lugano with Monte San Salvatore in the background.",
        "photo_path": "foto/montebre/3171307425494640673_01.jpg",
        "cluster_size": 6
      }
    },
    {
      "type": "Feature",
      "geometry": {
        "type": "Point",
        "coordinates": [
          8.987063201040973,
          46.006718844948736
        ]
      },
      "properties": {
        "cluster_id": 21,
        "location": "montebre",
        "label": "Parco Ciani lakeside flower beds",
        "description": "Vibrant flower beds at the edge of Parco Ciani in Lugano, overlooking Lake Lugano with Monte San Salvatore in the background.",
        "photo_path": "foto/montebre/3152326883730465993_01.jpg",
        "cluster_size": 6
      }
    },
    {
      "type": "Feature",
      "geometry": {
        "type": "Point",
        "coordinates": [
          8.98733459075972,
          46.00677545608274
        ]
      },
      "properties": {
        "cluster_id": 21,
        "location": "montebre",
        "label": "Parco Ciani lakeside flower beds",
        "description": "Vibrant flower beds at the edge of Parco Ciani in Lugano, overlooking Lake Lugano with Monte San Salvatore in the background.",
        "photo_path": "foto/montebre/3230207813429194586_01.jpg",
        "cluster_size": 6
      }
    },
    {
      "type": "Feature",
      "geometry": {
        "type": "Point",
        "coordinates": [
          8.987175665745204,
          46.00657776716562
        ]
      },
      "properties": {
        "cluster_id": 21,
        "location": "montebre",
        "label": "Parco Ciani lakeside flower beds",
        "description": "Vibrant flower beds at the edge of Parco Ciani in Lugano, overlooking Lake Lugano with Monte San Salvatore in the background.",
        "photo_path": "foto/montebre/3151334999368672444_01.jpg",
        "cluster_size": 6
      }
    },
    {
      "type": "Feature",
      "geometry": {
        "type": "Point",
        "coordinates": [
          8.987247813984203,
          46.00673227524437
        ]
      },
      "properties": {
        "cluster_id": 21,
        "location": "montebre",
        "label": "Parco Ciani lakeside flower beds",
        "description": "Vibrant flower beds at the edge of Parco Ciani in Lugano, overlooking Lake Lugano with Monte San Salvatore in the background.",
        "photo_path": "foto/montebre/3186564715281863986_01.jpg",
        "cluster_size": 6
      }
    },
    {
      "type": "Feature",
      "geometry": {
        "type": "Point",
        "coordinates": [
          8.987121167852273,
          46.00681384277166
        ]
      },
      "properties": {
        "cluster_id": 17,
        "location": "montebre",
        "label": "Statue of Dying Socrates",
        "description": "A white marble sculpture by Mark Antokolsky depicting the philosopher Socrates in his final moments, slumped in a seated position. It is a prominent landmark located within Parco Ciani in Lugano, Switzerland.",
        "photo_path": "foto/montebre/3673693542304203793_01.jpg",
        "cluster_size": 6
      }
    },
    {
      "type": "Feature",
      "geometry": {
        "type": "Point",
        "coordinates": [
          8.9871154541713,
          46.00676589227041
        ]
      },
      "properties": {
        "cluster_id": 17,
        "location": "montebre",
        "label": "Statue of Dying Socrates",
        "description": "A white marble sculpture by Mark Antokolsky depicting the philosopher Socrates in his final moments, slumped in a seated position. It is a prominent landmark located within Parco Ciani in Lugano, Switzerland.",
        "photo_path": "foto/montebre/3499143957777306957_01.jpg",
        "cluster_size": 6
      }
    },
    {
      "type": "Feature",
      "geometry": {
        "type": "Point",
        "coordinates": [
          8.98722145449122,
          46.00689157344827
        ]
      },
      "properties": {
        "cluster_id": 17,
        "location": "montebre",
        "label": "Statue of Dying Socrates",
        "description": "A white marble sculpture by Mark Antokolsky depicting the philosopher Socrates in his final moments, slumped in a seated position. It is a prominent landmark located within Parco Ciani in Lugano, Switzerland.",
        "photo_path": "foto/montebre/3644567600767776997_01.jpg",
        "cluster_size": 6
      }
    },
    {
      "type": "Feature",
      "geometry": {
        "type": "Point",
        "coordinates": [
          8.98721082350073,
          46.006965914308374
        ]
      },
      "properties": {
        "cluster_id": 17,
        "location": "montebre",
        "label": "Statue of Dying Socrates",
        "description": "A white marble sculpture by Mark Antokolsky depicting the philosopher Socrates in his final moments, slumped in a seated position. It is a prominent landmark located within Parco Ciani in Lugano, Switzerland.",
        "photo_path": "foto/montebre/3189002079552502672_01.jpg",
        "cluster_size": 6
      }
    },
    {
      "type": "Feature",
      "geometry": {
        "type": "Point",
        "coordinates": [
          8.987022377304172,
          46.006730815438765
        ]
      },
      "properties": {
        "cluster_id": 17,
        "location": "montebre",
        "label": "Statue of Dying Socrates",
        "description": "A white marble sculpture by Mark Antokolsky depicting the philosopher Socrates in his final moments, slumped in a seated position. It is a prominent landmark located within Parco Ciani in Lugano, Switzerland.",
        "photo_path": "foto/montebre/3747758861038980113_01.jpg",
        "cluster_size": 6
      }
    },
    {
      "type": "Feature",
      "geometry": {
        "type": "Point",
        "coordinates": [
          8.98701324434891,
          46.006632190852336
        ]
      },
      "properties": {
        "cluster_id": 17,
        "location": "montebre",
        "label": "Statue of Dying Socrates",
        "description": "A white marble sculpture by Mark Antokolsky depicting the philosopher Socrates in his final moments, slumped in a seated position. It is a prominent landmark located within Parco Ciani in Lugano, Switzerland.",
        "photo_path": "foto/montebre/3489282321074694662_01.jpg",
        "cluster_size": 6
      }
    },
    {
      "type": "Feature",
      "geometry": {
        "type": "Point",
        "coordinates": [
          8.987328868439514,
          46.00687953936182
        ]
      },
      "properties": {
        "cluster_id": 14,
        "location": "montebre",
        "label": "Lake Lugano and mountain views",
        "description": "Portraits of visitors featuring the iconic scenic backdrop of Lake Lugano and its surrounding mountains from Parco Ciani.",
        "photo_path": "foto/montebre/3605018124501025551_01.jpg",
        "cluster_size": 6
      }
    },
    {
      "type": "Feature",
      "geometry": {
        "type": "Point",
        "coordinates": [
          8.987378969324576,
          46.00671302428497
        ]
      },
      "properties": {
        "cluster_id": 14,
        "location": "montebre",
        "label": "Lake Lugano and mountain views",
        "description": "Portraits of visitors featuring the iconic scenic backdrop of Lake Lugano and its surrounding mountains from Parco Ciani.",
        "photo_path": "foto/montebre/3605018337286417868_01.jpg",
        "cluster_size": 6
      }
    },
    {
      "type": "Feature",
      "geometry": {
        "type": "Point",
        "coordinates": [
          8.9872819295572,
          46.0068119548841
        ]
      },
      "properties": {
        "cluster_id": 14,
        "location": "montebre",
        "label": "Lake Lugano and mountain views",
        "description": "Portraits of visitors featuring the iconic scenic backdrop of Lake Lugano and its surrounding mountains from Parco Ciani.",
        "photo_path": "foto/montebre/3605018659996154210_01.jpg",
        "cluster_size": 6
      }
    },
    {
      "type": "Feature",
      "geometry": {
        "type": "Point",
        "coordinates": [
          8.987379202896099,
          46.00700071899941
        ]
      },
      "properties": {
        "cluster_id": 14,
        "location": "montebre",
        "label": "Lake Lugano and mountain views",
        "description": "Portraits of visitors featuring the iconic scenic backdrop of Lake Lugano and its surrounding mountains from Parco Ciani.",
        "photo_path": "foto/montebre/3548455868468113775_01.jpg",
        "cluster_size": 6
      }
    },
    {
      "type": "Feature",
      "geometry": {
        "type": "Point",
        "coordinates": [
          8.987147313481836,
          46.006831281947505
        ]
      },
      "properties": {
        "cluster_id": 14,
        "location": "montebre",
        "label": "Lake Lugano and mountain views",
        "description": "Portraits of visitors featuring the iconic scenic backdrop of Lake Lugano and its surrounding mountains from Parco Ciani.",
        "photo_path": "foto/montebre/3614394820698141738_01.jpg",
        "cluster_size": 6
      }
    },
    {
      "type": "Feature",
      "geometry": {
        "type": "Point",
        "coordinates": [
          8.987169625169445,
          46.006661616654405
        ]
      },
      "properties": {
        "cluster_id": 14,
        "location": "montebre",
        "label": "Lake Lugano and mountain views",
        "description": "Portraits of visitors featuring the iconic scenic backdrop of Lake Lugano and its surrounding mountains from Parco Ciani.",
        "photo_path": "foto/montebre/3569964790866486291_01.jpg",
        "cluster_size": 6
      }
    },
    {
      "type": "Feature",
      "geometry": {
        "type": "Point",
        "coordinates": [
          8.987162547854277,
          46.00690637229161
        ]
      },
      "properties": {
        "cluster_id": 6,
        "location": "montebre",
        "label": "Lagoon Punk Rock Fest posters",
        "description": "A collection of promotional posters and schedule flyers for the Lagoon Punk Rock Fest 2025, featuring stylized monster illustrations.",
        "photo_path": "foto/montebre/3704694346972655805_01.jpg",
        "cluster_size": 6
      }
    },
    {
      "type": "Feature",
      "geometry": {
        "type": "Point",
        "coordinates": [
          8.987300541852006,
          46.006913568081856
        ]
      },
      "properties": {
        "cluster_id": 6,
        "location": "montebre",
        "label": "Lagoon Punk Rock Fest posters",
        "description": "A collection of promotional posters and schedule flyers for the Lagoon Punk Rock Fest 2025, featuring stylized monster illustrations.",
        "photo_path": "foto/montebre/3704695180305325078_01.jpg",
        "cluster_size": 6
      }
    },
    {
      "type": "Feature",
      "geometry": {
        "type": "Point",
        "coordinates": [
          8.987206276257709,
          46.00690513573819
        ]
      },
      "properties": {
        "cluster_id": 6,
        "location": "montebre",
        "label": "Lagoon Punk Rock Fest posters",
        "description": "A collection of promotional posters and schedule flyers for the Lagoon Punk Rock Fest 2025, featuring stylized monster illustrations.",
        "photo_path": "foto/montebre/3706887380235989448_01.jpg",
        "cluster_size": 6
      }
    },
    {
      "type": "Feature",
      "geometry": {
        "type": "Point",
        "coordinates": [
          8.987347890133224,
          46.006940587148435
        ]
      },
      "properties": {
        "cluster_id": 6,
        "location": "montebre",
        "label": "Lagoon Punk Rock Fest posters",
        "description": "A collection of promotional posters and schedule flyers for the Lagoon Punk Rock Fest 2025, featuring stylized monster illustrations.",
        "photo_path": "foto/montebre/3663433848730032291_01.jpg",
        "cluster_size": 6
      }
    },
    {
      "type": "Feature",
      "geometry": {
        "type": "Point",
        "coordinates": [
          8.987473558455928,
          46.00682715888273
        ]
      },
      "properties": {
        "cluster_id": 6,
        "location": "montebre",
        "label": "Lagoon Punk Rock Fest posters",
        "description": "A collection of promotional posters and schedule flyers for the Lagoon Punk Rock Fest 2025, featuring stylized monster illustrations.",
        "photo_path": "foto/montebre/3861194855842369473_01.jpg",
        "cluster_size": 6
      }
    },
    {
      "type": "Feature",
      "geometry": {
        "type": "Point",
        "coordinates": [
          8.98729301955176,
          46.006916511220126
        ]
      },
      "properties": {
        "cluster_id": 6,
        "location": "montebre",
        "label": "Lagoon Punk Rock Fest posters",
        "description": "A collection of promotional posters and schedule flyers for the Lagoon Punk Rock Fest 2025, featuring stylized monster illustrations.",
        "photo_path": "foto/montebre/3650999679970545494_01.jpg",
        "cluster_size": 6
      }
    }
  ]
}